# 3ds Max Wavefront OBJ Exporter v0.99 - (c)2007 guruware
# File Created: 10.12.2025 12:25:02

mtllib p1-win.mtl

#
# object TextPlus001
#

v  -89.9085 0.0010 -2.6862
v  -89.9085 0.0000 -2.6862
v  -87.6902 0.0000 -2.6862
v  -87.6902 0.0010 -2.6862
v  -84.3199 0.0000 -14.8929
v  -84.3199 0.0010 -14.8929
v  -83.8300 0.0000 -16.7765
v  -83.8300 0.0010 -16.7765
v  -83.3120 0.0000 -14.8964
v  -83.3120 0.0010 -14.8964
v  -79.9503 0.0000 -2.6862
v  -79.9503 0.0010 -2.6862
v  -77.8761 0.0000 -2.6862
v  -77.8761 0.0010 -2.6862
v  -73.5175 0.0000 -18.7112
v  -73.5175 0.0010 -18.7112
v  -75.6480 0.0000 -18.7112
v  -75.6480 0.0010 -18.7112
v  -78.1460 0.0000 -8.4058
v  -78.1460 0.0010 -8.4058
v  -78.9550 0.0000 -4.9272
v  -78.9550 0.0010 -4.9272
v  -79.1003 0.0000 -5.8215
v  -79.1003 0.0010 -5.8215
v  -79.2709 0.0000 -6.7361
v  -79.2709 0.0010 -6.7361
v  -79.4667 0.0000 -7.6710
v  -79.4667 0.0010 -7.6710
v  -79.6878 0.0000 -8.6262
v  -79.6878 0.0010 -8.6262
v  -79.9342 0.0000 -9.6017
v  -79.9342 0.0010 -9.6017
v  -80.2058 0.0000 -10.5975
v  -80.2058 0.0010 -10.5975
v  -82.4972 0.0000 -18.7112
v  -82.4972 0.0010 -18.7112
v  -85.0534 0.0000 -18.7112
v  -85.0534 0.0010 -18.7112
v  -88.0976 0.0000 -7.8831
v  -88.0976 0.0010 -7.8831
v  -88.8300 0.0000 -4.9272
v  -88.8300 0.0010 -4.9272
v  -89.5132 0.0000 -8.2026
v  -89.5132 0.0010 -8.2026
v  -91.9206 0.0000 -18.7112
v  -91.9206 0.0010 -18.7112
v  -94.1175 0.0000 -18.7112
v  -94.1175 0.0010 -18.7112
v  -77.8761 3.0010 -2.6862
v  -73.5175 3.0010 -18.7112
v  -75.6480 3.0010 -18.7112
v  -78.1460 3.0010 -8.4058
v  -78.9550 3.0010 -4.9272
v  -79.9503 3.0010 -2.6862
v  -83.3120 3.0010 -14.8964
v  -79.1003 3.0010 -5.8215
v  -79.2709 3.0010 -6.7361
v  -79.4667 3.0010 -7.6710
v  -79.6878 3.0010 -8.6262
v  -79.9342 3.0010 -9.6017
v  -80.2058 3.0010 -10.5975
v  -82.4972 3.0010 -18.7112
v  -83.8300 3.0010 -16.7765
v  -85.0534 3.0010 -18.7112
v  -88.0976 3.0010 -7.8831
v  -84.3199 3.0010 -14.8929
v  -87.6902 3.0010 -2.6862
v  -88.8300 3.0010 -4.9272
v  -89.9085 3.0010 -2.6862
v  -94.1175 3.0010 -18.7112
v  -89.5132 3.0010 -8.2026
v  -91.9206 3.0010 -18.7112
v  -71.7925 0.0010 -16.4612
v  -71.7925 0.0000 -16.4612
v  -69.8175 0.0000 -16.4612
v  -69.8175 0.0010 -16.4612
v  -69.8175 0.0000 -18.7112
v  -69.8175 0.0010 -18.7112
v  -71.7925 0.0000 -18.7112
v  -71.7925 0.0010 -18.7112
v  -71.7925 0.0010 -2.6862
v  -71.7925 0.0000 -2.6862
v  -69.8175 0.0000 -2.6862
v  -69.8175 0.0010 -2.6862
v  -69.8175 0.0000 -14.3112
v  -69.8175 0.0010 -14.3112
v  -71.7925 0.0000 -14.3112
v  -71.7925 0.0010 -14.3112
v  -69.8175 3.0010 -18.7112
v  -71.7925 3.0010 -18.7112
v  -71.7925 3.0010 -16.4612
v  -69.8175 3.0010 -16.4612
v  -69.8175 3.0010 -14.3112
v  -71.7925 3.0010 -14.3112
v  -71.7925 3.0010 -2.6862
v  -69.8175 3.0010 -2.6862
v  -66.8175 0.0010 -2.6862
v  -66.8175 0.0000 -2.6862
v  -64.8425 0.0000 -2.6862
v  -64.8425 0.0010 -2.6862
v  -64.8425 0.0000 -9.0319
v  -64.8425 0.0010 -9.0319
v  -64.8173 0.0000 -9.7361
v  -64.8173 0.0010 -9.7361
v  -64.7415 0.0000 -10.3607
v  -64.7415 0.0010 -10.3607
v  -64.6153 0.0000 -10.9056
v  -64.6153 0.0010 -10.9056
v  -64.4386 0.0000 -11.3709
v  -64.4386 0.0010 -11.3709
v  -64.2114 0.0000 -11.7566
v  -64.2114 0.0010 -11.7566
v  -63.9337 0.0000 -12.0626
v  -63.9337 0.0010 -12.0626
v  -63.6213 0.0000 -12.3066
v  -63.6213 0.0010 -12.3066
v  -63.2897 0.0000 -12.5063
v  -63.2897 0.0010 -12.5063
v  -62.9391 0.0000 -12.6616
v  -62.9391 0.0010 -12.6616
v  -62.5695 0.0000 -12.7725
v  -62.5695 0.0010 -12.7725
v  -62.1808 0.0000 -12.8390
v  -62.1808 0.0010 -12.8390
v  -61.7730 0.0000 -12.8612
v  -61.7730 0.0010 -12.8612
v  -61.5174 0.0000 -12.8513
v  -61.5174 0.0010 -12.8513
v  -61.2729 0.0000 -12.8217
v  -61.2729 0.0010 -12.8217
v  -61.0397 0.0000 -12.7723
v  -61.0397 0.0010 -12.7723
v  -60.8176 0.0000 -12.7031
v  -60.8176 0.0010 -12.7031
v  -60.6067 0.0000 -12.6142
v  -60.6067 0.0010 -12.6142
v  -60.4070 0.0000 -12.5056
v  -60.4070 0.0010 -12.5056
v  -60.2226 0.0000 -12.3803
v  -60.2226 0.0010 -12.3803
v  -60.0580 0.0000 -12.2417
v  -60.0580 0.0010 -12.2417
v  -59.9130 0.0000 -12.0898
v  -59.9130 0.0010 -12.0898
v  -59.7877 0.0000 -11.9245
v  -59.7877 0.0010 -11.9245
v  -59.6820 0.0000 -11.7458
v  -59.6820 0.0010 -11.7458
v  -59.5960 0.0000 -11.5538
v  -59.5960 0.0010 -11.5538
v  -59.5262 0.0000 -11.3382
v  -59.5262 0.0010 -11.3382
v  -59.4691 0.0000 -11.0889
v  -59.4691 0.0010 -11.0889
v  -59.4246 0.0000 -10.8058
v  -59.4246 0.0010 -10.8058
v  -59.3929 0.0000 -10.4890
v  -59.3929 0.0010 -10.4890
v  -59.3739 0.0000 -10.1385
v  -59.3739 0.0010 -10.1385
v  -59.3675 0.0000 -9.7542
v  -59.3675 0.0010 -9.7542
v  -59.3675 0.0000 -2.6862
v  -59.3675 0.0010 -2.6862
v  -57.3925 0.0000 -2.6862
v  -57.3925 0.0010 -2.6862
v  -57.3925 0.0000 -9.8265
v  -57.3925 0.0010 -9.8265
v  -57.3955 0.0000 -10.2593
v  -57.3955 0.0010 -10.2593
v  -57.4046 0.0000 -10.6465
v  -57.4046 0.0010 -10.6465
v  -57.4198 0.0000 -10.9883
v  -57.4198 0.0010 -10.9883
v  -57.4409 0.0000 -11.2844
v  -57.4409 0.0010 -11.2844
v  -57.4682 0.0000 -11.5351
v  -57.4682 0.0010 -11.5351
v  -57.5015 0.0000 -11.7401
v  -57.5015 0.0010 -11.7401
v  -57.5670 0.0000 -12.0144
v  -57.5670 0.0010 -12.0144
v  -57.6470 0.0000 -12.2758
v  -57.6470 0.0010 -12.2758
v  -57.7416 0.0000 -12.5246
v  -57.7416 0.0010 -12.5246
v  -57.8507 0.0000 -12.7606
v  -57.8507 0.0010 -12.7606
v  -57.9744 0.0000 -12.9839
v  -57.9744 0.0010 -12.9839
v  -58.1126 0.0000 -13.1944
v  -58.1126 0.0010 -13.1944
v  -58.2704 0.0000 -13.3921
v  -58.2704 0.0010 -13.3921
v  -58.4528 0.0000 -13.5766
v  -58.4528 0.0010 -13.5766
v  -58.6596 0.0000 -13.7481
v  -58.6596 0.0010 -13.7481
v  -58.8911 0.0000 -13.9065
v  -58.8911 0.0010 -13.9065
v  -59.1471 0.0000 -14.0518
v  -59.1471 0.0010 -14.0518
v  -59.4277 0.0000 -14.1841
v  -59.4277 0.0010 -14.1841
v  -59.7252 0.0000 -14.2993
v  -59.7252 0.0010 -14.2993
v  -60.0321 0.0000 -14.3936
v  -60.0321 0.0010 -14.3936
v  -60.3485 0.0000 -14.4669
v  -60.3485 0.0010 -14.4669
v  -60.6742 0.0000 -14.5193
v  -60.6742 0.0010 -14.5193
v  -61.0093 0.0000 -14.5507
v  -61.0093 0.0010 -14.5507
v  -61.3538 0.0000 -14.5612
v  -61.3538 0.0010 -14.5612
v  -62.1262 0.0000 -14.5085
v  -62.1262 0.0010 -14.5085
v  -62.8356 0.0000 -14.3502
v  -62.8356 0.0010 -14.3502
v  -63.4819 0.0000 -14.0863
v  -63.4819 0.0010 -14.0863
v  -64.0651 0.0000 -13.7169
v  -64.0651 0.0010 -13.7169
v  -64.5853 0.0000 -13.2420
v  -64.5853 0.0010 -13.2420
v  -65.0425 0.0000 -12.6616
v  -65.0425 0.0010 -12.6616
v  -65.0425 0.0000 -14.3112
v  -65.0425 0.0010 -14.3112
v  -66.8175 0.0000 -14.3112
v  -66.8175 0.0010 -14.3112
v  -65.0425 3.0010 -14.3112
v  -66.8175 3.0010 -14.3112
v  -66.8175 3.0010 -2.6862
v  -65.0425 3.0010 -12.6616
v  -64.8425 3.0010 -2.6862
v  -64.8425 3.0010 -9.0319
v  -64.8173 3.0010 -9.7361
v  -64.7415 3.0010 -10.3607
v  -64.6153 3.0010 -10.9056
v  -64.4386 3.0010 -11.3709
v  -64.2114 3.0010 -11.7566
v  -63.9337 3.0010 -12.0626
v  -64.5853 3.0010 -13.2420
v  -63.6213 3.0010 -12.3066
v  -64.0651 3.0010 -13.7169
v  -63.2897 3.0010 -12.5063
v  -63.4819 3.0010 -14.0863
v  -62.9391 3.0010 -12.6616
v  -59.3675 3.0010 -2.6862
v  -57.3925 3.0010 -2.6862
v  -57.3925 3.0010 -9.8265
v  -59.3675 3.0010 -9.7542
v  -59.3739 3.0010 -10.1385
v  -57.3955 3.0010 -10.2593
v  -59.3929 3.0010 -10.4890
v  -57.4046 3.0010 -10.6465
v  -59.4246 3.0010 -10.8058
v  -57.4198 3.0010 -10.9883
v  -57.4409 3.0010 -11.2844
v  -59.4691 3.0010 -11.0889
v  -57.4682 3.0010 -11.5351
v  -59.5262 3.0010 -11.3382
v  -57.5015 3.0010 -11.7401
v  -57.5670 3.0010 -12.0144
v  -59.5960 3.0010 -11.5538
v  -57.6470 3.0010 -12.2758
v  -57.7416 3.0010 -12.5246
v  -59.6820 3.0010 -11.7458
v  -57.8507 3.0010 -12.7606
v  -57.9744 3.0010 -12.9839
v  -59.7877 3.0010 -11.9245
v  -58.1126 3.0010 -13.1944
v  -58.2704 3.0010 -13.3921
v  -59.9130 3.0010 -12.0898
v  -58.4528 3.0010 -13.5766
v  -58.6596 3.0010 -13.7481
v  -60.0580 3.0010 -12.2417
v  -58.8911 3.0010 -13.9065
v  -59.1471 3.0010 -14.0518
v  -60.2226 3.0010 -12.3803
v  -59.4277 3.0010 -14.1841
v  -60.4070 3.0010 -12.5056
v  -59.7252 3.0010 -14.2993
v  -60.6067 3.0010 -12.6142
v  -60.0321 3.0010 -14.3936
v  -60.8176 3.0010 -12.7031
v  -60.3485 3.0010 -14.4669
v  -60.6742 3.0010 -14.5193
v  -61.0397 3.0010 -12.7723
v  -61.0093 3.0010 -14.5507
v  -61.2729 3.0010 -12.8217
v  -61.3538 3.0010 -14.5612
v  -61.5174 3.0010 -12.8513
v  -62.1262 3.0010 -14.5085
v  -61.7730 3.0010 -12.8612
v  -62.1808 3.0010 -12.8390
v  -62.8356 3.0010 -14.3502
v  -62.5695 3.0010 -12.7725
v  -54.3675 0.0010 -2.6862
v  -54.3675 0.0000 -2.6862
v  -52.3925 0.0000 -2.6862
v  -52.3925 0.0010 -2.6862
v  -52.3925 0.0000 -9.0319
v  -52.3925 0.0010 -9.0319
v  -52.3673 0.0000 -9.7361
v  -52.3673 0.0010 -9.7361
v  -52.2915 0.0000 -10.3607
v  -52.2915 0.0010 -10.3607
v  -52.1653 0.0000 -10.9056
v  -52.1653 0.0010 -10.9056
v  -51.9886 0.0000 -11.3709
v  -51.9886 0.0010 -11.3709
v  -51.7614 0.0000 -11.7566
v  -51.7614 0.0010 -11.7566
v  -51.4837 0.0000 -12.0626
v  -51.4837 0.0010 -12.0626
v  -51.1713 0.0000 -12.3066
v  -51.1713 0.0010 -12.3066
v  -50.8397 0.0000 -12.5063
v  -50.8397 0.0010 -12.5063
v  -50.4891 0.0000 -12.6616
v  -50.4891 0.0010 -12.6616
v  -50.1195 0.0000 -12.7725
v  -50.1195 0.0010 -12.7725
v  -49.7308 0.0000 -12.8390
v  -49.7308 0.0010 -12.8390
v  -49.3230 0.0000 -12.8612
v  -49.3230 0.0010 -12.8612
v  -49.0674 0.0000 -12.8513
v  -49.0674 0.0010 -12.8513
v  -48.8229 0.0000 -12.8217
v  -48.8229 0.0010 -12.8217
v  -48.5897 0.0000 -12.7723
v  -48.5897 0.0010 -12.7723
v  -48.3676 0.0000 -12.7031
v  -48.3676 0.0010 -12.7031
v  -48.1567 0.0000 -12.6142
v  -48.1567 0.0010 -12.6142
v  -47.9570 0.0000 -12.5056
v  -47.9570 0.0010 -12.5056
v  -47.7727 0.0000 -12.3803
v  -47.7727 0.0010 -12.3803
v  -47.6080 0.0000 -12.2417
v  -47.6080 0.0010 -12.2417
v  -47.4630 0.0000 -12.0898
v  -47.4630 0.0010 -12.0898
v  -47.3377 0.0000 -11.9245
v  -47.3377 0.0010 -11.9245
v  -47.2320 0.0000 -11.7458
v  -47.2320 0.0010 -11.7458
v  -47.1460 0.0000 -11.5538
v  -47.1460 0.0010 -11.5538
v  -47.0762 0.0000 -11.3382
v  -47.0762 0.0010 -11.3382
v  -47.0191 0.0000 -11.0889
v  -47.0191 0.0010 -11.0889
v  -46.9746 0.0000 -10.8058
v  -46.9746 0.0010 -10.8058
v  -46.9429 0.0000 -10.4890
v  -46.9429 0.0010 -10.4890
v  -46.9239 0.0000 -10.1385
v  -46.9239 0.0010 -10.1385
v  -46.9175 0.0000 -9.7542
v  -46.9175 0.0010 -9.7542
v  -46.9175 0.0000 -2.6862
v  -46.9175 0.0010 -2.6862
v  -44.9425 0.0000 -2.6862
v  -44.9425 0.0010 -2.6862
v  -44.9425 0.0000 -9.8265
v  -44.9425 0.0010 -9.8265
v  -44.9455 0.0000 -10.2593
v  -44.9455 0.0010 -10.2593
v  -44.9546 0.0000 -10.6465
v  -44.9546 0.0010 -10.6465
v  -44.9698 0.0000 -10.9883
v  -44.9698 0.0010 -10.9883
v  -44.9909 0.0000 -11.2844
v  -44.9909 0.0010 -11.2844
v  -45.0182 0.0000 -11.5351
v  -45.0182 0.0010 -11.5351
v  -45.0515 0.0000 -11.7401
v  -45.0515 0.0010 -11.7401
v  -45.1170 0.0000 -12.0144
v  -45.1170 0.0010 -12.0144
v  -45.1970 0.0000 -12.2758
v  -45.1970 0.0010 -12.2758
v  -45.2916 0.0000 -12.5246
v  -45.2916 0.0010 -12.5246
v  -45.4007 0.0000 -12.7606
v  -45.4007 0.0010 -12.7606
v  -45.5244 0.0000 -12.9839
v  -45.5244 0.0010 -12.9839
v  -45.6626 0.0000 -13.1944
v  -45.6626 0.0010 -13.1944
v  -45.8204 0.0000 -13.3921
v  -45.8204 0.0010 -13.3921
v  -46.0028 0.0000 -13.5766
v  -46.0028 0.0010 -13.5766
v  -46.2096 0.0000 -13.7481
v  -46.2096 0.0010 -13.7481
v  -46.4411 0.0000 -13.9065
v  -46.4411 0.0010 -13.9065
v  -46.6971 0.0000 -14.0518
v  -46.6971 0.0010 -14.0518
v  -46.9777 0.0000 -14.1841
v  -46.9777 0.0010 -14.1841
v  -47.2752 0.0000 -14.2993
v  -47.2752 0.0010 -14.2993
v  -47.5821 0.0000 -14.3936
v  -47.5821 0.0010 -14.3936
v  -47.8985 0.0000 -14.4669
v  -47.8985 0.0010 -14.4669
v  -48.2242 0.0000 -14.5193
v  -48.2242 0.0010 -14.5193
v  -48.5593 0.0000 -14.5507
v  -48.5593 0.0010 -14.5507
v  -48.9038 0.0000 -14.5612
v  -48.9038 0.0010 -14.5612
v  -49.6762 0.0000 -14.5085
v  -49.6762 0.0010 -14.5085
v  -50.3856 0.0000 -14.3502
v  -50.3856 0.0010 -14.3502
v  -51.0319 0.0000 -14.0863
v  -51.0319 0.0010 -14.0863
v  -51.6151 0.0000 -13.7169
v  -51.6151 0.0010 -13.7169
v  -52.1353 0.0000 -13.2420
v  -52.1353 0.0010 -13.2420
v  -52.5925 0.0000 -12.6616
v  -52.5925 0.0010 -12.6616
v  -52.5925 0.0000 -14.3112
v  -52.5925 0.0010 -14.3112
v  -54.3675 0.0000 -14.3112
v  -54.3675 0.0010 -14.3112
v  -52.5925 3.0010 -14.3112
v  -54.3675 3.0010 -14.3112
v  -54.3675 3.0010 -2.6862
v  -52.5925 3.0010 -12.6616
v  -52.3925 3.0010 -2.6862
v  -52.3925 3.0010 -9.0319
v  -52.3673 3.0010 -9.7361
v  -52.2915 3.0010 -10.3607
v  -52.1653 3.0010 -10.9056
v  -51.9886 3.0010 -11.3709
v  -51.7614 3.0010 -11.7566
v  -51.4837 3.0010 -12.0626
v  -52.1353 3.0010 -13.2420
v  -51.1713 3.0010 -12.3066
v  -51.6151 3.0010 -13.7169
v  -50.8397 3.0010 -12.5063
v  -51.0319 3.0010 -14.0863
v  -50.4891 3.0010 -12.6616
v  -46.9175 3.0010 -2.6862
v  -44.9425 3.0010 -2.6862
v  -44.9425 3.0010 -9.8265
v  -46.9175 3.0010 -9.7542
v  -46.9239 3.0010 -10.1385
v  -44.9455 3.0010 -10.2593
v  -46.9429 3.0010 -10.4890
v  -44.9546 3.0010 -10.6465
v  -46.9746 3.0010 -10.8058
v  -44.9698 3.0010 -10.9883
v  -44.9909 3.0010 -11.2844
v  -47.0191 3.0010 -11.0889
v  -45.0182 3.0010 -11.5351
v  -47.0762 3.0010 -11.3382
v  -45.0515 3.0010 -11.7401
v  -45.1170 3.0010 -12.0144
v  -47.1460 3.0010 -11.5538
v  -45.1970 3.0010 -12.2758
v  -45.2916 3.0010 -12.5246
v  -47.2320 3.0010 -11.7458
v  -45.4007 3.0010 -12.7606
v  -45.5244 3.0010 -12.9839
v  -47.3377 3.0010 -11.9245
v  -45.6626 3.0010 -13.1944
v  -45.8204 3.0010 -13.3921
v  -47.4630 3.0010 -12.0898
v  -46.0028 3.0010 -13.5766
v  -46.2096 3.0010 -13.7481
v  -47.6080 3.0010 -12.2417
v  -46.4411 3.0010 -13.9065
v  -46.6971 3.0010 -14.0518
v  -47.7727 3.0010 -12.3803
v  -46.9777 3.0010 -14.1841
v  -47.9570 3.0010 -12.5056
v  -47.2752 3.0010 -14.2993
v  -48.1567 3.0010 -12.6142
v  -47.5821 3.0010 -14.3936
v  -48.3676 3.0010 -12.7031
v  -47.8985 3.0010 -14.4669
v  -48.2242 3.0010 -14.5193
v  -48.5897 3.0010 -12.7723
v  -48.5593 3.0010 -14.5507
v  -48.8229 3.0010 -12.8217
v  -48.9038 3.0010 -14.5612
v  -49.0674 3.0010 -12.8513
v  -49.6762 3.0010 -14.5085
v  -49.3230 3.0010 -12.8612
v  -49.7308 3.0010 -12.8390
v  -50.3856 3.0010 -14.3502
v  -50.1195 3.0010 -12.7725
v  -33.9644 0.0010 -6.4362
v  -33.9644 0.0000 -6.4362
v  -34.1228 0.0000 -6.0410
v  -34.1228 0.0010 -6.0410
v  -34.2989 0.0000 -5.6834
v  -34.2989 0.0010 -5.6834
v  -34.4926 0.0000 -5.3632
v  -34.4926 0.0010 -5.3632
v  -34.7039 0.0000 -5.0806
v  -34.7039 0.0010 -5.0806
v  -34.9328 0.0000 -4.8354
v  -34.9328 0.0010 -4.8354
v  -35.1794 0.0000 -4.6278
v  -35.1794 0.0010 -4.6278
v  -35.4436 0.0000 -4.4547
v  -35.4436 0.0010 -4.4547
v  -35.7255 0.0000 -4.3130
v  -35.7255 0.0010 -4.3130
v  -36.0250 0.0000 -4.2029
v  -36.0250 0.0010 -4.2029
v  -36.3421 0.0000 -4.1242
v  -36.3421 0.0010 -4.1242
v  -36.6768 0.0000 -4.0770
v  -36.6768 0.0010 -4.0770
v  -37.0292 0.0000 -4.0612
v  -37.0292 0.0010 -4.0612
v  -37.5010 0.0000 -4.0893
v  -37.5010 0.0010 -4.0893
v  -37.9461 0.0000 -4.1736
v  -37.9461 0.0010 -4.1736
v  -38.3644 0.0000 -4.3140
v  -38.3644 0.0010 -4.3140
v  -38.7560 0.0000 -4.5106
v  -38.7560 0.0010 -4.5106
v  -39.1208 0.0000 -4.7634
v  -39.1208 0.0010 -4.7634
v  -39.4589 0.0000 -5.0724
v  -39.4589 0.0010 -5.0724
v  -39.7596 0.0000 -5.4342
v  -39.7596 0.0010 -5.4342
v  -40.0123 0.0000 -5.8455
v  -40.0123 0.0010 -5.8455
v  -40.2169 0.0000 -6.3064
v  -40.2169 0.0010 -6.3064
v  -40.3735 0.0000 -6.8168
v  -40.3735 0.0010 -6.8168
v  -40.4820 0.0000 -7.3767
v  -40.4820 0.0010 -7.3767
v  -40.5425 0.0000 -7.9862
v  -40.5425 0.0010 -7.9862
v  -31.8785 0.0000 -7.9862
v  -31.8785 0.0010 -7.9862
v  -31.8675 0.0000 -8.5112
v  -31.8675 0.0010 -8.5112
v  -31.9085 0.0000 -9.4345
v  -31.9085 0.0010 -9.4345
v  -32.0314 0.0000 -10.2860
v  -32.0314 0.0010 -10.2860
v  -32.2364 0.0000 -11.0658
v  -32.2364 0.0010 -11.0658
v  -32.5232 0.0000 -11.7739
v  -32.5232 0.0010 -11.7739
v  -32.8921 0.0000 -12.4103
v  -32.8921 0.0010 -12.4103
v  -33.3429 0.0000 -12.9749
v  -33.3429 0.0010 -12.9749
v  -33.8584 0.0000 -13.4596
v  -33.8584 0.0010 -13.4596
v  -34.4212 0.0000 -13.8562
v  -34.4212 0.0010 -13.8562
v  -35.0315 0.0000 -14.1646
v  -35.0315 0.0010 -14.1646
v  -35.6891 0.0000 -14.3850
v  -35.6891 0.0010 -14.3850
v  -36.3941 0.0000 -14.5172
v  -36.3941 0.0010 -14.5172
v  -37.1464 0.0000 -14.5612
v  -37.1464 0.0010 -14.5612
v  -37.9231 0.0000 -14.5163
v  -37.9231 0.0010 -14.5163
v  -38.6499 0.0000 -14.3816
v  -38.6499 0.0010 -14.3816
v  -39.3270 0.0000 -14.1571
v  -39.3270 0.0010 -14.1571
v  -39.9542 0.0000 -13.8427
v  -39.9542 0.0010 -13.8427
v  -40.5317 0.0000 -13.4386
v  -40.5317 0.0010 -13.4386
v  -41.0593 0.0000 -12.9446
v  -41.0593 0.0010 -12.9446
v  -41.5201 0.0000 -12.3693
v  -41.5201 0.0010 -12.3693
v  -41.8972 0.0000 -11.7212
v  -41.8972 0.0010 -11.7212
v  -42.1905 0.0000 -11.0002
v  -42.1905 0.0010 -11.0002
v  -42.3999 0.0000 -10.2064
v  -42.3999 0.0010 -10.2064
v  -42.5256 0.0000 -9.3398
v  -42.5256 0.0010 -9.3398
v  -42.5675 0.0000 -8.4003
v  -42.5675 0.0010 -8.4003
v  -42.5261 0.0000 -7.4923
v  -42.5261 0.0010 -7.4923
v  -42.4018 0.0000 -6.6545
v  -42.4018 0.0010 -6.6545
v  -42.1946 0.0000 -5.8867
v  -42.1946 0.0010 -5.8867
v  -41.9045 0.0000 -5.1890
v  -41.9045 0.0010 -5.1890
v  -41.5315 0.0000 -4.5614
v  -41.5315 0.0010 -4.5614
v  -41.0757 0.0000 -4.0038
v  -41.0757 0.0010 -4.0038
v  -40.5491 0.0000 -3.5248
v  -40.5491 0.0010 -3.5248
v  -39.9640 0.0000 -3.1329
v  -39.9640 0.0010 -3.1329
v  -39.3201 0.0000 -2.8281
v  -39.3201 0.0010 -2.8281
v  -38.6177 0.0000 -2.6104
v  -38.6177 0.0010 -2.6104
v  -37.8567 0.0000 -2.4798
v  -37.8567 0.0010 -2.4798
v  -37.0370 0.0000 -2.4362
v  -37.0370 0.0010 -2.4362
v  -36.3831 0.0000 -2.4636
v  -36.3831 0.0010 -2.4636
v  -35.7693 0.0000 -2.5456
v  -35.7693 0.0010 -2.5456
v  -35.1955 0.0000 -2.6822
v  -35.1955 0.0010 -2.6822
v  -34.6618 0.0000 -2.8735
v  -34.6618 0.0010 -2.8735
v  -34.1681 0.0000 -3.1195
v  -34.1681 0.0010 -3.1195
v  -33.7146 0.0000 -3.4202
v  -33.7146 0.0010 -3.4202
v  -33.3038 0.0000 -3.7704
v  -33.3038 0.0010 -3.7704
v  -32.9386 0.0000 -4.1649
v  -32.9386 0.0010 -4.1649
v  -32.6189 0.0000 -4.6037
v  -32.6189 0.0010 -4.6037
v  -32.3448 0.0000 -5.0869
v  -32.3448 0.0010 -5.0869
v  -32.1162 0.0000 -5.6144
v  -32.1162 0.0010 -5.6144
v  -31.9331 0.0000 -6.1862
v  -31.9331 0.0010 -6.1862
v  -40.4425 0.0010 -9.6112
v  -40.4425 0.0000 -9.6112
v  -40.3866 0.0000 -10.0993
v  -40.3866 0.0010 -10.0993
v  -40.2847 0.0000 -10.5536
v  -40.2847 0.0010 -10.5536
v  -40.1368 0.0000 -10.9739
v  -40.1368 0.0010 -10.9739
v  -39.9430 0.0000 -11.3603
v  -39.9430 0.0010 -11.3603
v  -39.7033 0.0000 -11.7128
v  -39.7033 0.0010 -11.7128
v  -39.4175 0.0000 -12.0313
v  -39.4175 0.0010 -12.0313
v  -39.0968 0.0000 -12.3078
v  -39.0968 0.0010 -12.3078
v  -38.7520 0.0000 -12.5340
v  -38.7520 0.0010 -12.5340
v  -38.3831 0.0000 -12.7100
v  -38.3831 0.0010 -12.7100
v  -37.9902 0.0000 -12.8357
v  -37.9902 0.0010 -12.8357
v  -37.5733 0.0000 -12.9111
v  -37.5733 0.0010 -12.9111
v  -37.1324 0.0000 -12.9362
v  -37.1324 0.0010 -12.9362
v  -36.6472 0.0000 -12.9047
v  -36.6472 0.0010 -12.9047
v  -36.1932 0.0000 -12.8103
v  -36.1932 0.0010 -12.8103
v  -35.7702 0.0000 -12.6528
v  -35.7702 0.0010 -12.6528
v  -35.3784 0.0000 -12.4324
v  -35.3784 0.0010 -12.4324
v  -35.0176 0.0000 -12.1490
v  -35.0176 0.0010 -12.1490
v  -34.6878 0.0000 -11.8026
v  -34.6878 0.0010 -11.8026
v  -34.4967 0.0000 -11.5388
v  -34.4967 0.0010 -11.5388
v  -34.3323 0.0000 -11.2345
v  -34.3323 0.0010 -11.2345
v  -34.1947 0.0000 -10.8895
v  -34.1947 0.0010 -10.8895
v  -34.0838 0.0000 -10.5040
v  -34.0838 0.0010 -10.5040
v  -33.9998 0.0000 -10.0779
v  -33.9998 0.0010 -10.0779
v  -33.9425 0.0000 -9.6112
v  -33.9425 0.0010 -9.6112
v  -32.1162 3.0010 -5.6144
v  -31.9331 3.0010 -6.1862
v  -33.9644 3.0010 -6.4362
v  -40.4425 3.0010 -9.6112
v  -40.5425 3.0010 -7.9862
v  -31.8785 3.0010 -7.9862
v  -33.9425 3.0010 -9.6112
v  -31.8675 3.0010 -8.5112
v  -31.9085 3.0010 -9.4345
v  -32.0314 3.0010 -10.2860
v  -33.9998 3.0010 -10.0779
v  -32.2364 3.0010 -11.0658
v  -34.0838 3.0010 -10.5040
v  -32.5232 3.0010 -11.7739
v  -34.1947 3.0010 -10.8895
v  -34.3323 3.0010 -11.2345
v  -32.8921 3.0010 -12.4103
v  -34.4967 3.0010 -11.5388
v  -33.3429 3.0010 -12.9749
v  -34.6878 3.0010 -11.8026
v  -33.8584 3.0010 -13.4596
v  -35.0176 3.0010 -12.1490
v  -34.4212 3.0010 -13.8562
v  -35.3784 3.0010 -12.4324
v  -35.0315 3.0010 -14.1646
v  -35.7702 3.0010 -12.6528
v  -35.6891 3.0010 -14.3850
v  -36.1932 3.0010 -12.8103
v  -36.3941 3.0010 -14.5172
v  -36.6472 3.0010 -12.9047
v  -37.1464 3.0010 -14.5612
v  -37.1324 3.0010 -12.9362
v  -37.9231 3.0010 -14.5163
v  -37.5733 3.0010 -12.9111
v  -34.1228 3.0010 -6.0410
v  -32.3448 3.0010 -5.0869
v  -37.9902 3.0010 -12.8357
v  -38.6499 3.0010 -14.3816
v  -38.3831 3.0010 -12.7100
v  -39.3270 3.0010 -14.1571
v  -38.7520 3.0010 -12.5340
v  -39.9542 3.0010 -13.8427
v  -39.0968 3.0010 -12.3078
v  -40.5317 3.0010 -13.4386
v  -39.4175 3.0010 -12.0313
v  -41.0593 3.0010 -12.9446
v  -39.7033 3.0010 -11.7128
v  -41.5201 3.0010 -12.3693
v  -39.9430 3.0010 -11.3603
v  -41.8972 3.0010 -11.7212
v  -40.1368 3.0010 -10.9739
v  -34.2989 3.0010 -5.6834
v  -32.6189 3.0010 -4.6037
v  -32.9386 3.0010 -4.1649
v  -34.4926 3.0010 -5.3632
v  -33.3038 3.0010 -3.7704
v  -34.7039 3.0010 -5.0806
v  -33.7146 3.0010 -3.4202
v  -34.9328 3.0010 -4.8354
v  -34.1681 3.0010 -3.1195
v  -35.1794 3.0010 -4.6278
v  -34.6618 3.0010 -2.8735
v  -35.4436 3.0010 -4.4547
v  -35.1955 3.0010 -2.6822
v  -35.7255 3.0010 -4.3130
v  -35.7693 3.0010 -2.5456
v  -36.0250 3.0010 -4.2029
v  -36.3421 3.0010 -4.1242
v  -36.3831 3.0010 -2.4636
v  -36.6768 3.0010 -4.0770
v  -37.0370 3.0010 -2.4362
v  -37.0292 3.0010 -4.0612
v  -37.8567 3.0010 -2.4798
v  -37.5010 3.0010 -4.0893
v  -37.9461 3.0010 -4.1736
v  -38.6177 3.0010 -2.6104
v  -38.3644 3.0010 -4.3140
v  -39.3201 3.0010 -2.8281
v  -38.7560 3.0010 -4.5106
v  -39.9640 3.0010 -3.1329
v  -39.1208 3.0010 -4.7634
v  -40.5491 3.0010 -3.5248
v  -39.4589 3.0010 -5.0724
v  -41.0757 3.0010 -4.0038
v  -39.7596 3.0010 -5.4342
v  -41.5315 3.0010 -4.5614
v  -40.0123 3.0010 -5.8455
v  -41.9045 3.0010 -5.1890
v  -40.2169 3.0010 -6.3064
v  -42.1946 3.0010 -5.8867
v  -40.3735 3.0010 -6.8168
v  -42.4018 3.0010 -6.6545
v  -40.4820 3.0010 -7.3767
v  -42.5261 3.0010 -7.4923
v  -42.5675 3.0010 -8.4003
v  -42.5256 3.0010 -9.3398
v  -42.3999 3.0010 -10.2064
v  -40.3866 3.0010 -10.0993
v  -42.1905 3.0010 -11.0002
v  -40.2847 3.0010 -10.5536
v  -29.4925 0.0010 -2.6862
v  -29.4925 0.0000 -2.6862
v  -27.5175 0.0000 -2.6862
v  -27.5175 0.0010 -2.6862
v  -27.5175 0.0000 -8.7714
v  -27.5175 0.0010 -8.7714
v  -27.5084 0.0000 -9.1818
v  -27.5084 0.0010 -9.1818
v  -27.4811 0.0000 -9.5813
v  -27.4811 0.0010 -9.5813
v  -27.4357 0.0000 -9.9698
v  -27.4357 0.0010 -9.9698
v  -27.3720 0.0000 -10.3474
v  -27.3720 0.0010 -10.3474
v  -27.2902 0.0000 -10.7141
v  -27.2902 0.0010 -10.7141
v  -27.1902 0.0000 -11.0698
v  -27.1902 0.0010 -11.0698
v  -27.1094 0.0000 -11.2913
v  -27.1094 0.0010 -11.2913
v  -27.0126 0.0000 -11.4960
v  -27.0126 0.0010 -11.4960
v  -26.8996 0.0000 -11.6840
v  -26.8996 0.0010 -11.6840
v  -26.7705 0.0000 -11.8553
v  -26.7705 0.0010 -11.8553
v  -26.6252 0.0000 -12.0099
v  -26.6252 0.0010 -12.0099
v  -26.4638 0.0000 -12.1477
v  -26.4638 0.0010 -12.1477
v  -26.2907 0.0000 -12.2664
v  -26.2907 0.0010 -12.2664
v  -26.1105 0.0000 -12.3636
v  -26.1105 0.0010 -12.3636
v  -25.9230 0.0000 -12.4391
v  -25.9230 0.0010 -12.4391
v  -25.7284 0.0000 -12.4931
v  -25.7284 0.0010 -12.4931
v  -25.5265 0.0000 -12.5254
v  -25.5265 0.0010 -12.5254
v  -25.3175 0.0000 -12.5362
v  -25.3175 0.0010 -12.5362
v  -25.0795 0.0000 -12.5248
v  -25.0795 0.0010 -12.5248
v  -24.8415 0.0000 -12.4904
v  -24.8415 0.0010 -12.4904
v  -24.6035 0.0000 -12.4332
v  -24.6035 0.0010 -12.4332
v  -24.3656 0.0000 -12.3531
v  -24.3656 0.0010 -12.3531
v  -24.1277 0.0000 -12.2500
v  -24.1277 0.0010 -12.2500
v  -23.8898 0.0000 -12.1241
v  -23.8898 0.0010 -12.1241
v  -23.1925 0.0000 -13.9386
v  -23.1925 0.0010 -13.9386
v  -23.5333 0.0000 -14.1288
v  -23.5333 0.0010 -14.1288
v  -23.8722 0.0000 -14.2845
v  -23.8722 0.0010 -14.2845
v  -24.2093 0.0000 -14.4056
v  -24.2093 0.0010 -14.4056
v  -24.5446 0.0000 -14.4920
v  -24.5446 0.0010 -14.4920
v  -24.8781 0.0000 -14.5439
v  -24.8781 0.0010 -14.5439
v  -25.2097 0.0000 -14.5612
v  -25.2097 0.0010 -14.5612
v  -25.4354 0.0000 -14.5503
v  -25.4354 0.0010 -14.5503
v  -25.6548 0.0000 -14.5177
v  -25.6548 0.0010 -14.5177
v  -25.8679 0.0000 -14.4632
v  -25.8679 0.0010 -14.4632
v  -26.0745 0.0000 -14.3870
v  -26.0745 0.0010 -14.3870
v  -26.2749 0.0000 -14.2890
v  -26.2749 0.0010 -14.2890
v  -26.4689 0.0000 -14.1692
v  -26.4689 0.0010 -14.1692
v  -26.6626 0.0000 -14.0153
v  -26.6626 0.0010 -14.0153
v  -26.8620 0.0000 -13.8148
v  -26.8620 0.0010 -13.8148
v  -27.0673 0.0000 -13.5677
v  -27.0673 0.0010 -13.5677
v  -27.2783 0.0000 -13.2741
v  -27.2783 0.0010 -13.2741
v  -27.4950 0.0000 -12.9339
v  -27.4950 0.0010 -12.9339
v  -27.7175 0.0000 -12.5472
v  -27.7175 0.0010 -12.5472
v  -27.7175 0.0000 -14.3112
v  -27.7175 0.0010 -14.3112
v  -29.4925 0.0000 -14.3112
v  -29.4925 0.0010 -14.3112
v  -24.1277 3.0010 -12.2500
v  -23.8898 3.0010 -12.1241
v  -23.1925 3.0010 -13.9386
v  -27.7175 3.0010 -14.3112
v  -29.4925 3.0010 -14.3112
v  -29.4925 3.0010 -2.6862
v  -27.7175 3.0010 -12.5472
v  -27.5175 3.0010 -2.6862
v  -27.5175 3.0010 -8.7714
v  -27.5084 3.0010 -9.1818
v  -27.4811 3.0010 -9.5813
v  -27.4357 3.0010 -9.9698
v  -27.3720 3.0010 -10.3474
v  -27.2902 3.0010 -10.7141
v  -27.1902 3.0010 -11.0698
v  -27.1094 3.0010 -11.2913
v  -27.0126 3.0010 -11.4960
v  -26.8996 3.0010 -11.6840
v  -26.7705 3.0010 -11.8553
v  -23.5333 3.0010 -14.1288
v  -24.3656 3.0010 -12.3531
v  -23.8722 3.0010 -14.2845
v  -24.6035 3.0010 -12.4332
v  -24.2093 3.0010 -14.4056
v  -24.8415 3.0010 -12.4904
v  -24.5446 3.0010 -14.4920
v  -25.0795 3.0010 -12.5248
v  -24.8781 3.0010 -14.5439
v  -25.2097 3.0010 -14.5612
v  -25.3175 3.0010 -12.5362
v  -25.4354 3.0010 -14.5503
v  -25.6548 3.0010 -14.5177
v  -25.5265 3.0010 -12.5254
v  -25.8679 3.0010 -14.4632
v  -26.0745 3.0010 -14.3870
v  -26.2749 3.0010 -14.2890
v  -25.7284 3.0010 -12.4931
v  -26.4689 3.0010 -14.1692
v  -26.6626 3.0010 -14.0153
v  -25.9230 3.0010 -12.4391
v  -26.8620 3.0010 -13.8148
v  -27.0673 3.0010 -13.5677
v  -26.1105 3.0010 -12.3636
v  -27.2783 3.0010 -13.2741
v  -26.2907 3.0010 -12.2664
v  -27.4950 3.0010 -12.9339
v  -26.4638 3.0010 -12.1477
v  -26.6252 3.0010 -12.0099
v  -15.2925 0.0010 -7.4862
v  -15.2925 0.0000 -7.4862
v  -9.2425 0.0000 -7.4862
v  -9.2425 0.0010 -7.4862
v  -9.2425 0.0000 -9.4612
v  -9.2425 0.0010 -9.4612
v  -15.2925 0.0000 -9.4612
v  -15.2925 0.0010 -9.4612
v  -9.2425 3.0010 -9.4612
v  -15.2925 3.0010 -9.4612
v  -15.2925 3.0010 -7.4862
v  -9.2425 3.0010 -7.4862
v  0.6825 0.0010 -2.6862
v  0.6825 0.0000 -2.6862
v  2.8075 0.0000 -2.6862
v  2.8075 0.0010 -2.6862
v  2.8075 0.0000 -9.1862
v  2.8075 0.0010 -9.1862
v  6.9130 0.0000 -9.1862
v  6.9130 0.0010 -9.1862
v  7.9866 0.0000 -9.2256
v  7.9866 0.0010 -9.2256
v  8.9438 0.0000 -9.3437
v  8.9438 0.0010 -9.3437
v  9.7846 0.0000 -9.5407
v  9.7846 0.0010 -9.5407
v  10.5089 0.0000 -9.8163
v  10.5089 0.0010 -9.8163
v  11.1167 0.0000 -10.1708
v  11.1167 0.0010 -10.1708
v  11.6081 0.0000 -10.6040
v  11.6081 0.0010 -10.6040
v  12.0051 0.0000 -11.0941
v  12.0051 0.0010 -11.0941
v  12.3300 0.0000 -11.6191
v  12.3300 0.0010 -11.6191
v  12.5826 0.0000 -12.1791
v  12.5826 0.0010 -12.1791
v  12.7631 0.0000 -12.7741
v  12.7631 0.0010 -12.7741
v  12.8714 0.0000 -13.4041
v  12.8714 0.0010 -13.4041
v  12.9075 0.0000 -14.0690
v  12.9075 0.0010 -14.0690
v  12.8940 0.0000 -14.4613
v  12.8940 0.0010 -14.4613
v  12.8535 0.0000 -14.8427
v  12.8535 0.0010 -14.8427
v  12.7860 0.0000 -15.2131
v  12.7860 0.0010 -15.2131
v  12.6914 0.0000 -15.5726
v  12.6914 0.0010 -15.5726
v  12.5699 0.0000 -15.9211
v  12.5699 0.0010 -15.9211
v  12.4214 0.0000 -16.2587
v  12.4214 0.0010 -16.2587
v  12.2507 0.0000 -16.5785
v  12.2507 0.0010 -16.5785
v  12.0627 0.0000 -16.8736
v  12.0627 0.0010 -16.8736
v  11.8574 0.0000 -17.1441
v  11.8574 0.0010 -17.1441
v  11.6348 0.0000 -17.3900
v  11.6348 0.0010 -17.3900
v  11.3949 0.0000 -17.6113
v  11.3949 0.0010 -17.6113
v  11.1378 0.0000 -17.8079
v  11.1378 0.0010 -17.8079
v  10.8613 0.0000 -17.9823
v  10.8613 0.0010 -17.9823
v  10.5636 0.0000 -18.1370
v  10.5636 0.0010 -18.1370
v  10.2446 0.0000 -18.2719
v  10.2446 0.0010 -18.2719
v  9.9044 0.0000 -18.3871
v  9.9044 0.0010 -18.3871
v  9.5430 0.0000 -18.4825
v  9.5430 0.0010 -18.4825
v  9.1602 0.0000 -18.5581
v  9.1602 0.0010 -18.5581
v  8.8589 0.0000 -18.6049
v  8.8589 0.0010 -18.6049
v  8.5157 0.0000 -18.6432
v  8.5157 0.0010 -18.6432
v  8.1306 0.0000 -18.6729
v  8.1306 0.0010 -18.6729
v  7.7036 0.0000 -18.6942
v  7.7036 0.0010 -18.6942
v  7.2347 0.0000 -18.7070
v  7.2347 0.0010 -18.7070
v  6.7239 0.0000 -18.7112
v  6.7239 0.0010 -18.7112
v  0.6825 0.0000 -18.7112
v  0.6825 0.0010 -18.7112
v  2.8075 0.0010 -11.0862
v  2.8075 0.0000 -11.0862
v  2.8075 0.0000 -16.8112
v  2.8075 0.0010 -16.8112
v  6.9067 0.0000 -16.8112
v  6.9067 0.0010 -16.8112
v  7.3625 0.0000 -16.8073
v  7.3625 0.0010 -16.8073
v  7.7679 0.0000 -16.7954
v  7.7679 0.0010 -16.7954
v  8.1228 0.0000 -16.7757
v  8.1228 0.0010 -16.7757
v  8.4274 0.0000 -16.7480
v  8.4274 0.0010 -16.7480
v  8.6815 0.0000 -16.7125
v  8.6815 0.0010 -16.7125
v  8.8852 0.0000 -16.6690
v  8.8852 0.0010 -16.6690
v  9.1532 0.0000 -16.5791
v  9.1532 0.0010 -16.5791
v  9.4033 0.0000 -16.4621
v  9.4033 0.0010 -16.4621
v  9.6354 0.0000 -16.3182
v  9.6354 0.0010 -16.3182
v  9.8496 0.0000 -16.1472
v  9.8496 0.0010 -16.1472
v  10.0459 0.0000 -15.9491
v  10.0459 0.0010 -15.9491
v  10.2243 0.0000 -15.7241
v  10.2243 0.0010 -15.7241
v  10.3796 0.0000 -15.4775
v  10.3796 0.0010 -15.4775
v  10.5066 0.0000 -15.2149
v  10.5066 0.0010 -15.2149
v  10.6054 0.0000 -14.9361
v  10.6054 0.0010 -14.9361
v  10.6760 0.0000 -14.6413
v  10.6760 0.0010 -14.6413
v  10.7184 0.0000 -14.3304
v  10.7184 0.0010 -14.3304
v  10.7325 0.0000 -14.0034
v  10.7325 0.0010 -14.0034
v  10.7085 0.0000 -13.5582
v  10.7085 0.0010 -13.5582
v  10.6365 0.0000 -13.1476
v  10.6365 0.0010 -13.1476
v  10.5166 0.0000 -12.7716
v  10.5166 0.0010 -12.7716
v  10.3487 0.0000 -12.4301
v  10.3487 0.0010 -12.4301
v  10.1328 0.0000 -12.1233
v  10.1328 0.0010 -12.1233
v  9.8690 0.0000 -11.8511
v  9.8690 0.0010 -11.8511
v  9.5481 0.0000 -11.6174
v  9.5481 0.0010 -11.6174
v  9.1610 0.0000 -11.4261
v  9.1610 0.0010 -11.4261
v  8.7076 0.0000 -11.2774
v  8.7076 0.0010 -11.2774
v  8.1881 0.0000 -11.1712
v  8.1881 0.0010 -11.1712
v  7.6024 0.0000 -11.1075
v  7.6024 0.0010 -11.1075
v  6.9505 0.0000 -11.0862
v  6.9505 0.0010 -11.0862
v  0.6825 3.0010 -18.7112
v  0.6825 3.0010 -2.6862
v  2.8075 3.0010 -11.0862
v  2.8075 3.0010 -16.8112
v  6.7239 3.0010 -18.7112
v  6.9067 3.0010 -16.8112
v  7.2347 3.0010 -18.7070
v  7.3625 3.0010 -16.8073
v  7.7036 3.0010 -18.6942
v  7.7679 3.0010 -16.7954
v  8.1306 3.0010 -18.6729
v  8.1228 3.0010 -16.7757
v  8.5157 3.0010 -18.6432
v  8.4274 3.0010 -16.7480
v  8.8589 3.0010 -18.6049
v  8.6815 3.0010 -16.7125
v  9.1602 3.0010 -18.5581
v  8.8852 3.0010 -16.6690
v  9.5430 3.0010 -18.4825
v  9.1532 3.0010 -16.5791
v  9.9044 3.0010 -18.3871
v  2.8075 3.0010 -2.6862
v  2.8075 3.0010 -9.1862
v  6.9505 3.0010 -11.0862
v  6.9130 3.0010 -9.1862
v  7.9866 3.0010 -9.2256
v  7.6024 3.0010 -11.1075
v  8.1881 3.0010 -11.1712
v  8.9438 3.0010 -9.3437
v  8.7076 3.0010 -11.2774
v  9.7846 3.0010 -9.5407
v  9.1610 3.0010 -11.4261
v  10.5089 3.0010 -9.8163
v  9.5481 3.0010 -11.6174
v  11.1167 3.0010 -10.1708
v  9.8690 3.0010 -11.8511
v  11.6081 3.0010 -10.6040
v  10.1328 3.0010 -12.1233
v  12.0051 3.0010 -11.0941
v  10.3487 3.0010 -12.4301
v  12.3300 3.0010 -11.6191
v  10.5166 3.0010 -12.7716
v  12.5826 3.0010 -12.1791
v  10.6365 3.0010 -13.1476
v  12.7631 3.0010 -12.7741
v  12.8714 3.0010 -13.4041
v  10.7085 3.0010 -13.5582
v  12.9075 3.0010 -14.0690
v  10.7325 3.0010 -14.0034
v  12.8940 3.0010 -14.4613
v  10.7184 3.0010 -14.3304
v  12.8535 3.0010 -14.8427
v  10.6760 3.0010 -14.6413
v  12.7860 3.0010 -15.2131
v  10.6054 3.0010 -14.9361
v  12.6914 3.0010 -15.5726
v  12.5699 3.0010 -15.9211
v  10.5066 3.0010 -15.2149
v  12.4214 3.0010 -16.2587
v  10.3796 3.0010 -15.4775
v  12.2507 3.0010 -16.5785
v  12.0627 3.0010 -16.8736
v  10.2243 3.0010 -15.7241
v  11.8574 3.0010 -17.1441
v  10.0459 3.0010 -15.9491
v  11.6348 3.0010 -17.3900
v  11.3949 3.0010 -17.6113
v  9.8496 3.0010 -16.1472
v  11.1378 3.0010 -17.8079
v  10.8613 3.0010 -17.9823
v  9.6354 3.0010 -16.3182
v  10.5636 3.0010 -18.1370
v  9.4033 3.0010 -16.4621
v  10.2446 3.0010 -18.2719
v  15.3075 0.0010 -2.6862
v  15.3075 0.0000 -2.6862
v  17.2825 0.0000 -2.6862
v  17.2825 0.0010 -2.6862
v  17.2825 0.0000 -18.7112
v  17.2825 0.0010 -18.7112
v  15.3075 0.0000 -18.7112
v  15.3075 0.0010 -18.7112
v  17.2825 3.0010 -18.7112
v  15.3075 3.0010 -18.7112
v  15.3075 3.0010 -2.6862
v  17.2825 3.0010 -2.6862
v  27.9325 0.0010 -4.1362
v  27.9325 0.0000 -4.1362
v  27.9683 0.0000 -3.8654
v  27.9683 0.0010 -3.8654
v  28.0165 0.0000 -3.6062
v  28.0165 0.0010 -3.6062
v  28.0770 0.0000 -3.3587
v  28.0770 0.0010 -3.3587
v  28.1498 0.0000 -3.1229
v  28.1498 0.0010 -3.1229
v  28.2350 0.0000 -2.8987
v  28.2350 0.0010 -2.8987
v  28.3325 0.0000 -2.6862
v  28.3325 0.0010 -2.6862
v  30.3575 0.0000 -2.6862
v  30.3575 0.0010 -2.6862
v  30.2448 0.0000 -2.9123
v  30.2448 0.0010 -2.9123
v  30.1452 0.0000 -3.1417
v  30.1452 0.0010 -3.1417
v  30.0589 0.0000 -3.3745
v  30.0589 0.0010 -3.3745
v  29.9856 0.0000 -3.6107
v  29.9856 0.0010 -3.6107
v  29.9255 0.0000 -3.8503
v  29.9255 0.0010 -3.8503
v  29.8786 0.0000 -4.0932
v  29.8786 0.0010 -4.0932
v  29.8416 0.0000 -4.3936
v  29.8416 0.0010 -4.3936
v  29.8113 0.0000 -4.8051
v  29.8113 0.0010 -4.8051
v  29.7878 0.0000 -5.3280
v  29.7878 0.0010 -5.3280
v  29.7709 0.0000 -5.9622
v  29.7709 0.0010 -5.9622
v  29.7609 0.0000 -6.7076
v  29.7609 0.0010 -6.7076
v  29.7575 0.0000 -7.5643
v  29.7575 0.0010 -7.5643
v  29.7575 0.0000 -10.1815
v  29.7575 0.0010 -10.1815
v  29.7548 0.0000 -10.5953
v  29.7548 0.0010 -10.5953
v  29.7466 0.0000 -10.9644
v  29.7466 0.0010 -10.9644
v  29.7329 0.0000 -11.2887
v  29.7329 0.0010 -11.2887
v  29.7137 0.0000 -11.5682
v  29.7137 0.0010 -11.5682
v  29.6891 0.0000 -11.8029
v  29.6891 0.0010 -11.8029
v  29.6590 0.0000 -11.9929
v  29.6590 0.0010 -11.9929
v  29.5933 0.0000 -12.2547
v  29.5933 0.0010 -12.2547
v  29.5129 0.0000 -12.5010
v  29.5129 0.0010 -12.5010
v  29.4179 0.0000 -12.7318
v  29.4179 0.0010 -12.7318
v  29.3084 0.0000 -12.9472
v  29.3084 0.0010 -12.9472
v  29.1842 0.0000 -13.1471
v  29.1842 0.0010 -13.1471
v  29.0454 0.0000 -13.3315
v  29.0454 0.0010 -13.3315
v  28.8856 0.0000 -13.5032
v  28.8856 0.0010 -13.5032
v  28.6984 0.0000 -13.6649
v  28.6984 0.0010 -13.6649
v  28.4839 0.0000 -13.8165
v  28.4839 0.0010 -13.8165
v  28.2420 0.0000 -13.9582
v  28.2420 0.0010 -13.9582
v  27.9727 0.0000 -14.0898
v  27.9727 0.0010 -14.0898
v  27.6760 0.0000 -14.2114
v  27.6760 0.0010 -14.2114
v  27.3502 0.0000 -14.3183
v  27.3502 0.0010 -14.3183
v  26.9933 0.0000 -14.4057
v  26.9933 0.0010 -14.4057
v  26.6053 0.0000 -14.4738
v  26.6053 0.0010 -14.4738
v  26.1863 0.0000 -14.5224
v  26.1863 0.0010 -14.5224
v  25.7362 0.0000 -14.5515
v  25.7362 0.0010 -14.5515
v  25.2551 0.0000 -14.5612
v  25.2551 0.0010 -14.5612
v  24.7648 0.0000 -14.5498
v  24.7648 0.0010 -14.5498
v  24.2946 0.0000 -14.5157
v  24.2946 0.0010 -14.5157
v  23.8444 0.0000 -14.4587
v  23.8444 0.0010 -14.4587
v  23.4144 0.0000 -14.3790
v  23.4144 0.0010 -14.3790
v  23.0045 0.0000 -14.2765
v  23.0045 0.0010 -14.2765
v  22.6147 0.0000 -14.1513
v  22.6147 0.0010 -14.1513
v  22.2499 0.0000 -14.0049
v  22.2499 0.0010 -14.0049
v  21.9148 0.0000 -13.8391
v  21.9148 0.0010 -13.8391
v  21.6096 0.0000 -13.6538
v  21.6096 0.0010 -13.6538
v  21.3342 0.0000 -13.4492
v  21.3342 0.0010 -13.4492
v  21.0887 0.0000 -13.2251
v  21.0887 0.0010 -13.2251
v  20.8729 0.0000 -12.9815
v  20.8729 0.0010 -12.9815
v  20.6815 0.0000 -12.7151
v  20.6815 0.0010 -12.7151
v  20.5090 0.0000 -12.4222
v  20.5090 0.0010 -12.4222
v  20.3553 0.0000 -12.1028
v  20.3553 0.0010 -12.1028
v  20.2205 0.0000 -11.7571
v  20.2205 0.0010 -11.7571
v  20.1046 0.0000 -11.3849
v  20.1046 0.0010 -11.3849
v  20.0075 0.0000 -10.9862
v  20.0075 0.0010 -10.9862
v  21.9325 0.0000 -10.7362
v  21.9325 0.0010 -10.7362
v  22.0487 0.0000 -11.1258
v  22.0487 0.0010 -11.1258
v  22.1841 0.0000 -11.4739
v  22.1841 0.0010 -11.4739
v  22.3389 0.0000 -11.7805
v  22.3389 0.0010 -11.7805
v  22.5130 0.0000 -12.0457
v  22.5130 0.0010 -12.0457
v  22.7063 0.0000 -12.2694
v  22.7063 0.0010 -12.2694
v  22.9190 0.0000 -12.4516
v  22.9190 0.0010 -12.4516
v  23.1617 0.0000 -12.5997
v  23.1617 0.0010 -12.5997
v  23.4451 0.0000 -12.7209
v  23.4451 0.0010 -12.7209
v  23.7692 0.0000 -12.8151
v  23.7692 0.0010 -12.8151
v  24.1339 0.0000 -12.8824
v  24.1339 0.0010 -12.8824
v  24.5394 0.0000 -12.9228
v  24.5394 0.0010 -12.9228
v  24.9856 0.0000 -12.9362
v  24.9856 0.0010 -12.9362
v  25.4648 0.0000 -12.9177
v  25.4648 0.0010 -12.9177
v  25.9030 0.0000 -12.8621
v  25.9030 0.0010 -12.8621
v  26.3002 0.0000 -12.7695
v  26.3002 0.0010 -12.7695
v  26.6563 0.0000 -12.6399
v  26.6563 0.0010 -12.6399
v  26.9713 0.0000 -12.4732
v  26.9713 0.0010 -12.4732
v  27.2454 0.0000 -12.2694
v  27.2454 0.0010 -12.2694
v  27.4171 0.0000 -12.0857
v  27.4171 0.0010 -12.0857
v  27.5577 0.0000 -11.8626
v  27.5577 0.0010 -11.8626
v  27.6670 0.0000 -11.5999
v  27.6670 0.0010 -11.5999
v  27.7450 0.0000 -11.2977
v  27.7450 0.0010 -11.2977
v  27.7919 0.0000 -10.9561
v  27.7919 0.0010 -10.9561
v  27.8075 0.0000 -10.5749
v  27.8075 0.0010 -10.5749
v  27.7966 0.0000 -10.0612
v  27.7966 0.0010 -10.0612
v  27.3832 0.0000 -9.9331
v  27.3832 0.0010 -9.9331
v  26.8995 0.0000 -9.8111
v  26.8995 0.0010 -9.8111
v  26.3455 0.0000 -9.6952
v  26.3455 0.0010 -9.6952
v  25.7210 0.0000 -9.5854
v  25.7210 0.0010 -9.5854
v  25.0262 0.0000 -9.4816
v  25.0262 0.0010 -9.4816
v  24.2610 0.0000 -9.3839
v  24.2610 0.0010 -9.3839
v  23.8848 0.0000 -9.3363
v  23.8848 0.0010 -9.3363
v  23.5416 0.0000 -9.2881
v  23.5416 0.0010 -9.2881
v  23.2314 0.0000 -9.2392
v  23.2314 0.0010 -9.2392
v  22.9542 0.0000 -9.1898
v  22.9542 0.0010 -9.1898
v  22.7101 0.0000 -9.1397
v  22.7101 0.0010 -9.1397
v  22.4989 0.0000 -9.0890
v  22.4989 0.0010 -9.0890
v  22.2390 0.0000 -9.0104
v  22.2390 0.0010 -9.0104
v  21.9880 0.0000 -8.9203
v  21.9880 0.0010 -8.9203
v  21.7459 0.0000 -8.8186
v  21.7459 0.0010 -8.8186
v  21.5126 0.0000 -8.7054
v  21.5126 0.0010 -8.7054
v  21.2882 0.0000 -8.5807
v  21.2882 0.0010 -8.5807
v  21.0727 0.0000 -8.4444
v  21.0727 0.0010 -8.4444
v  20.8684 0.0000 -8.2946
v  20.8684 0.0010 -8.2946
v  20.6775 0.0000 -8.1294
v  20.6775 0.0010 -8.1294
v  20.5001 0.0000 -7.9487
v  20.5001 0.0010 -7.9487
v  20.3361 0.0000 -7.7525
v  20.3361 0.0010 -7.7525
v  20.1856 0.0000 -7.5409
v  20.1856 0.0010 -7.5409
v  20.0485 0.0000 -7.3138
v  20.0485 0.0010 -7.3138
v  19.9290 0.0000 -7.0748
v  19.9290 0.0010 -7.0748
v  19.8313 0.0000 -6.8277
v  19.8313 0.0010 -6.8277
v  19.7552 0.0000 -6.5724
v  19.7552 0.0010 -6.5724
v  19.7009 0.0000 -6.3089
v  19.7009 0.0010 -6.3089
v  19.6684 0.0000 -6.0372
v  19.6684 0.0010 -6.0372
v  19.6575 0.0000 -5.7573
v  19.6575 0.0010 -5.7573
v  19.6862 0.0000 -5.2874
v  19.6862 0.0010 -5.2874
v  19.7725 0.0000 -4.8462
v  19.7725 0.0010 -4.8462
v  19.9162 0.0000 -4.4340
v  19.9162 0.0010 -4.4340
v  20.1175 0.0000 -4.0505
v  20.1175 0.0010 -4.0505
v  20.3762 0.0000 -3.6960
v  20.3762 0.0010 -3.6960
v  20.6924 0.0000 -3.3702
v  20.6924 0.0010 -3.3702
v  21.0622 0.0000 -3.0848
v  21.0622 0.0010 -3.0848
v  21.4815 0.0000 -2.8513
v  21.4815 0.0010 -2.8513
v  21.9503 0.0000 -2.6697
v  21.9503 0.0010 -2.6697
v  22.4687 0.0000 -2.5400
v  22.4687 0.0010 -2.5400
v  23.0366 0.0000 -2.4622
v  23.0366 0.0010 -2.4622
v  23.6540 0.0000 -2.4362
v  23.6540 0.0010 -2.4362
v  24.0389 0.0000 -2.4469
v  24.0389 0.0010 -2.4469
v  24.4156 0.0000 -2.4789
v  24.4156 0.0010 -2.4789
v  24.7840 0.0000 -2.5322
v  24.7840 0.0010 -2.5322
v  25.1441 0.0000 -2.6068
v  25.1441 0.0010 -2.6068
v  25.4959 0.0000 -2.7027
v  25.4959 0.0010 -2.7027
v  25.8395 0.0000 -2.8200
v  25.8395 0.0010 -2.8200
v  26.1805 0.0000 -2.9632
v  26.1805 0.0010 -2.9632
v  26.5247 0.0000 -3.1368
v  26.5247 0.0010 -3.1368
v  26.8719 0.0000 -3.3410
v  26.8719 0.0010 -3.3410
v  27.2223 0.0000 -3.5756
v  27.2223 0.0010 -3.5756
v  27.5758 0.0000 -3.8407
v  27.5758 0.0010 -3.8407
v  27.7575 0.0010 -8.5112
v  27.7575 0.0000 -8.5112
v  27.7966 0.0000 -7.7940
v  27.7966 0.0010 -7.7940
v  27.7877 0.0000 -7.3805
v  27.7877 0.0010 -7.3805
v  27.7610 0.0000 -7.0021
v  27.7610 0.0010 -7.0021
v  27.7165 0.0000 -6.6586
v  27.7165 0.0010 -6.6586
v  27.6542 0.0000 -6.3501
v  27.6542 0.0010 -6.3501
v  27.5741 0.0000 -6.0766
v  27.5741 0.0010 -6.0766
v  27.4762 0.0000 -5.8382
v  27.4762 0.0010 -5.8382
v  27.3232 0.0000 -5.5621
v  27.3232 0.0010 -5.5621
v  27.1438 0.0000 -5.3062
v  27.1438 0.0010 -5.3062
v  26.9380 0.0000 -5.0703
v  26.9380 0.0010 -5.0703
v  26.7058 0.0000 -4.8545
v  26.7058 0.0010 -4.8545
v  26.4473 0.0000 -4.6588
v  26.4473 0.0010 -4.6588
v  26.1624 0.0000 -4.4831
v  26.1624 0.0010 -4.4831
v  25.8572 0.0000 -4.3313
v  25.8572 0.0010 -4.3313
v  25.5380 0.0000 -4.2071
v  25.5380 0.0010 -4.2071
v  25.2046 0.0000 -4.1104
v  25.2046 0.0010 -4.1104
v  24.8572 0.0000 -4.0414
v  24.8572 0.0010 -4.0414
v  24.4956 0.0000 -4.0000
v  24.4956 0.0010 -4.0000
v  24.1200 0.0000 -3.9862
v  24.1200 0.0010 -3.9862
v  23.7491 0.0000 -4.0007
v  23.7491 0.0010 -4.0007
v  23.4092 0.0000 -4.0442
v  23.4092 0.0010 -4.0442
v  23.1003 0.0000 -4.1167
v  23.1003 0.0010 -4.1167
v  22.8223 0.0000 -4.2182
v  22.8223 0.0010 -4.2182
v  22.5753 0.0000 -4.3488
v  22.5753 0.0010 -4.3488
v  22.3592 0.0000 -4.5083
v  22.3592 0.0010 -4.5083
v  22.1754 0.0000 -4.6896
v  22.1754 0.0010 -4.6896
v  22.0249 0.0000 -4.8854
v  22.0249 0.0010 -4.8854
v  21.9079 0.0000 -5.0956
v  21.9079 0.0010 -5.0956
v  21.8244 0.0000 -5.3204
v  21.8244 0.0010 -5.3204
v  21.7742 0.0000 -5.5597
v  21.7742 0.0010 -5.5597
v  21.7575 0.0000 -5.8136
v  21.7575 0.0010 -5.8136
v  21.7651 0.0000 -5.9814
v  21.7651 0.0010 -5.9814
v  21.7880 0.0000 -6.1442
v  21.7880 0.0010 -6.1442
v  21.8260 0.0000 -6.3017
v  21.8260 0.0010 -6.3017
v  21.8794 0.0000 -6.4542
v  21.8794 0.0010 -6.4542
v  21.9479 0.0000 -6.6015
v  21.9479 0.0010 -6.6015
v  22.0317 0.0000 -6.7436
v  22.0317 0.0010 -6.7436
v  22.1295 0.0000 -6.8776
v  22.1295 0.0010 -6.8776
v  22.2401 0.0000 -7.0005
v  22.2401 0.0010 -7.0005
v  22.3635 0.0000 -7.1121
v  22.3635 0.0010 -7.1121
v  22.4997 0.0000 -7.2126
v  22.4997 0.0010 -7.2126
v  22.6486 0.0000 -7.3019
v  22.6486 0.0010 -7.3019
v  22.8104 0.0000 -7.3800
v  22.8104 0.0010 -7.3800
v  22.9984 0.0000 -7.4513
v  22.9984 0.0010 -7.4513
v  23.2260 0.0000 -7.5202
v  23.2260 0.0010 -7.5202
v  23.4932 0.0000 -7.5866
v  23.4932 0.0010 -7.5866
v  23.8000 0.0000 -7.6506
v  23.8000 0.0010 -7.6506
v  24.1464 0.0000 -7.7122
v  24.1464 0.0010 -7.7122
v  24.5325 0.0000 -7.7714
v  24.5325 0.0010 -7.7714
v  25.2193 0.0000 -7.8766
v  25.2193 0.0010 -7.8766
v  25.8464 0.0000 -7.9890
v  25.8464 0.0010 -7.9890
v  26.4137 0.0000 -8.1087
v  26.4137 0.0010 -8.1087
v  26.9214 0.0000 -8.2356
v  26.9214 0.0010 -8.2356
v  27.3693 0.0000 -8.3698
v  27.3693 0.0010 -8.3698
v  27.9325 3.0010 -4.1362
v  27.7966 3.0010 -7.7940
v  27.7877 3.0010 -7.3805
v  27.7610 3.0010 -7.0021
v  27.7165 3.0010 -6.6586
v  27.6542 3.0010 -6.3501
v  27.5741 3.0010 -6.0766
v  27.4762 3.0010 -5.8382
v  27.3232 3.0010 -5.5621
v  27.1438 3.0010 -5.3062
v  28.3325 3.0010 -2.6862
v  30.3575 3.0010 -2.6862
v  30.2448 3.0010 -2.9123
v  30.1452 3.0010 -3.1417
v  26.9380 3.0010 -5.0703
v  27.5758 3.0010 -3.8407
v  26.7058 3.0010 -4.8545
v  20.1046 3.0010 -11.3849
v  20.0075 3.0010 -10.9862
v  21.9325 3.0010 -10.7362
v  30.0589 3.0010 -3.3745
v  27.2223 3.0010 -3.5756
v  26.4473 3.0010 -4.6588
v  22.0487 3.0010 -11.1258
v  20.2205 3.0010 -11.7571
v  20.3553 3.0010 -12.1028
v  22.1841 3.0010 -11.4739
v  20.5090 3.0010 -12.4222
v  22.3389 3.0010 -11.7805
v  20.6815 3.0010 -12.7151
v  20.8729 3.0010 -12.9815
v  22.5130 3.0010 -12.0457
v  21.0887 3.0010 -13.2251
v  21.3342 3.0010 -13.4492
v  22.7063 3.0010 -12.2694
v  21.6096 3.0010 -13.6538
v  21.9148 3.0010 -13.8391
v  22.9190 3.0010 -12.4516
v  22.2499 3.0010 -14.0049
v  23.1617 3.0010 -12.5997
v  22.6147 3.0010 -14.1513
v  23.4451 3.0010 -12.7209
v  23.0045 3.0010 -14.2765
v  26.8719 3.0010 -3.3410
v  26.1624 3.0010 -4.4831
v  23.4144 3.0010 -14.3790
v  23.7692 3.0010 -12.8151
v  23.8444 3.0010 -14.4587
v  24.1339 3.0010 -12.8824
v  24.2946 3.0010 -14.5157
v  24.5394 3.0010 -12.9228
v  24.7648 3.0010 -14.5498
v  24.9856 3.0010 -12.9362
v  25.2551 3.0010 -14.5612
v  25.4648 3.0010 -12.9177
v  25.7362 3.0010 -14.5515
v  25.9030 3.0010 -12.8621
v  26.1863 3.0010 -14.5224
v  26.5247 3.0010 -3.1368
v  25.8572 3.0010 -4.3313
v  26.1805 3.0010 -2.9632
v  25.5380 3.0010 -4.2071
v  25.8395 3.0010 -2.8200
v  25.2046 3.0010 -4.1104
v  25.4959 3.0010 -2.7027
v  24.8572 3.0010 -4.0414
v  25.1441 3.0010 -2.6068
v  24.7840 3.0010 -2.5322
v  24.4956 3.0010 -4.0000
v  24.4156 3.0010 -2.4789
v  24.1200 3.0010 -3.9862
v  24.0389 3.0010 -2.4469
v  23.7491 3.0010 -4.0007
v  23.6540 3.0010 -2.4362
v  23.0366 3.0010 -2.4622
v  23.4092 3.0010 -4.0442
v  23.1003 3.0010 -4.1167
v  22.4687 3.0010 -2.5400
v  22.8223 3.0010 -4.2182
v  21.9503 3.0010 -2.6697
v  22.5753 3.0010 -4.3488
v  21.4815 3.0010 -2.8513
v  22.3592 3.0010 -4.5083
v  21.0622 3.0010 -3.0848
v  22.1754 3.0010 -4.6896
v  20.6924 3.0010 -3.3702
v  20.3762 3.0010 -3.6960
v  22.0249 3.0010 -4.8854
v  20.1175 3.0010 -4.0505
v  21.9079 3.0010 -5.0956
v  19.9162 3.0010 -4.4340
v  21.8244 3.0010 -5.3204
v  19.7725 3.0010 -4.8462
v  19.6862 3.0010 -5.2874
v  21.7742 3.0010 -5.5597
v  19.6575 3.0010 -5.7573
v  21.7575 3.0010 -5.8136
v  19.6684 3.0010 -6.0372
v  21.7651 3.0010 -5.9814
v  19.7009 3.0010 -6.3089
v  19.7552 3.0010 -6.5724
v  21.7880 3.0010 -6.1442
v  19.8313 3.0010 -6.8277
v  21.8260 3.0010 -6.3017
v  19.9290 3.0010 -7.0748
v  20.0485 3.0010 -7.3138
v  21.8794 3.0010 -6.4542
v  20.1856 3.0010 -7.5409
v  21.9479 3.0010 -6.6015
v  20.3361 3.0010 -7.7525
v  22.0317 3.0010 -6.7436
v  20.5001 3.0010 -7.9487
v  20.6775 3.0010 -8.1294
v  22.1295 3.0010 -6.8776
v  20.8684 3.0010 -8.2946
v  22.2401 3.0010 -7.0005
v  21.0727 3.0010 -8.4444
v  21.2882 3.0010 -8.5807
v  22.3635 3.0010 -7.1121
v  21.5126 3.0010 -8.7054
v  22.4997 3.0010 -7.2126
v  21.7459 3.0010 -8.8186
v  22.6486 3.0010 -7.3019
v  21.9880 3.0010 -8.9203
v  22.8104 3.0010 -7.3800
v  22.2390 3.0010 -9.0104
v  22.4989 3.0010 -9.0890
v  22.9984 3.0010 -7.4513
v  22.7101 3.0010 -9.1397
v  23.2260 3.0010 -7.5202
v  22.9542 3.0010 -9.1898
v  23.4932 3.0010 -7.5866
v  23.2314 3.0010 -9.2392
v  23.8000 3.0010 -7.6506
v  23.5416 3.0010 -9.2881
v  24.1464 3.0010 -7.7122
v  23.8848 3.0010 -9.3363
v  24.2610 3.0010 -9.3839
v  24.5325 3.0010 -7.7714
v  25.0262 3.0010 -9.4816
v  25.2193 3.0010 -7.8766
v  25.8464 3.0010 -7.9890
v  25.7210 3.0010 -9.5854
v  26.4137 3.0010 -8.1087
v  26.3455 3.0010 -9.6952
v  26.9214 3.0010 -8.2356
v  26.8995 3.0010 -9.8111
v  27.3693 3.0010 -8.3698
v  27.3832 3.0010 -9.9331
v  27.7575 3.0010 -8.5112
v  27.7966 3.0010 -10.0612
v  28.2350 3.0010 -2.8987
v  29.9856 3.0010 -3.6107
v  28.1498 3.0010 -3.1229
v  29.9255 3.0010 -3.8503
v  28.0770 3.0010 -3.3587
v  28.0165 3.0010 -3.6062
v  29.8786 3.0010 -4.0932
v  27.9683 3.0010 -3.8654
v  29.8416 3.0010 -4.3936
v  29.8113 3.0010 -4.8051
v  29.7878 3.0010 -5.3280
v  29.7709 3.0010 -5.9622
v  29.7609 3.0010 -6.7076
v  29.7575 3.0010 -7.5643
v  29.7575 3.0010 -10.1815
v  27.8075 3.0010 -10.5749
v  29.7548 3.0010 -10.5953
v  29.7466 3.0010 -10.9644
v  27.7919 3.0010 -10.9561
v  29.7329 3.0010 -11.2887
v  27.7450 3.0010 -11.2977
v  29.7137 3.0010 -11.5682
v  29.6891 3.0010 -11.8029
v  27.6670 3.0010 -11.5999
v  29.6590 3.0010 -11.9929
v  29.5933 3.0010 -12.2547
v  29.5129 3.0010 -12.5010
v  27.5577 3.0010 -11.8626
v  29.4179 3.0010 -12.7318
v  29.3084 3.0010 -12.9472
v  29.1842 3.0010 -13.1471
v  27.4171 3.0010 -12.0857
v  29.0454 3.0010 -13.3315
v  28.8856 3.0010 -13.5032
v  28.6984 3.0010 -13.6649
v  27.2454 3.0010 -12.2694
v  28.4839 3.0010 -13.8165
v  28.2420 3.0010 -13.9582
v  26.9713 3.0010 -12.4732
v  27.9727 3.0010 -14.0898
v  27.6760 3.0010 -14.2114
v  26.6563 3.0010 -12.6399
v  27.3502 3.0010 -14.3183
v  26.9933 3.0010 -14.4057
v  26.3002 3.0010 -12.7695
v  26.6053 3.0010 -14.4738
v  32.7075 0.0010 1.7751
v  32.7075 0.0000 1.7751
v  32.9372 0.0000 1.8480
v  32.9372 0.0010 1.8480
v  33.1596 0.0000 1.9077
v  33.1596 0.0010 1.9077
v  33.3747 0.0000 1.9541
v  33.3747 0.0010 1.9541
v  33.5825 0.0000 1.9873
v  33.5825 0.0010 1.9873
v  33.7830 0.0000 2.0072
v  33.7830 0.0010 2.0072
v  33.9762 0.0000 2.0138
v  33.9762 0.0010 2.0138
v  34.2825 0.0000 2.0012
v  34.2825 0.0010 2.0012
v  34.5741 0.0000 1.9636
v  34.5741 0.0010 1.9636
v  34.8512 0.0000 1.9008
v  34.8512 0.0010 1.9008
v  35.1137 0.0000 1.8130
v  35.1137 0.0010 1.8130
v  35.3615 0.0000 1.7001
v  35.3615 0.0010 1.7001
v  35.5948 0.0000 1.5620
v  35.5948 0.0010 1.5620
v  35.8165 0.0000 1.3971
v  35.8165 0.0010 1.3971
v  36.0298 0.0000 1.2034
v  36.0298 0.0010 1.2034
v  36.2345 0.0000 0.9809
v  36.2345 0.0010 0.9809
v  36.4307 0.0000 0.7297
v  36.4307 0.0010 0.7297
v  36.6185 0.0000 0.4498
v  36.6185 0.0010 0.4498
v  36.7977 0.0000 0.1411
v  36.7977 0.0010 0.1411
v  36.9378 0.0000 -0.1313
v  36.9378 0.0010 -0.1313
v  37.0955 0.0000 -0.4696
v  37.0955 0.0010 -0.4696
v  37.2708 0.0000 -0.8739
v  37.2708 0.0010 -0.8739
v  37.4637 0.0000 -1.3441
v  37.4637 0.0010 -1.3441
v  37.6742 0.0000 -1.8803
v  37.6742 0.0010 -1.8803
v  37.9024 0.0000 -2.4823
v  37.9024 0.0010 -2.4823
v  42.2981 0.0000 -14.3112
v  42.2981 0.0010 -14.3112
v  40.3325 0.0000 -14.3112
v  40.3325 0.0010 -14.3112
v  37.8559 0.0000 -7.5245
v  37.8559 0.0010 -7.5245
v  37.7026 0.0000 -7.0943
v  37.7026 0.0010 -7.0943
v  37.5564 0.0000 -6.6630
v  37.5564 0.0010 -6.6630
v  37.4171 0.0000 -6.2305
v  37.4171 0.0010 -6.2305
v  37.2847 0.0000 -5.7967
v  37.2847 0.0010 -5.7967
v  37.1594 0.0000 -5.3618
v  37.1594 0.0010 -5.3618
v  37.0411 0.0000 -4.9257
v  37.0411 0.0010 -4.9257
v  36.9139 0.0000 -5.3908
v  36.9139 0.0010 -5.3908
v  36.7811 0.0000 -5.8486
v  36.7811 0.0010 -5.8486
v  36.6429 0.0000 -6.2992
v  36.6429 0.0010 -6.2992
v  36.4992 0.0000 -6.7425
v  36.4992 0.0010 -6.7425
v  36.3501 0.0000 -7.1785
v  36.3501 0.0010 -7.1785
v  36.1954 0.0000 -7.6073
v  36.1954 0.0010 -7.6073
v  33.7684 0.0000 -14.3112
v  33.7684 0.0010 -14.3112
v  31.6575 0.0000 -14.3112
v  31.6575 0.0010 -14.3112
v  36.0825 0.0000 -2.6663
v  36.0825 0.0010 -2.6663
v  35.9075 0.0000 -2.1847
v  35.9075 0.0010 -2.1847
v  35.7752 0.0000 -1.8186
v  35.7752 0.0010 -1.8186
v  35.6557 0.0000 -1.5012
v  35.6557 0.0010 -1.5012
v  35.5490 0.0000 -1.2324
v  35.5490 0.0010 -1.2324
v  35.4551 0.0000 -1.0123
v  35.4551 0.0010 -1.0123
v  35.3739 0.0000 -0.8407
v  35.3739 0.0010 -0.8407
v  35.3055 0.0000 -0.7179
v  35.3055 0.0010 -0.7179
v  35.2177 0.0000 -0.5915
v  35.2177 0.0010 -0.5915
v  35.1220 0.0000 -0.4748
v  35.1220 0.0010 -0.4748
v  35.0184 0.0000 -0.3678
v  35.0184 0.0010 -0.3678
v  34.9068 0.0000 -0.2706
v  34.9068 0.0010 -0.2706
v  34.7874 0.0000 -0.1830
v  34.7874 0.0010 -0.1830
v  34.6600 0.0000 -0.1052
v  34.6600 0.0010 -0.1052
v  34.5214 0.0000 -0.0383
v  34.5214 0.0010 -0.0383
v  34.3682 0.0000 0.0165
v  34.3682 0.0010 0.0165
v  34.2004 0.0000 0.0590
v  34.2004 0.0010 0.0590
v  34.0180 0.0000 0.0895
v  34.0180 0.0010 0.0895
v  33.8210 0.0000 0.1077
v  33.8210 0.0010 0.1077
v  33.6094 0.0000 0.1138
v  33.6094 0.0010 0.1138
v  33.4445 0.0000 0.1089
v  33.4445 0.0010 0.1089
v  33.2703 0.0000 0.0944
v  33.2703 0.0010 0.0944
v  33.0871 0.0000 0.0701
v  33.0871 0.0010 0.0701
v  32.8947 0.0000 0.0362
v  32.8947 0.0010 0.0362
v  32.6932 0.0000 -0.0075
v  32.6932 0.0010 -0.0075
v  32.4825 0.0000 -0.0608
v  32.4825 0.0010 -0.0608
v  32.6932 3.0010 -0.0075
v  32.4825 3.0010 -0.0608
v  32.7075 3.0010 1.7751
v  33.7684 3.0010 -14.3112
v  31.6575 3.0010 -14.3112
v  36.0825 3.0010 -2.6663
v  36.1954 3.0010 -7.6073
v  36.3501 3.0010 -7.1785
v  36.4992 3.0010 -6.7425
v  36.6429 3.0010 -6.2992
v  36.7811 3.0010 -5.8486
v  36.9139 3.0010 -5.3908
v  37.0411 3.0010 -4.9257
v  37.9024 3.0010 -2.4823
v  42.2981 3.0010 -14.3112
v  40.3325 3.0010 -14.3112
v  37.8559 3.0010 -7.5245
v  37.7026 3.0010 -7.0943
v  37.5564 3.0010 -6.6630
v  37.4171 3.0010 -6.2305
v  37.2847 3.0010 -5.7967
v  37.1594 3.0010 -5.3618
v  37.6742 3.0010 -1.8803
v  32.8947 3.0010 0.0362
v  35.9075 3.0010 -2.1847
v  37.4637 3.0010 -1.3441
v  35.7752 3.0010 -1.8186
v  37.2708 3.0010 -0.8739
v  35.6557 3.0010 -1.5012
v  33.0871 3.0010 0.0701
v  37.0955 3.0010 -0.4696
v  35.5490 3.0010 -1.2324
v  35.4551 3.0010 -1.0123
v  36.9378 3.0010 -0.1313
v  35.3739 3.0010 -0.8407
v  36.7977 3.0010 0.1411
v  35.3055 3.0010 -0.7179
v  36.6185 3.0010 0.4498
v  35.2177 3.0010 -0.5915
v  35.1220 3.0010 -0.4748
v  36.4307 3.0010 0.7297
v  35.0184 3.0010 -0.3678
v  36.2345 3.0010 0.9809
v  34.9068 3.0010 -0.2706
v  36.0298 3.0010 1.2034
v  34.7874 3.0010 -0.1830
v  35.8165 3.0010 1.3971
v  34.6600 3.0010 -0.1052
v  35.5948 3.0010 1.5620
v  35.3615 3.0010 1.7001
v  34.5214 3.0010 -0.0383
v  35.1137 3.0010 1.8130
v  34.3682 3.0010 0.0165
v  34.8512 3.0010 1.9008
v  34.5741 3.0010 1.9636
v  34.2004 3.0010 0.0590
v  34.2825 3.0010 2.0012
v  34.0180 3.0010 0.0895
v  33.9762 3.0010 2.0138
v  33.8210 3.0010 0.1077
v  33.7830 3.0010 2.0072
v  33.5825 3.0010 1.9873
v  33.6094 3.0010 0.1138
v  33.3747 3.0010 1.9541
v  33.4445 3.0010 0.1089
v  33.1596 3.0010 1.9077
v  32.9372 3.0010 1.8480
v  33.2703 3.0010 0.0944
v  51.9356 0.0010 -6.4362
v  51.9356 0.0000 -6.4362
v  51.7772 0.0000 -6.0410
v  51.7772 0.0010 -6.0410
v  51.6011 0.0000 -5.6834
v  51.6011 0.0010 -5.6834
v  51.4074 0.0000 -5.3632
v  51.4074 0.0010 -5.3632
v  51.1961 0.0000 -5.0806
v  51.1961 0.0010 -5.0806
v  50.9672 0.0000 -4.8354
v  50.9672 0.0010 -4.8354
v  50.7206 0.0000 -4.6278
v  50.7206 0.0010 -4.6278
v  50.4564 0.0000 -4.4547
v  50.4564 0.0010 -4.4547
v  50.1745 0.0000 -4.3130
v  50.1745 0.0010 -4.3130
v  49.8750 0.0000 -4.2029
v  49.8750 0.0010 -4.2029
v  49.5579 0.0000 -4.1242
v  49.5579 0.0010 -4.1242
v  49.2231 0.0000 -4.0770
v  49.2231 0.0010 -4.0770
v  48.8708 0.0000 -4.0612
v  48.8708 0.0010 -4.0612
v  48.3990 0.0000 -4.0893
v  48.3990 0.0010 -4.0893
v  47.9539 0.0000 -4.1736
v  47.9539 0.0010 -4.1736
v  47.5356 0.0000 -4.3140
v  47.5356 0.0010 -4.3140
v  47.1440 0.0000 -4.5106
v  47.1440 0.0010 -4.5106
v  46.7792 0.0000 -4.7634
v  46.7792 0.0010 -4.7634
v  46.4411 0.0000 -5.0724
v  46.4411 0.0010 -5.0724
v  46.1404 0.0000 -5.4342
v  46.1404 0.0010 -5.4342
v  45.8877 0.0000 -5.8455
v  45.8877 0.0010 -5.8455
v  45.6831 0.0000 -6.3064
v  45.6831 0.0010 -6.3064
v  45.5265 0.0000 -6.8168
v  45.5265 0.0010 -6.8168
v  45.4180 0.0000 -7.3767
v  45.4180 0.0010 -7.3767
v  45.3575 0.0000 -7.9862
v  45.3575 0.0010 -7.9862
v  54.0216 0.0000 -7.9862
v  54.0216 0.0010 -7.9862
v  54.0325 0.0000 -8.5112
v  54.0325 0.0010 -8.5112
v  53.9915 0.0000 -9.4345
v  53.9915 0.0010 -9.4345
v  53.8685 0.0000 -10.2860
v  53.8685 0.0010 -10.2860
v  53.6636 0.0000 -11.0658
v  53.6636 0.0010 -11.0658
v  53.3767 0.0000 -11.7739
v  53.3767 0.0010 -11.7739
v  53.0079 0.0000 -12.4103
v  53.0079 0.0010 -12.4103
v  52.5571 0.0000 -12.9749
v  52.5571 0.0010 -12.9749
v  52.0416 0.0000 -13.4596
v  52.0416 0.0010 -13.4596
v  51.4787 0.0000 -13.8562
v  51.4787 0.0010 -13.8562
v  50.8685 0.0000 -14.1646
v  50.8685 0.0010 -14.1646
v  50.2109 0.0000 -14.3850
v  50.2109 0.0010 -14.3850
v  49.5059 0.0000 -14.5172
v  49.5059 0.0010 -14.5172
v  48.7536 0.0000 -14.5612
v  48.7536 0.0010 -14.5612
v  47.9769 0.0000 -14.5163
v  47.9769 0.0010 -14.5163
v  47.2501 0.0000 -14.3816
v  47.2501 0.0010 -14.3816
v  46.5730 0.0000 -14.1571
v  46.5730 0.0010 -14.1571
v  45.9458 0.0000 -13.8427
v  45.9458 0.0010 -13.8427
v  45.3683 0.0000 -13.4386
v  45.3683 0.0010 -13.4386
v  44.8407 0.0000 -12.9446
v  44.8407 0.0010 -12.9446
v  44.3798 0.0000 -12.3693
v  44.3798 0.0010 -12.3693
v  44.0028 0.0000 -11.7212
v  44.0028 0.0010 -11.7212
v  43.7095 0.0000 -11.0002
v  43.7095 0.0010 -11.0002
v  43.5001 0.0000 -10.2064
v  43.5001 0.0010 -10.2064
v  43.3744 0.0000 -9.3398
v  43.3744 0.0010 -9.3398
v  43.3325 0.0000 -8.4003
v  43.3325 0.0010 -8.4003
v  43.3739 0.0000 -7.4923
v  43.3739 0.0010 -7.4923
v  43.4982 0.0000 -6.6545
v  43.4982 0.0010 -6.6545
v  43.7054 0.0000 -5.8867
v  43.7054 0.0010 -5.8867
v  43.9955 0.0000 -5.1890
v  43.9955 0.0010 -5.1890
v  44.3685 0.0000 -4.5614
v  44.3685 0.0010 -4.5614
v  44.8243 0.0000 -4.0038
v  44.8243 0.0010 -4.0038
v  45.3509 0.0000 -3.5248
v  45.3509 0.0010 -3.5248
v  45.9360 0.0000 -3.1329
v  45.9360 0.0010 -3.1329
v  46.5798 0.0000 -2.8281
v  46.5798 0.0010 -2.8281
v  47.2823 0.0000 -2.6104
v  47.2823 0.0010 -2.6104
v  48.0433 0.0000 -2.4798
v  48.0433 0.0010 -2.4798
v  48.8630 0.0000 -2.4362
v  48.8630 0.0010 -2.4362
v  49.5169 0.0000 -2.4636
v  49.5169 0.0010 -2.4636
v  50.1307 0.0000 -2.5456
v  50.1307 0.0010 -2.5456
v  50.7045 0.0000 -2.6822
v  50.7045 0.0010 -2.6822
v  51.2382 0.0000 -2.8735
v  51.2382 0.0010 -2.8735
v  51.7318 0.0000 -3.1195
v  51.7318 0.0010 -3.1195
v  52.1854 0.0000 -3.4202
v  52.1854 0.0010 -3.4202
v  52.5962 0.0000 -3.7704
v  52.5962 0.0010 -3.7704
v  52.9614 0.0000 -4.1649
v  52.9614 0.0010 -4.1649
v  53.2811 0.0000 -4.6037
v  53.2811 0.0010 -4.6037
v  53.5552 0.0000 -5.0869
v  53.5552 0.0010 -5.0869
v  53.7838 0.0000 -5.6144
v  53.7838 0.0010 -5.6144
v  53.9669 0.0000 -6.1862
v  53.9669 0.0010 -6.1862
v  45.4575 0.0010 -9.6112
v  45.4575 0.0000 -9.6112
v  45.5134 0.0000 -10.0993
v  45.5134 0.0010 -10.0993
v  45.6153 0.0000 -10.5536
v  45.6153 0.0010 -10.5536
v  45.7632 0.0000 -10.9739
v  45.7632 0.0010 -10.9739
v  45.9570 0.0000 -11.3603
v  45.9570 0.0010 -11.3603
v  46.1967 0.0000 -11.7128
v  46.1967 0.0010 -11.7128
v  46.4825 0.0000 -12.0313
v  46.4825 0.0010 -12.0313
v  46.8032 0.0000 -12.3078
v  46.8032 0.0010 -12.3078
v  47.1480 0.0000 -12.5340
v  47.1480 0.0010 -12.5340
v  47.5169 0.0000 -12.7100
v  47.5169 0.0010 -12.7100
v  47.9097 0.0000 -12.8357
v  47.9097 0.0010 -12.8357
v  48.3267 0.0000 -12.9111
v  48.3267 0.0010 -12.9111
v  48.7676 0.0000 -12.9362
v  48.7676 0.0010 -12.9362
v  49.2528 0.0000 -12.9047
v  49.2528 0.0010 -12.9047
v  49.7068 0.0000 -12.8103
v  49.7068 0.0010 -12.8103
v  50.1298 0.0000 -12.6528
v  50.1298 0.0010 -12.6528
v  50.5216 0.0000 -12.4324
v  50.5216 0.0010 -12.4324
v  50.8824 0.0000 -12.1490
v  50.8824 0.0010 -12.1490
v  51.2122 0.0000 -11.8026
v  51.2122 0.0010 -11.8026
v  51.4033 0.0000 -11.5388
v  51.4033 0.0010 -11.5388
v  51.5677 0.0000 -11.2345
v  51.5677 0.0010 -11.2345
v  51.7053 0.0000 -10.8895
v  51.7053 0.0010 -10.8895
v  51.8162 0.0000 -10.5040
v  51.8162 0.0010 -10.5040
v  51.9002 0.0000 -10.0779
v  51.9002 0.0010 -10.0779
v  51.9575 0.0000 -9.6112
v  51.9575 0.0010 -9.6112
v  53.7838 3.0010 -5.6144
v  53.9669 3.0010 -6.1862
v  51.9356 3.0010 -6.4362
v  45.4575 3.0010 -9.6112
v  45.3575 3.0010 -7.9862
v  54.0216 3.0010 -7.9862
v  51.9575 3.0010 -9.6112
v  54.0325 3.0010 -8.5112
v  53.9915 3.0010 -9.4345
v  53.8685 3.0010 -10.2860
v  51.9002 3.0010 -10.0779
v  53.6636 3.0010 -11.0658
v  51.8162 3.0010 -10.5040
v  53.3767 3.0010 -11.7739
v  51.7053 3.0010 -10.8895
v  51.5677 3.0010 -11.2345
v  53.0079 3.0010 -12.4103
v  51.4033 3.0010 -11.5388
v  52.5571 3.0010 -12.9749
v  51.2122 3.0010 -11.8026
v  52.0416 3.0010 -13.4596
v  50.8824 3.0010 -12.1490
v  51.4787 3.0010 -13.8562
v  50.5216 3.0010 -12.4324
v  50.8685 3.0010 -14.1646
v  50.1298 3.0010 -12.6528
v  50.2109 3.0010 -14.3850
v  49.7068 3.0010 -12.8103
v  49.5059 3.0010 -14.5172
v  49.2528 3.0010 -12.9047
v  48.7536 3.0010 -14.5612
v  48.7676 3.0010 -12.9362
v  47.9769 3.0010 -14.5163
v  48.3267 3.0010 -12.9111
v  51.7772 3.0010 -6.0410
v  53.5552 3.0010 -5.0869
v  47.9097 3.0010 -12.8357
v  47.2501 3.0010 -14.3816
v  47.5169 3.0010 -12.7100
v  46.5730 3.0010 -14.1571
v  47.1480 3.0010 -12.5340
v  45.9458 3.0010 -13.8427
v  46.8032 3.0010 -12.3078
v  45.3683 3.0010 -13.4386
v  46.4825 3.0010 -12.0313
v  44.8407 3.0010 -12.9446
v  46.1967 3.0010 -11.7128
v  44.3798 3.0010 -12.3693
v  45.9570 3.0010 -11.3603
v  44.0028 3.0010 -11.7212
v  45.7632 3.0010 -10.9739
v  51.6011 3.0010 -5.6834
v  53.2811 3.0010 -4.6037
v  52.9614 3.0010 -4.1649
v  51.4074 3.0010 -5.3632
v  52.5962 3.0010 -3.7704
v  51.1961 3.0010 -5.0806
v  52.1854 3.0010 -3.4202
v  50.9672 3.0010 -4.8354
v  51.7318 3.0010 -3.1195
v  50.7206 3.0010 -4.6278
v  51.2382 3.0010 -2.8735
v  50.4564 3.0010 -4.4547
v  50.7045 3.0010 -2.6822
v  50.1745 3.0010 -4.3130
v  50.1307 3.0010 -2.5456
v  49.8750 3.0010 -4.2029
v  49.5579 3.0010 -4.1242
v  49.5169 3.0010 -2.4636
v  49.2231 3.0010 -4.0770
v  48.8630 3.0010 -2.4362
v  48.8708 3.0010 -4.0612
v  48.0433 3.0010 -2.4798
v  48.3990 3.0010 -4.0893
v  47.9539 3.0010 -4.1736
v  47.2823 3.0010 -2.6104
v  47.5356 3.0010 -4.3140
v  46.5798 3.0010 -2.8281
v  47.1440 3.0010 -4.5106
v  45.9360 3.0010 -3.1329
v  46.7792 3.0010 -4.7634
v  45.3509 3.0010 -3.5248
v  46.4411 3.0010 -5.0724
v  44.8243 3.0010 -4.0038
v  46.1404 3.0010 -5.4342
v  44.3685 3.0010 -4.5614
v  45.8877 3.0010 -5.8455
v  43.9955 3.0010 -5.1890
v  45.6831 3.0010 -6.3064
v  43.7054 3.0010 -5.8867
v  45.5265 3.0010 -6.8168
v  43.4982 3.0010 -6.6545
v  45.4180 3.0010 -7.3767
v  43.3739 3.0010 -7.4923
v  43.3325 3.0010 -8.4003
v  43.3744 3.0010 -9.3398
v  43.5001 3.0010 -10.2064
v  45.5134 3.0010 -10.0993
v  43.7095 3.0010 -11.0002
v  45.6153 3.0010 -10.5536
v  56.4075 0.0010 -2.6862
v  56.4075 0.0000 -2.6862
v  58.3825 0.0000 -2.6862
v  58.3825 0.0010 -2.6862
v  58.3825 0.0000 -8.7714
v  58.3825 0.0010 -8.7714
v  58.3916 0.0000 -9.1818
v  58.3916 0.0010 -9.1818
v  58.4189 0.0000 -9.5813
v  58.4189 0.0010 -9.5813
v  58.4643 0.0000 -9.9698
v  58.4643 0.0010 -9.9698
v  58.5280 0.0000 -10.3474
v  58.5280 0.0010 -10.3474
v  58.6098 0.0000 -10.7141
v  58.6098 0.0010 -10.7141
v  58.7098 0.0000 -11.0698
v  58.7098 0.0010 -11.0698
v  58.7906 0.0000 -11.2913
v  58.7906 0.0010 -11.2913
v  58.8874 0.0000 -11.4960
v  58.8874 0.0010 -11.4960
v  59.0004 0.0000 -11.6840
v  59.0004 0.0010 -11.6840
v  59.1295 0.0000 -11.8553
v  59.1295 0.0010 -11.8553
v  59.2748 0.0000 -12.0099
v  59.2748 0.0010 -12.0099
v  59.4362 0.0000 -12.1477
v  59.4362 0.0010 -12.1477
v  59.6093 0.0000 -12.2664
v  59.6093 0.0010 -12.2664
v  59.7895 0.0000 -12.3636
v  59.7895 0.0010 -12.3636
v  59.9770 0.0000 -12.4391
v  59.9770 0.0010 -12.4391
v  60.1716 0.0000 -12.4931
v  60.1716 0.0010 -12.4931
v  60.3734 0.0000 -12.5254
v  60.3734 0.0010 -12.5254
v  60.5825 0.0000 -12.5362
v  60.5825 0.0010 -12.5362
v  60.8205 0.0000 -12.5248
v  60.8205 0.0010 -12.5248
v  61.0585 0.0000 -12.4904
v  61.0585 0.0010 -12.4904
v  61.2964 0.0000 -12.4332
v  61.2964 0.0010 -12.4332
v  61.5344 0.0000 -12.3531
v  61.5344 0.0010 -12.3531
v  61.7723 0.0000 -12.2500
v  61.7723 0.0010 -12.2500
v  62.0102 0.0000 -12.1241
v  62.0102 0.0010 -12.1241
v  62.7075 0.0000 -13.9386
v  62.7075 0.0010 -13.9386
v  62.3667 0.0000 -14.1288
v  62.3667 0.0010 -14.1288
v  62.0278 0.0000 -14.2845
v  62.0278 0.0010 -14.2845
v  61.6907 0.0000 -14.4056
v  61.6907 0.0010 -14.4056
v  61.3554 0.0000 -14.4920
v  61.3554 0.0010 -14.4920
v  61.0219 0.0000 -14.5439
v  61.0219 0.0010 -14.5439
v  60.6903 0.0000 -14.5612
v  60.6903 0.0010 -14.5612
v  60.4646 0.0000 -14.5503
v  60.4646 0.0010 -14.5503
v  60.2452 0.0000 -14.5177
v  60.2452 0.0010 -14.5177
v  60.0321 0.0000 -14.4632
v  60.0321 0.0010 -14.4632
v  59.8254 0.0000 -14.3870
v  59.8254 0.0010 -14.3870
v  59.6251 0.0000 -14.2890
v  59.6251 0.0010 -14.2890
v  59.4311 0.0000 -14.1692
v  59.4311 0.0010 -14.1692
v  59.2374 0.0000 -14.0153
v  59.2374 0.0010 -14.0153
v  59.0379 0.0000 -13.8148
v  59.0379 0.0010 -13.8148
v  58.8327 0.0000 -13.5677
v  58.8327 0.0010 -13.5677
v  58.6217 0.0000 -13.2741
v  58.6217 0.0010 -13.2741
v  58.4050 0.0000 -12.9339
v  58.4050 0.0010 -12.9339
v  58.1825 0.0000 -12.5472
v  58.1825 0.0010 -12.5472
v  58.1825 0.0000 -14.3112
v  58.1825 0.0010 -14.3112
v  56.4075 0.0000 -14.3112
v  56.4075 0.0010 -14.3112
v  61.7723 3.0010 -12.2500
v  62.0102 3.0010 -12.1241
v  62.7075 3.0010 -13.9386
v  58.1825 3.0010 -14.3112
v  56.4075 3.0010 -14.3112
v  56.4075 3.0010 -2.6862
v  58.1825 3.0010 -12.5472
v  58.3825 3.0010 -2.6862
v  58.3825 3.0010 -8.7714
v  58.3916 3.0010 -9.1818
v  58.4189 3.0010 -9.5813
v  58.4643 3.0010 -9.9698
v  58.5280 3.0010 -10.3474
v  58.6098 3.0010 -10.7141
v  58.7098 3.0010 -11.0698
v  58.7906 3.0010 -11.2913
v  58.8874 3.0010 -11.4960
v  59.0004 3.0010 -11.6840
v  59.1295 3.0010 -11.8553
v  62.3667 3.0010 -14.1288
v  61.5344 3.0010 -12.3531
v  62.0278 3.0010 -14.2845
v  61.2964 3.0010 -12.4332
v  61.6907 3.0010 -14.4056
v  61.0585 3.0010 -12.4904
v  61.3554 3.0010 -14.4920
v  60.8205 3.0010 -12.5248
v  61.0219 3.0010 -14.5439
v  60.6903 3.0010 -14.5612
v  60.5825 3.0010 -12.5362
v  60.4646 3.0010 -14.5503
v  60.2452 3.0010 -14.5177
v  60.3734 3.0010 -12.5254
v  60.0321 3.0010 -14.4632
v  59.8254 3.0010 -14.3870
v  59.6251 3.0010 -14.2890
v  60.1716 3.0010 -12.4931
v  59.4311 3.0010 -14.1692
v  59.2374 3.0010 -14.0153
v  59.9770 3.0010 -12.4391
v  59.0379 3.0010 -13.8148
v  58.8327 3.0010 -13.5677
v  59.7895 3.0010 -12.3636
v  58.6217 3.0010 -13.2741
v  59.6093 3.0010 -12.2664
v  58.4050 3.0010 -12.9339
v  59.4362 3.0010 -12.1477
v  59.2748 3.0010 -12.0099
v  61.7723 -3.0000 -12.2500
v  62.7075 -3.0000 -13.9386
v  62.0102 -3.0000 -12.1241
v  58.1825 -3.0000 -14.3112
v  56.4075 -3.0000 -2.6862
v  56.4075 -3.0000 -14.3112
v  58.1825 -3.0000 -12.5472
v  58.3825 -3.0000 -2.6862
v  58.3825 -3.0000 -8.7714
v  58.3916 -3.0000 -9.1818
v  58.4189 -3.0000 -9.5813
v  58.4643 -3.0000 -9.9698
v  58.5280 -3.0000 -10.3474
v  58.6098 -3.0000 -10.7141
v  58.7098 -3.0000 -11.0698
v  58.7906 -3.0000 -11.2913
v  58.8874 -3.0000 -11.4960
v  59.0004 -3.0000 -11.6840
v  59.1295 -3.0000 -11.8553
v  62.3667 -3.0000 -14.1288
v  61.5344 -3.0000 -12.3531
v  62.0278 -3.0000 -14.2845
v  61.2964 -3.0000 -12.4332
v  61.6907 -3.0000 -14.4056
v  61.0585 -3.0000 -12.4904
v  61.3554 -3.0000 -14.4920
v  60.8205 -3.0000 -12.5248
v  61.0219 -3.0000 -14.5439
v  60.6903 -3.0000 -14.5612
v  60.5825 -3.0000 -12.5362
v  60.4646 -3.0000 -14.5503
v  60.2452 -3.0000 -14.5177
v  60.3734 -3.0000 -12.5254
v  60.0321 -3.0000 -14.4632
v  59.8254 -3.0000 -14.3870
v  59.6251 -3.0000 -14.2890
v  60.1716 -3.0000 -12.4931
v  59.4311 -3.0000 -14.1692
v  59.2374 -3.0000 -14.0153
v  59.9770 -3.0000 -12.4391
v  59.0379 -3.0000 -13.8148
v  58.8327 -3.0000 -13.5677
v  59.7895 -3.0000 -12.3636
v  58.6217 -3.0000 -13.2741
v  59.6093 -3.0000 -12.2664
v  58.4050 -3.0000 -12.9339
v  59.4362 -3.0000 -12.1477
v  59.2748 -3.0000 -12.0099
v  78.2325 0.0010 -2.6862
v  78.2325 0.0000 -2.6862
v  78.2325 0.0000 -18.7862
v  78.2325 0.0010 -18.7862
v  76.9598 0.0000 -18.7862
v  76.9598 0.0010 -18.7862
v  76.7688 0.0000 -18.4380
v  76.7688 0.0010 -18.4380
v  76.5379 0.0000 -18.0862
v  76.5379 0.0010 -18.0862
v  76.2669 0.0000 -17.7308
v  76.2669 0.0010 -17.7308
v  75.9558 0.0000 -17.3716
v  75.9558 0.0010 -17.3716
v  75.6048 0.0000 -17.0089
v  75.6048 0.0010 -17.0089
v  75.2137 0.0000 -16.6425
v  75.2137 0.0010 -16.6425
v  74.7911 0.0000 -16.2834
v  74.7911 0.0010 -16.2834
v  74.3455 0.0000 -15.9425
v  74.3455 0.0010 -15.9425
v  73.8768 0.0000 -15.6198
v  73.8768 0.0010 -15.6198
v  73.3851 0.0000 -15.3154
v  73.3851 0.0010 -15.3154
v  72.8703 0.0000 -15.0292
v  72.8703 0.0010 -15.0292
v  72.3325 0.0000 -14.7612
v  72.3325 0.0010 -14.7612
v  72.3325 0.0000 -12.8581
v  72.3325 0.0010 -12.8581
v  72.6443 0.0000 -12.9805
v  72.6443 0.0010 -12.9805
v  72.9692 0.0000 -13.1218
v  72.9692 0.0010 -13.1218
v  73.3070 0.0000 -13.2819
v  73.3070 0.0010 -13.2819
v  73.6579 0.0000 -13.4609
v  73.6579 0.0010 -13.4609
v  74.0218 0.0000 -13.6587
v  74.0218 0.0010 -13.6587
v  74.3987 0.0000 -13.8753
v  74.3987 0.0010 -13.8753
v  74.7698 0.0000 -14.1013
v  74.7698 0.0010 -14.1013
v  75.1164 0.0000 -14.3274
v  75.1164 0.0010 -14.3274
v  75.4385 0.0000 -14.5534
v  75.4385 0.0010 -14.5534
v  75.7360 0.0000 -14.7794
v  75.7360 0.0010 -14.7794
v  76.0090 0.0000 -15.0055
v  76.0090 0.0010 -15.0055
v  76.2575 0.0000 -15.2315
v  76.2575 0.0010 -15.2315
v  76.2575 0.0000 -2.6862
v  76.2575 0.0010 -2.6862
v  72.3325 3.0010 -14.7612
v  72.3325 3.0010 -12.8581
v  72.6443 3.0010 -12.9805
v  72.9692 3.0010 -13.1218
v  73.3070 3.0010 -13.2819
v  72.8703 3.0010 -15.0292
v  73.6579 3.0010 -13.4609
v  74.0218 3.0010 -13.6587
v  73.3851 3.0010 -15.3154
v  74.3987 3.0010 -13.8753
v  73.8768 3.0010 -15.6198
v  74.7698 3.0010 -14.1013
v  75.1164 3.0010 -14.3274
v  74.3455 3.0010 -15.9425
v  75.4385 3.0010 -14.5534
v  74.7911 3.0010 -16.2834
v  75.7360 3.0010 -14.7794
v  76.0090 3.0010 -15.0055
v  75.2137 3.0010 -16.6425
v  76.2575 3.0010 -15.2315
v  76.2575 3.0010 -2.6862
v  78.2325 3.0010 -2.6862
v  78.2325 3.0010 -18.7862
v  76.9598 3.0010 -18.7862
v  76.7688 3.0010 -18.4380
v  76.5379 3.0010 -18.0862
v  76.2669 3.0010 -17.7308
v  75.9558 3.0010 -17.3716
v  75.6048 3.0010 -17.0089
v  92.3825 0.0010 -6.6612
v  92.3825 0.0000 -6.6612
v  93.6325 0.0000 -6.6612
v  93.6325 0.0010 -6.6612
v  94.2075 0.0000 -15.1573
v  94.2075 0.0010 -15.1573
v  94.2075 0.0000 -18.7112
v  94.2075 0.0010 -18.7112
v  91.7825 0.0000 -18.7112
v  91.7825 0.0010 -18.7112
v  91.7825 0.0000 -15.1573
v  91.7825 0.0010 -15.1573
v  91.8575 0.0010 -2.6862
v  91.8575 0.0000 -2.6862
v  94.1075 0.0000 -2.6862
v  94.1075 0.0010 -2.6862
v  94.1075 0.0000 -4.9362
v  94.1075 0.0010 -4.9362
v  91.8575 0.0000 -4.9362
v  91.8575 0.0010 -4.9362
v  94.2075 3.0010 -18.7112
v  91.7825 3.0010 -18.7112
v  91.7825 3.0010 -15.1573
v  94.2075 3.0010 -15.1573
v  92.3825 3.0010 -6.6612
v  93.6325 3.0010 -6.6612
v  94.1075 3.0010 -4.9362
v  91.8575 3.0010 -4.9362
v  91.8575 3.0010 -2.6862
v  94.1075 3.0010 -2.6862
v  98.6075 0.0010 -6.6612
v  98.6075 0.0000 -6.6612
v  99.8575 0.0000 -6.6612
v  99.8575 0.0010 -6.6612
v  100.4325 0.0000 -15.1573
v  100.4325 0.0010 -15.1573
v  100.4325 0.0000 -18.7112
v  100.4325 0.0010 -18.7112
v  98.0075 0.0000 -18.7112
v  98.0075 0.0010 -18.7112
v  98.0075 0.0000 -15.1573
v  98.0075 0.0010 -15.1573
v  98.0825 0.0010 -2.6862
v  98.0825 0.0000 -2.6862
v  100.3325 0.0000 -2.6862
v  100.3325 0.0010 -2.6862
v  100.3325 0.0000 -4.9362
v  100.3325 0.0010 -4.9362
v  98.0825 0.0000 -4.9362
v  98.0825 0.0010 -4.9362
v  100.4325 3.0010 -18.7112
v  98.0075 3.0010 -18.7112
v  98.0075 3.0010 -15.1573
v  100.4325 3.0010 -15.1573
v  98.6075 3.0010 -6.6612
v  99.8575 3.0010 -6.6612
v  100.3325 3.0010 -4.9362
v  98.0825 3.0010 -4.9362
v  98.0825 3.0010 -2.6862
v  100.3325 3.0010 -2.6862
# 2628 vertices

vn 0.0000 0.0000 1.0000
vn 0.9639 0.0000 0.2661
vn 0.9678 0.0000 0.2517
vn -0.9641 0.0000 0.2656
vn -0.9641 0.0000 0.2654
vn 0.9649 0.0000 0.2625
vn 0.0000 0.0000 -1.0000
vn -0.9719 0.0000 -0.2356
vn -0.9740 0.0000 -0.2265
vn 0.9871 0.0000 -0.1604
vn 0.9851 0.0000 -0.1719
vn 0.9810 0.0000 -0.1942
vn 0.9766 0.0000 -0.2153
vn 0.9720 0.0000 -0.2352
vn 0.9672 0.0000 -0.2540
vn 0.9648 0.0000 -0.2631
vn 0.9624 0.0000 -0.2718
vn -0.9627 0.0000 -0.2706
vn -0.9706 0.0000 -0.2405
vn 0.9789 0.0000 -0.2042
vn 0.9747 0.0000 -0.2233
vn -0.9672 0.0000 0.2540
vn 0.0000 1.0000 -0.0000
vn 0.0000 -1.0000 -0.0000
vn 1.0000 0.0000 -0.0000
vn -1.0000 0.0000 -0.0000
vn 0.9994 0.0000 0.0358
vn 0.9969 0.0000 0.0782
vn 0.9849 0.0000 0.1733
vn 0.9567 0.0000 0.2910
vn 0.9015 0.0000 0.4329
vn 0.8053 0.0000 0.5929
vn 0.6805 0.0000 0.7327
vn 0.5667 0.0000 0.8239
vn 0.4614 0.0000 0.8872
vn 0.3469 0.0000 0.9379
vn 0.2285 0.0000 0.9735
vn 0.1117 0.0000 0.9937
vn 0.0079 0.0000 1.0000
vn -0.0796 0.0000 0.9968
vn -0.1639 0.0000 0.9865
vn -0.2525 0.0000 0.9676
vn -0.3433 0.0000 0.9392
vn -0.4338 0.0000 0.9010
vn -0.5206 0.0000 0.8538
vn -0.6038 0.0000 0.7971
vn -0.6848 0.0000 0.7288
vn -0.7614 0.0000 0.6483
vn -0.8302 0.0000 0.5575
vn -0.8881 0.0000 0.4596
vn -0.9334 0.0000 0.3590
vn -0.9640 0.0000 0.2660
vn -0.9819 0.0000 0.1893
vn -0.9918 0.0000 0.1274
vn -0.9970 0.0000 0.0770
vn -0.9994 0.0000 0.0354
vn -0.9999 0.0000 0.0165
vn 1.0000 0.0000 -0.0070
vn 0.9999 0.0000 -0.0152
vn 0.9994 0.0000 -0.0338
vn 0.9983 0.0000 -0.0578
vn 0.9960 0.0000 -0.0897
vn 0.9909 0.0000 -0.1342
vn 0.9871 0.0000 -0.1603
vn 0.9727 0.0000 -0.2322
vn 0.9649 0.0000 -0.2626
vn 0.9460 0.0000 -0.3242
vn 0.9218 0.0000 -0.3878
vn 0.8918 0.0000 -0.4524
vn 0.8559 0.0000 -0.5171
vn 0.8096 0.0000 -0.5870
vn 0.7475 0.0000 -0.6643
vn 0.6756 0.0000 -0.7373
vn 0.6021 0.0000 -0.7984
vn 0.5297 0.0000 -0.8482
vn 0.4604 0.0000 -0.8877
vn 0.3940 0.0000 -0.9191
vn 0.3276 0.0000 -0.9448
vn 0.2599 0.0000 -0.9656
vn 0.1924 0.0000 -0.9813
vn 0.1261 0.0000 -0.9920
vn 0.0619 0.0000 -0.9981
vn -0.0189 0.0000 -0.9998
vn -0.1434 0.0000 -0.9897
vn -0.2989 0.0000 -0.9543
vn -0.4583 0.0000 -0.8888
vn -0.6070 0.0000 -0.7947
vn -0.7323 0.0000 -0.6809
vn -0.7856 0.0000 -0.6188
vn 0.4613 0.0000 0.8872
vn -0.6847 0.0000 0.7288
vn -0.9333 0.0000 0.3590
vn 0.9994 0.0000 -0.0339
vn 0.9909 0.0000 -0.1343
vn -0.9282 0.0000 -0.3721
vn -0.9134 0.0000 -0.4072
vn -0.8772 0.0000 -0.4801
vn -0.8292 0.0000 -0.5589
vn -0.7670 0.0000 -0.6416
vn -0.6887 0.0000 -0.7251
vn -0.5971 0.0000 -0.8021
vn -0.4994 0.0000 -0.8664
vn -0.3978 0.0000 -0.9175
vn -0.2935 0.0000 -0.9560
vn -0.1905 0.0000 -0.9817
vn -0.0923 0.0000 -0.9957
vn 0.0074 0.0000 -1.0000
vn 0.1230 0.0000 -0.9924
vn 0.2527 0.0000 -0.9675
vn 0.3844 0.0000 -0.9231
vn 0.5104 0.0000 -0.8600
vn 0.6234 0.0000 -0.7819
vn 0.7235 0.0000 -0.6903
vn 0.8126 0.0000 -0.5828
vn 0.8850 0.0000 -0.4656
vn 0.9367 0.0000 -0.3502
vn 0.9702 0.0000 -0.2421
vn 0.9895 0.0000 -0.1447
vn 0.9951 0.0000 -0.0988
vn 0.9998 0.0000 0.0208
vn 0.9999 0.0000 -0.0118
vn 0.9956 0.0000 -0.0937
vn 0.9800 0.0000 -0.1988
vn 0.9800 0.0000 -0.1989
vn 0.9489 0.0000 -0.3155
vn 0.8982 0.0000 -0.4396
vn 0.8256 0.0000 -0.5643
vn 0.7351 0.0000 -0.6779
vn 0.6321 0.0000 -0.7749
vn 0.5149 0.0000 -0.8572
vn 0.3854 0.0000 -0.9227
vn 0.2516 0.0000 -0.9678
vn 0.1216 0.0000 -0.9926
vn 0.0004 0.0000 -1.0000
vn -0.1202 0.0000 -0.9927
vn -0.2491 0.0000 -0.9685
vn -0.3824 0.0000 -0.9240
vn -0.5121 0.0000 -0.8589
vn -0.6300 0.0000 -0.7766
vn -0.7338 0.0000 -0.6793
vn -0.8247 0.0000 -0.5656
vn -0.8976 0.0000 -0.4409
vn -0.9486 0.0000 -0.3166
vn -0.9799 0.0000 -0.1997
vn -0.9956 0.0000 -0.0942
vn -1.0000 0.0000 0.0005
vn -0.9954 0.0000 0.0963
vn -0.9790 0.0000 0.2040
vn -0.9464 0.0000 0.3229
vn -0.8938 0.0000 0.4485
vn -0.8192 0.0000 0.5735
vn -0.7255 0.0000 0.6882
vn -0.6163 0.0000 0.7875
vn -0.4935 0.0000 0.8697
vn -0.3629 0.0000 0.9318
vn -0.2331 0.0000 0.9724
vn -0.1113 0.0000 0.9938
vn -0.0057 0.0000 1.0000
vn -0.0056 0.0000 1.0000
vn 0.0872 0.0000 0.9962
vn 0.1823 0.0000 0.9832
vn 0.2850 0.0000 0.9585
vn 0.3924 0.0000 0.9198
vn 0.5002 0.0000 0.8659
vn 0.6017 0.0000 0.7987
vn 0.6925 0.0000 0.7214
vn 0.7724 0.0000 0.6352
vn 0.8404 0.0000 0.5420
vn 0.8949 0.0000 0.4462
vn 0.9361 0.0000 0.3517
vn 0.9524 0.0000 0.3049
vn 0.1222 0.0000 -0.9925
vn 0.9935 0.0000 0.1138
vn 0.9860 0.0000 0.1666
vn 0.9612 0.0000 0.2758
vn 0.9204 0.0000 0.3909
vn 0.8622 0.0000 0.5065
vn 0.7874 0.0000 0.6164
vn 0.7001 0.0000 0.7140
vn 0.6020 0.0000 0.7985
vn 0.4907 0.0000 0.8713
vn 0.3685 0.0000 0.9296
vn 0.2418 0.0000 0.9703
vn 0.1177 0.0000 0.9931
vn -0.0039 0.0000 1.0000
vn -0.1346 0.0000 0.9909
vn -0.2771 0.0000 0.9609
vn -0.4208 0.0000 0.9071
vn -0.5556 0.0000 0.8314
vn -0.6727 0.0000 0.7399
vn -0.7687 0.0000 0.6396
vn -0.8466 0.0000 0.5322
vn -0.9059 0.0000 0.4236
vn -0.9461 0.0000 0.3238
vn -0.9720 0.0000 0.2351
vn -0.9875 0.0000 0.1578
vn -0.9926 0.0000 0.1218
vn 0.9998 0.0000 0.0221
vn 0.9990 0.0000 0.0452
vn 0.9957 0.0000 0.0922
vn 0.9900 0.0000 0.1413
vn 0.9814 0.0000 0.1921
vn 0.9697 0.0000 0.2443
vn 0.9518 0.0000 0.3068
vn 0.9227 0.0000 0.3855
vn 0.8816 0.0000 0.4720
vn 0.8290 0.0000 0.5593
vn 0.7647 0.0000 0.6443
vn 0.6901 0.0000 0.7237
vn 0.6084 0.0000 0.7936
vn 0.5207 0.0000 0.8537
vn 0.4247 0.0000 0.9053
vn 0.3209 0.0000 0.9471
vn 0.2131 0.0000 0.9770
vn 0.1051 0.0000 0.9945
vn 0.0018 0.0000 1.0000
vn -0.0955 0.0000 0.9954
vn -0.1885 0.0000 0.9821
vn -0.2768 0.0000 0.9609
vn -0.3586 0.0000 0.9335
vn -0.4329 0.0000 0.9014
vn -0.4678 0.0000 0.8838
vn 0.9334 0.0000 0.3587
vn 0.4875 0.0000 -0.8731
vn 0.4528 0.0000 -0.8916
vn 0.3780 0.0000 -0.9258
vn 0.2942 0.0000 -0.9557
vn 0.2020 0.0000 -0.9794
vn 0.1031 0.0000 -0.9947
vn 0.0020 0.0000 -1.0000
vn -0.0978 0.0000 -0.9952
vn -0.1977 0.0000 -0.9803
vn -0.2972 0.0000 -0.9548
vn -0.3932 0.0000 -0.9195
vn -0.4829 0.0000 -0.8756
vn -0.5748 0.0000 -0.8183
vn -0.6667 0.0000 -0.7453
vn -0.7398 0.0000 -0.6728
vn -0.7912 0.0000 -0.6116
vn -0.8281 0.0000 -0.5607
vn -0.8553 0.0000 -0.5182
vn -0.8668 0.0000 -0.4987
vn 0.0367 0.0000 0.9993
vn 0.0797 0.0000 0.9968
vn 0.1755 0.0000 0.9845
vn 0.2925 0.0000 0.9563
vn 0.4312 0.0000 0.9023
vn 0.5853 0.0000 0.8108
vn 0.7217 0.0000 0.6922
vn 0.8153 0.0000 0.5790
vn 0.8828 0.0000 0.4697
vn 0.9362 0.0000 0.3515
vn 0.9731 0.0000 0.2303
vn 0.9937 0.0000 0.1120
vn 1.0000 0.0000 0.0099
vn 0.9975 0.0000 -0.0701
vn 0.9898 0.0000 -0.1426
vn 0.9762 0.0000 -0.2170
vn 0.9564 0.0000 -0.2920
vn 0.9305 0.0000 -0.3663
vn 0.8994 0.0000 -0.4371
vn 0.8635 0.0000 -0.5044
vn 0.8207 0.0000 -0.5713
vn 0.7697 0.0000 -0.6384
vn 0.7104 0.0000 -0.7038
vn 0.6434 0.0000 -0.7655
vn 0.5711 0.0000 -0.8209
vn 0.4978 0.0000 -0.8673
vn 0.4256 0.0000 -0.9049
vn 0.3553 0.0000 -0.9347
vn 0.2881 0.0000 -0.9576
vn 0.2246 0.0000 -0.9744
vn 0.1939 0.0000 -0.9810
vn 0.1535 0.0000 -0.9882
vn 0.1322 0.0000 -0.9912
vn 0.0940 0.0000 -0.9956
vn 0.0634 0.0000 -0.9980
vn 0.0385 0.0000 -0.9993
vn 0.0178 0.0000 -0.9998
vn 0.0083 0.0000 -1.0000
vn -0.0087 0.0000 1.0000
vn -0.0189 0.0000 0.9998
vn -0.0424 0.0000 0.9991
vn -0.0730 0.0000 0.9973
vn -0.1145 0.0000 0.9934
vn -0.1737 0.0000 0.9848
vn -0.2086 0.0000 0.9780
vn -0.3182 0.0000 0.9480
vn -0.3715 0.0000 0.9284
vn -0.4762 0.0000 0.8793
vn -0.5765 0.0000 0.8171
vn -0.6682 0.0000 0.7440
vn -0.7481 0.0000 0.6636
vn -0.8161 0.0000 0.5779
vn -0.8746 0.0000 0.4849
vn -0.9228 0.0000 0.3854
vn -0.9589 0.0000 0.2839
vn -0.9829 0.0000 0.1841
vn -0.9960 0.0000 0.0891
vn -1.0000 0.0000 -0.0053
vn -0.9935 0.0000 -0.1134
vn -0.9711 0.0000 -0.2388
vn -0.9276 0.0000 -0.3736
vn -0.8602 0.0000 -0.5099
vn -0.7703 0.0000 -0.6376
vn -0.6558 0.0000 -0.7549
vn -0.5176 0.0000 -0.8556
vn -0.3782 0.0000 -0.9257
vn -0.2564 0.0000 -0.9666
vn -0.1544 0.0000 -0.9880
vn -0.0704 0.0000 -0.9975
vn -0.0326 0.0000 -0.9995
vn -0.9914 0.0000 0.1312
vn -0.9876 0.0000 0.1570
vn -0.9777 0.0000 0.2102
vn -0.9639 0.0000 0.2664
vn -0.9456 0.0000 0.3253
vn -0.9224 0.0000 0.3863
vn -0.9089 0.0000 0.4170
vn 0.8949 0.0000 -0.4462
vn 0.9065 0.0000 -0.4223
vn 0.9278 0.0000 -0.3731
vn 0.9467 0.0000 -0.3222
vn 0.9629 0.0000 -0.2698
vn 0.9763 0.0000 -0.2166
vn 0.9877 0.0000 -0.1561
vn 0.9952 0.0000 -0.0978
vn 0.9982 0.0000 -0.0592
vn 0.9994 0.0000 -0.0358
vn 0.9998 0.0000 -0.0200
vn 1.0000 0.0000 -0.0087
vn 1.0000 0.0000 -0.0039
vn 1.0000 0.0000 -0.0066
vn 0.9999 0.0000 -0.0144
vn 0.9995 0.0000 -0.0322
vn 0.9985 0.0000 -0.0552
vn 0.9963 0.0000 -0.0863
vn 0.9915 0.0000 -0.1304
vn 0.9877 0.0000 -0.1564
vn 0.9699 0.0000 -0.2436
vn 0.9608 0.0000 -0.2771
vn 0.9384 0.0000 -0.3456
vn 0.9088 0.0000 -0.4173
vn 0.8711 0.0000 -0.4910
vn 0.8251 0.0000 -0.5651
vn 0.7666 0.0000 -0.6422
vn 0.6939 0.0000 -0.7201
vn 0.6162 0.0000 -0.7876
vn 0.5417 0.0000 -0.8405
vn 0.4725 0.0000 -0.8813
vn 0.4094 0.0000 -0.9123
vn 0.3457 0.0000 -0.9383
vn 0.2750 0.0000 -0.9614
vn 0.2054 0.0000 -0.9787
vn 0.1440 0.0000 -0.9896
vn 0.0899 0.0000 -0.9959
vn 0.0424 0.0000 -0.9991
vn -0.0015 0.0000 -1.0000
vn -0.0479 0.0000 -0.9989
vn -0.0990 0.0000 -0.9951
vn -0.1539 0.0000 -0.9881
vn -0.2125 0.0000 -0.9772
vn -0.2744 0.0000 -0.9616
vn -0.3394 0.0000 -0.9407
vn -0.4083 0.0000 -0.9129
vn -0.4816 0.0000 -0.8764
vn -0.5583 0.0000 -0.8297
vn -0.6361 0.0000 -0.7716
vn -0.7123 0.0000 -0.7019
vn -0.7814 0.0000 -0.6241
vn -0.8378 0.0000 -0.5460
vn -0.8821 0.0000 -0.4710
vn -0.9171 0.0000 -0.3987
vn -0.9438 0.0000 -0.3305
vn -0.9637 0.0000 -0.2671
vn -0.9716 0.0000 -0.2366
vn -0.1288 0.0000 0.9917
vn 0.9583 0.0000 0.2858
vn 0.9459 0.0000 0.3245
vn 0.9134 0.0000 0.4071
vn 0.8657 0.0000 0.5005
vn 0.7980 0.0000 0.6027
vn 0.7056 0.0000 0.7086
vn 0.5877 0.0000 0.8091
vn 0.4581 0.0000 0.8889
vn 0.3367 0.0000 0.9416
vn 0.2306 0.0000 0.9730
vn 0.1404 0.0000 0.9901
vn 0.0647 0.0000 0.9979
vn -0.0042 0.0000 1.0000
vn -0.0823 0.0000 0.9966
vn -0.1767 0.0000 0.9843
vn -0.2851 0.0000 0.9585
vn -0.4058 0.0000 0.9139
vn -0.5337 0.0000 0.8457
vn -0.6662 0.0000 0.7458
vn -0.7919 0.0000 0.6107
vn -0.8879 0.0000 0.4601
vn -0.9481 0.0000 0.3179
vn -0.9811 0.0000 0.1933
vn -0.9961 0.0000 0.0885
vn -1.0000 0.0000 0.0098
vn -0.9998 0.0000 -0.0213
vn -0.2960 0.0000 -0.9552
vn -0.2704 0.0000 -0.9628
vn -0.2247 0.0000 -0.9744
vn -0.1891 0.0000 -0.9820
vn -0.1605 0.0000 -0.9870
vn -0.1372 0.0000 -0.9905
vn -0.1261 0.0000 -0.9920
vn -0.1323 0.0000 -0.9912
vn -0.1473 0.0000 -0.9891
vn -0.1656 0.0000 -0.9862
vn -0.1884 0.0000 -0.9821
vn -0.2173 0.0000 -0.9761
vn -0.2336 0.0000 -0.9723
vn -0.2894 0.0000 -0.9572
vn -0.3137 0.0000 -0.9495
vn -0.3626 0.0000 -0.9319
vn -0.4120 0.0000 -0.9112
vn -0.4614 0.0000 -0.8872
vn -0.5104 0.0000 -0.8599
vn -0.5632 0.0000 -0.8263
vn -0.6234 0.0000 -0.7819
vn -0.6846 0.0000 -0.7289
vn -0.7410 0.0000 -0.6715
vn -0.7917 0.0000 -0.6109
vn -0.8361 0.0000 -0.5485
vn -0.8760 0.0000 -0.4824
vn -0.9130 0.0000 -0.4079
vn -0.9450 0.0000 -0.3269
vn -0.9698 0.0000 -0.2439
vn -0.9870 0.0000 -0.1606
vn -0.9969 0.0000 -0.0790
vn -0.9999 0.0000 0.0112
vn -0.9919 0.0000 0.1267
vn -0.9653 0.0000 0.2612
vn -0.9174 0.0000 0.3981
vn -0.8489 0.0000 0.5285
vn -0.7645 0.0000 0.6446
vn -0.6660 0.0000 0.7460
vn -0.6659 0.0000 0.7460
vn -0.5503 0.0000 0.8350
vn -0.4249 0.0000 0.9052
vn -0.3026 0.0000 0.9531
vn -0.1896 0.0000 0.9819
vn -0.0890 0.0000 0.9960
vn -0.0072 0.0000 1.0000
vn 0.0562 0.0000 0.9984
vn 0.1140 0.0000 0.9935
vn 0.1731 0.0000 0.9849
vn 0.2331 0.0000 0.9725
vn 0.2932 0.0000 0.9561
vn 0.3553 0.0000 0.9348
vn 0.4191 0.0000 0.9080
vn 0.4789 0.0000 0.8779
vn 0.5318 0.0000 0.8469
vn 0.5784 0.0000 0.8158
vn 0.6192 0.0000 0.7852
vn 0.6381 0.0000 0.7700
vn -0.9985 0.0000 0.0544
vn -0.9998 0.0000 -0.0215
vn -0.9989 0.0000 -0.0459
vn -0.9950 0.0000 -0.0994
vn -0.9866 0.0000 -0.1633
vn -0.9708 0.0000 -0.2397
vn -0.9437 0.0000 -0.3308
vn -0.9014 0.0000 -0.4330
vn -0.8479 0.0000 -0.5302
vn -0.7873 0.0000 -0.6166
vn -0.7182 0.0000 -0.6959
vn -0.6430 0.0000 -0.7658
vn -0.5648 0.0000 -0.8252
vn -0.4856 0.0000 -0.8742
vn -0.4044 0.0000 -0.9146
vn -0.3208 0.0000 -0.9471
vn -0.2368 0.0000 -0.9716
vn -0.0753 0.0000 -0.9972
vn 0.0012 0.0000 -1.0000
vn 0.0831 0.0000 -0.9965
vn 0.1780 0.0000 -0.9840
vn 0.2863 0.0000 -0.9581
vn 0.4060 0.0000 -0.9139
vn 0.5321 0.0000 -0.8467
vn 0.6497 0.0000 -0.7602
vn 0.7493 0.0000 -0.6623
vn 0.8357 0.0000 -0.5492
vn 0.9082 0.0000 -0.4186
vn 0.9607 0.0000 -0.2776
vn 0.9907 0.0000 -0.1357
vn 0.9999 0.0000 -0.0102
vn 0.9957 0.0000 0.0923
vn 0.9823 0.0000 0.1872
vn 0.9592 0.0000 0.2829
vn 0.9264 0.0000 0.3765
vn 0.8851 0.0000 0.4654
vn 0.8356 0.0000 0.5493
vn 0.7764 0.0000 0.6302
vn 0.7079 0.0000 0.7063
vn 0.6331 0.0000 0.7741
vn 0.5545 0.0000 0.8322
vn 0.4749 0.0000 0.8800
vn 0.3951 0.0000 0.9186
vn 0.3224 0.0000 0.9466
vn 0.2656 0.0000 0.9641
vn 0.2228 0.0000 0.9749
vn 0.1897 0.0000 0.9818
vn 0.1633 0.0000 0.9866
vn 0.1514 0.0000 0.9885
vn 0.1639 0.0000 0.9865
vn 0.1915 0.0000 0.9815
vn 0.2245 0.0000 0.9745
vn 0.2648 0.0000 0.9643
vn 0.3148 0.0000 0.9492
vn 0.3423 0.0000 0.9396
vn -0.2809 0.0000 0.9597
vn -0.2351 0.0000 0.9720
vn -0.1843 0.0000 0.9829
vn -0.1282 0.0000 0.9918
vn -0.0665 0.0000 0.9978
vn 0.0033 0.0000 1.0000
vn 0.0846 0.0000 0.9964
vn 0.1746 0.0000 0.9846
vn 0.2695 0.0000 0.9630
vn 0.3665 0.0000 0.9304
vn 0.4626 0.0000 0.8866
vn 0.5538 0.0000 0.8326
vn 0.6354 0.0000 0.7722
vn 0.7048 0.0000 0.7094
vn 0.7625 0.0000 0.6469
vn 0.8098 0.0000 0.5867
vn 0.8481 0.0000 0.5299
vn 0.8773 0.0000 0.4799
vn 0.8980 0.0000 0.4399
vn 0.9120 0.0000 0.4102
vn 0.9214 0.0000 0.3887
vn 0.9280 0.0000 0.3726
vn 0.9330 0.0000 0.3600
vn 0.9351 0.0000 0.3544
vn 0.9374 0.0000 0.3483
vn -0.9394 0.0000 -0.3428
vn -0.9420 0.0000 -0.3357
vn -0.9445 0.0000 -0.3284
vn -0.9495 0.0000 -0.3139
vn -0.9542 0.0000 -0.2992
vn -0.9587 0.0000 -0.2843
vn -0.9630 0.0000 -0.2694
vn -0.9651 0.0000 -0.2619
vn 0.9646 0.0000 -0.2638
vn 0.9625 0.0000 -0.2711
vn 0.9583 0.0000 -0.2858
vn 0.9537 0.0000 -0.3008
vn 0.9487 0.0000 -0.3160
vn 0.9434 0.0000 -0.3315
vn 0.9407 0.0000 -0.3393
vn 0.9403 0.0000 -0.3404
vn -0.9348 0.0000 0.3552
vn -0.9399 0.0000 -0.3415
vn -0.9405 0.0000 -0.3399
vn -0.9382 0.0000 -0.3461
vn -0.9327 0.0000 -0.3607
vn -0.9247 0.0000 -0.3808
vn -0.9120 0.0000 -0.4102
vn -0.8894 0.0000 -0.4572
vn -0.8486 0.0000 -0.5290
vn -0.7978 0.0000 -0.6029
vn -0.7463 0.0000 -0.6656
vn -0.6883 0.0000 -0.7254
vn -0.6247 0.0000 -0.7808
vn -0.5568 0.0000 -0.8306
vn -0.4787 0.0000 -0.8780
vn -0.3861 0.0000 -0.9225
vn -0.2915 0.0000 -0.9566
vn -0.2054 0.0000 -0.9787
vn -0.1284 0.0000 -0.9917
vn -0.0605 0.0000 -0.9982
vn 0.0003 0.0000 -1.0000
vn 0.0564 0.0000 -0.9984
vn 0.1073 0.0000 -0.9942
vn 0.1525 0.0000 -0.9883
vn 0.1928 0.0000 -0.9812
vn 0.2286 0.0000 -0.9735
vn 0.2455 0.0000 -0.9694
vn -0.9926 0.0000 0.1216
vn -0.0922 0.0000 -0.9957
vn 0.6235 0.0000 -0.7819
vn 0.9951 0.0000 -0.0987
vn -0.9956 0.0000 -0.0941
vn -0.6164 0.0000 0.7875
vn 0.7874 0.0000 0.6165
vn 0.9998 0.0000 0.0222
vn 0.9990 0.0000 0.0451
vn 0.9697 0.0000 0.2444
vn 0.3210 0.0000 0.9471
vn -0.3932 0.0000 -0.9194
vn -0.4830 0.0000 -0.8756
vn -0.7911 0.0000 -0.6116
vn -0.8553 0.0000 -0.5181
vn -0.8768 0.0000 -0.4809
vn -0.8570 0.0000 -0.5153
vn -0.8161 0.0000 -0.5779
vn -0.7759 0.0000 -0.6308
vn -0.7375 0.0000 -0.6753
vn -0.7014 0.0000 -0.7128
vn -0.6658 0.0000 -0.7461
vn -0.6278 0.0000 -0.7784
vn -0.5875 0.0000 -0.8092
vn -0.5469 0.0000 -0.8372
vn -0.5063 0.0000 -0.8624
vn -0.4661 0.0000 -0.8848
vn -0.4460 0.0000 -0.8951
vn 0.3655 0.0000 0.9308
vn 0.3822 0.0000 0.9241
vn 0.4136 0.0000 0.9105
vn 0.4413 0.0000 0.8973
vn 0.4660 0.0000 0.8848
vn 0.4880 0.0000 0.8729
vn 0.5093 0.0000 0.8606
vn 0.5333 0.0000 0.8459
vn 0.5605 0.0000 0.8282
vn 0.5604 0.0000 0.8282
vn 0.5898 0.0000 0.8075
vn 0.6215 0.0000 0.7834
vn 0.6555 0.0000 0.7552
vn 0.6729 0.0000 0.7397
vn 0.9977 0.0000 0.0675
vn -0.9975 0.0000 0.0704
vn 0.9830 0.0000 -0.1833
vn 0.9788 0.0000 -0.2050
vn 0.9742 0.0000 -0.2255
vn 0.9696 0.0000 -0.2448
vn 0.9927 0.0000 0.1204
vn 0.9742 0.0000 0.2257
vn 0.9348 0.0000 0.3551
vn 0.8616 0.0000 0.5076
vn 0.7406 0.0000 0.6720
vn 0.6155 0.0000 0.7881
vn 0.5159 0.0000 0.8566
vn 0.4050 0.0000 0.9143
vn 0.2874 0.0000 0.9578
vn 0.1688 0.0000 0.9857
vn 0.0543 0.0000 0.9985
vn -0.0386 0.0000 0.9993
vn -0.1204 0.0000 0.9927
vn -0.2072 0.0000 0.9783
vn -0.2973 0.0000 0.9548
vn -0.3885 0.0000 0.9215
vn -0.4779 0.0000 0.8784
vn -0.5620 0.0000 0.8271
vn -0.6440 0.0000 0.7650
vn -0.7235 0.0000 0.6903
vn -0.7969 0.0000 0.6042
vn -0.8607 0.0000 0.5091
vn -0.9127 0.0000 0.4087
vn -0.9513 0.0000 0.3081
vn -0.9747 0.0000 0.2234
vn -0.9879 0.0000 0.1551
vn -0.9950 0.0000 0.0997
vn -0.9985 0.0000 0.0542
vn 0.9997 0.0000 -0.0234
vn 0.9990 0.0000 -0.0443
vn 0.9975 0.0000 -0.0714
vn 0.9941 0.0000 -0.1081
vn 0.9562 0.0000 -0.2927
vn 0.9347 0.0000 -0.3554
vn 0.9077 0.0000 -0.4197
vn 0.8748 0.0000 -0.4846
vn 0.8359 0.0000 -0.5489
vn 0.7815 0.0000 -0.6239
vn 0.7114 0.0000 -0.7028
vn 0.6381 0.0000 -0.7699
vn 0.5648 0.0000 -0.8252
vn 0.4937 0.0000 -0.8696
vn 0.4264 0.0000 -0.9045
vn 0.3612 0.0000 -0.9325
vn 0.2936 0.0000 -0.9559
vn 0.2258 0.0000 -0.9742
vn 0.1588 0.0000 -0.9873
vn 0.0934 0.0000 -0.9956
vn 0.0304 0.0000 -0.9995
vn -0.0682 0.0000 -0.9977
vn -0.2178 0.0000 -0.9760
vn -0.3779 0.0000 -0.9258
vn -0.5350 0.0000 -0.8448
vn -0.6742 0.0000 -0.7385
vn 0.9742 0.0000 0.2256
vn 0.9348 0.0000 0.3550
vn -0.6440 0.0000 0.7651
vn -0.8607 0.0000 0.5090
vn -0.9126 0.0000 0.4088
vn 0.9997 0.0000 -0.0235
vn 0.9975 0.0000 -0.0713
vn 0.8747 0.0000 -0.4846
vn -0.8972 0.0000 -0.4416
vn -0.8556 0.0000 -0.5176
vn -0.8009 0.0000 -0.5988
vn -0.7308 0.0000 -0.6826
vn -0.6441 0.0000 -0.7650
vn -0.5481 0.0000 -0.8364
vn -0.4490 0.0000 -0.8935
vn -0.3453 0.0000 -0.9385
vn -0.2409 0.0000 -0.9706
vn -0.1397 0.0000 -0.9902
vn -0.0446 0.0000 -0.9990
vn 0.0594 0.0000 -0.9982
vn 0.1860 0.0000 -0.9825
vn 0.3183 0.0000 -0.9480
vn 0.4487 0.0000 -0.8937
vn 0.5695 0.0000 -0.8220
vn 0.6746 0.0000 -0.7382
vn 0.7691 0.0000 -0.6392
vn 0.8521 0.0000 -0.5234
vn 0.9140 0.0000 -0.4058
vn 0.9560 0.0000 -0.2933
vn 0.9817 0.0000 -0.1903
vn 0.9897 0.0000 -0.1429
vn 0.9672 0.0000 -0.2542
vn 0.9268 0.0000 -0.3755
vn 0.8652 0.0000 -0.5015
vn 0.6850 0.0000 -0.7285
vn 0.5760 0.0000 -0.8175
vn 0.4511 0.0000 -0.8925
vn 0.3177 0.0000 -0.9482
vn 0.1843 0.0000 -0.9829
vn 0.0585 0.0000 -0.9983
vn -0.0577 0.0000 -0.9983
vn -0.1822 0.0000 -0.9833
vn -0.3148 0.0000 -0.9492
vn -0.4480 0.0000 -0.8940
vn -0.5734 0.0000 -0.8193
vn -0.6834 0.0000 -0.7300
vn -0.7805 0.0000 -0.6252
vn -0.8644 0.0000 -0.5028
vn -0.9263 0.0000 -0.3768
vn -0.9669 0.0000 -0.2551
vn -0.9896 0.0000 -0.1435
vn -0.9990 0.0000 -0.0446
vn -0.9990 0.0000 0.0456
vn -0.9892 0.0000 0.1468
vn -0.9655 0.0000 0.2605
vn -0.9234 0.0000 0.3839
vn -0.8597 0.0000 0.5108
vn -0.7742 0.0000 0.6329
vn -0.6729 0.0000 0.7397
vn -0.5564 0.0000 0.8309
vn -0.4279 0.0000 0.9038
vn -0.2961 0.0000 0.9552
vn -0.1692 0.0000 0.9856
vn -0.0531 0.0000 0.9986
vn 0.0418 0.0000 0.9991
vn 0.1324 0.0000 0.9912
vn 0.2317 0.0000 0.9728
vn 0.3375 0.0000 0.9413
vn 0.4460 0.0000 0.8950
vn 0.5525 0.0000 0.8335
vn 0.6487 0.0000 0.7610
vn 0.7338 0.0000 0.6793
vn 0.8083 0.0000 0.5888
vn 0.8698 0.0000 0.4935
vn 0.9175 0.0000 0.3976
vn 0.9758 0.0000 0.2189
vn 0.9433 0.0000 0.3318
vn 0.8939 0.0000 0.4484
vn 0.8268 0.0000 0.5624
vn 0.7444 0.0000 0.6677
vn 0.6529 0.0000 0.7574
vn 0.5486 0.0000 0.8361
vn 0.4306 0.0000 0.9026
vn 0.3047 0.0000 0.9525
vn 0.1780 0.0000 0.9840
vn 0.0569 0.0000 0.9984
vn -0.0648 0.0000 0.9979
vn -0.2037 0.0000 0.9790
vn -0.3488 0.0000 0.9372
vn -0.4902 0.0000 0.8716
vn -0.6177 0.0000 0.7864
vn -0.7243 0.0000 0.6895
vn -0.8097 0.0000 0.5868
vn -0.8799 0.0000 0.4752
vn -0.9288 0.0000 0.3705
vn -0.9611 0.0000 0.2763
vn -0.9811 0.0000 0.1935
vn 0.9977 0.0000 0.0681
vn 0.9932 0.0000 0.1162
vn 0.9861 0.0000 0.1662
vn 0.9760 0.0000 0.2178
vn 0.9627 0.0000 0.2707
vn 0.9395 0.0000 0.3425
vn 0.9039 0.0000 0.4276
vn 0.8571 0.0000 0.5151
vn 0.7985 0.0000 0.6020
vn 0.7287 0.0000 0.6848
vn 0.6495 0.0000 0.7604
vn 0.5656 0.0000 0.8247
vn 0.4743 0.0000 0.8804
vn 0.3738 0.0000 0.9275
vn 0.2671 0.0000 0.9637
vn 0.1584 0.0000 0.9874
vn 0.0516 0.0000 0.9987
vn -0.0480 0.0000 0.9988
vn -0.1428 0.0000 0.9897
vn -0.2339 0.0000 0.9723
vn -0.3192 0.0000 0.9477
vn -0.3974 0.0000 0.9177
vn 0.4174 0.0000 -0.9087
vn 0.3380 0.0000 -0.9411
vn 0.2498 0.0000 -0.9683
vn 0.1537 0.0000 -0.9881
vn 0.0521 0.0000 -0.9986
vn -0.0482 0.0000 -0.9988
vn -0.2476 0.0000 -0.9689
vn -0.3460 0.0000 -0.9382
vn -0.4394 0.0000 -0.8983
vn -0.5253 0.0000 -0.8509
vn -0.6222 0.0000 -0.7829
vn -0.7089 0.0000 -0.7053
vn -0.7692 0.0000 -0.6390
vn -0.8121 0.0000 -0.5835
vn -0.8434 0.0000 -0.5373
vn 0.1225 0.0000 0.9925
vn 0.2280 0.0000 0.9737
vn 0.3557 0.0000 0.9346
vn 0.5037 0.0000 0.8639
vn 0.6613 0.0000 0.7501
vn 0.7770 0.0000 0.6295
vn 0.8504 0.0000 0.5261
vn 0.9115 0.0000 0.4112
vn 0.9569 0.0000 0.2903
vn 0.9855 0.0000 0.1694
vn 0.9985 0.0000 0.0542
vn 0.9994 0.0000 -0.0344
vn 0.9944 0.0000 -0.1056
vn 0.9838 0.0000 -0.1793
vn 0.9671 0.0000 -0.2543
vn 0.9442 0.0000 -0.3293
vn 0.9153 0.0000 -0.4028
vn 0.8822 0.0000 -0.4709
vn 0.8434 0.0000 -0.5372
vn 0.7966 0.0000 -0.6045
vn 0.7414 0.0000 -0.6711
vn 0.6780 0.0000 -0.7351
vn 0.6074 0.0000 -0.7944
vn 0.5336 0.0000 -0.8457
vn 0.4610 0.0000 -0.8874
vn 0.3896 0.0000 -0.9210
vn 0.3206 0.0000 -0.9472
vn 0.2552 0.0000 -0.9669
vn 0.1109 0.0000 -0.9938
vn 0.0771 0.0000 -0.9970
vn 0.0497 0.0000 -0.9988
vn 0.0272 0.0000 -0.9996
vn -0.0292 0.0000 0.9996
vn -0.0555 0.0000 0.9985
vn -0.0904 0.0000 0.9959
vn -0.1385 0.0000 0.9904
vn -0.4237 0.0000 0.9058
vn -0.5271 0.0000 0.8498
vn -0.6239 0.0000 0.7815
vn -0.7102 0.0000 0.7040
vn -0.7837 0.0000 0.6212
vn -0.8462 0.0000 0.5329
vn -0.9002 0.0000 0.4354
vn -0.9425 0.0000 0.3341
vn -0.9725 0.0000 0.2328
vn -0.9908 0.0000 0.1350
vn -0.9991 0.0000 0.0431
vn -0.9986 0.0000 -0.0538
vn -0.9850 0.0000 -0.1726
vn -0.9527 0.0000 -0.3039
vn -0.8974 0.0000 -0.4413
vn -0.8179 0.0000 -0.5754
vn -0.7181 0.0000 -0.6959
vn -0.5887 0.0000 -0.8084
vn -0.4428 0.0000 -0.8966
vn -0.3117 0.0000 -0.9502
vn -0.2003 0.0000 -0.9797
vn -0.1082 0.0000 -0.9941
vn -0.9832 0.0000 0.1828
vn -0.9714 0.0000 0.2375
vn -0.9555 0.0000 0.2951
vn -0.9348 0.0000 0.3551
vn 0.9174 0.0000 -0.3980
vn 0.9375 0.0000 -0.3479
vn 0.9551 0.0000 -0.2962
vn 0.9700 0.0000 -0.2433
vn 0.9818 0.0000 -0.1897
vn 0.9925 0.0000 -0.1223
vn 0.9973 0.0000 -0.0733
vn 0.9990 0.0000 -0.0450
vn 0.9996 0.0000 -0.0265
vn 0.9999 0.0000 -0.0135
vn 0.9998 0.0000 -0.0222
vn 0.9991 0.0000 -0.0421
vn 0.9977 0.0000 -0.0683
vn 0.9945 0.0000 -0.1043
vn 0.9507 0.0000 -0.3102
vn 0.9248 0.0000 -0.3805
vn 0.8913 0.0000 -0.4535
vn 0.8494 0.0000 -0.5277
vn 0.7990 0.0000 -0.6013
vn 0.7320 0.0000 -0.6813
vn 0.6537 0.0000 -0.7568
vn 0.5772 0.0000 -0.8166
vn 0.5053 0.0000 -0.8630
vn 0.4391 0.0000 -0.8984
vn 0.3793 0.0000 -0.9253
vn 0.3117 0.0000 -0.9502
vn 0.2380 0.0000 -0.9713
vn 0.1727 0.0000 -0.9850
vn 0.1152 0.0000 -0.9933
vn 0.0646 0.0000 -0.9979
vn 0.0202 0.0000 -0.9998
vn -0.0232 0.0000 -0.9997
vn -0.0725 0.0000 -0.9974
vn -0.1255 0.0000 -0.9921
vn -0.1823 0.0000 -0.9832
vn -0.2426 0.0000 -0.9701
vn -0.3059 0.0000 -0.9521
vn -0.3723 0.0000 -0.9281
vn -0.4436 0.0000 -0.8962
vn -0.5188 0.0000 -0.8549
vn -0.5965 0.0000 -0.8026
vn -0.6741 0.0000 -0.7387
vn -0.7485 0.0000 -0.6631
vn -0.8122 0.0000 -0.5834
vn -0.8616 0.0000 -0.5076
vn -0.9011 0.0000 -0.4336
vn -0.9317 0.0000 -0.3632
vn -0.9548 0.0000 -0.2974
vn 0.9319 0.0000 0.3627
vn 0.8927 0.0000 0.4506
vn 0.8360 0.0000 0.5488
vn 0.7565 0.0000 0.6539
vn 0.6507 0.0000 0.7593
vn 0.5208 0.0000 0.8537
vn 0.3931 0.0000 0.9195
vn 0.2792 0.0000 0.9602
vn 0.1814 0.0000 0.9834
vn 0.0991 0.0000 0.9951
vn 0.0302 0.0000 0.9995
vn -0.1258 0.0000 0.9921
vn -0.2271 0.0000 0.9739
vn -0.3421 0.0000 0.9397
vn -0.4677 0.0000 0.8839
vn -0.5967 0.0000 0.8025
vn -0.7304 0.0000 0.6830
vn -0.8462 0.0000 0.5328
vn -0.9233 0.0000 0.3842
vn -0.9682 0.0000 0.2501
vn -0.9907 0.0000 0.1358
vn -0.9992 0.0000 0.0409
vn -0.2446 0.0000 -0.9696
vn -0.2048 0.0000 -0.9788
vn -0.1733 0.0000 -0.9849
vn -0.1477 0.0000 -0.9890
vn -0.1267 0.0000 -0.9919
vn -0.1391 0.0000 -0.9903
vn -0.1555 0.0000 -0.9878
vn -0.1757 0.0000 -0.9844
vn -0.2010 0.0000 -0.9796
vn -0.3379 0.0000 -0.9412
vn -0.3871 0.0000 -0.9220
vn -0.4366 0.0000 -0.8997
vn -0.4859 0.0000 -0.8740
vn -0.5345 0.0000 -0.8452
vn -0.5912 0.0000 -0.8065
vn -0.6545 0.0000 -0.7560
vn -0.7136 0.0000 -0.7006
vn -0.7673 0.0000 -0.6413
vn -0.8149 0.0000 -0.5796
vn -0.8562 0.0000 -0.5167
vn -0.8944 0.0000 -0.4473
vn -0.9299 0.0000 -0.3678
vn -0.9584 0.0000 -0.2854
vn -0.9794 0.0000 -0.2019
vn -0.9929 0.0000 -0.1191
vn -0.9992 0.0000 -0.0388
vn -0.9981 0.0000 0.0611
vn -0.9814 0.0000 0.1919
vn -0.9443 0.0000 0.3292
vn -0.8855 0.0000 0.4647
vn -0.8078 0.0000 0.5894
vn -0.7175 0.0000 0.6966
vn -0.6110 0.0000 0.7916
vn -0.4865 0.0000 0.8737
vn -0.3612 0.0000 0.9325
vn -0.2428 0.0000 0.9701
vn -0.1358 0.0000 0.9907
vn -0.0420 0.0000 0.9991
vn 0.0277 0.0000 0.9996
vn 0.1432 0.0000 0.9897
vn 0.2029 0.0000 0.9792
vn 0.2631 0.0000 0.9648
vn 0.3230 0.0000 0.9464
vn 0.3871 0.0000 0.9220
vn 0.4505 0.0000 0.8928
vn 0.5068 0.0000 0.8621
vn 0.5564 0.0000 0.8309
vn 0.5999 0.0000 0.8000
vn -0.9975 0.0000 -0.0703
vn -0.9917 0.0000 -0.1284
vn -0.9802 0.0000 -0.1979
vn -0.9597 0.0000 -0.2810
vn -0.9251 0.0000 -0.3797
vn -0.8746 0.0000 -0.4849
vn -0.8189 0.0000 -0.5740
vn -0.7535 0.0000 -0.6574
vn -0.6808 0.0000 -0.7324
vn -0.6036 0.0000 -0.7973
vn -0.5248 0.0000 -0.8512
vn -0.4454 0.0000 -0.8953
vn -0.2784 0.0000 -0.9605
vn -0.1948 0.0000 -0.9808
vn -0.1138 0.0000 -0.9935
vn -0.0367 0.0000 -0.9993
vn 0.0391 0.0000 -0.9992
vn 0.1270 0.0000 -0.9919
vn 0.2285 0.0000 -0.9735
vn 0.3430 0.0000 -0.9393
vn 0.4672 0.0000 -0.8842
vn 0.5940 0.0000 -0.8045
vn 0.7021 0.0000 -0.7121
vn 0.7929 0.0000 -0.6093
vn 0.8738 0.0000 -0.4862
vn 0.9373 0.0000 -0.3485
vn 0.9787 0.0000 -0.2051
vn 0.9978 0.0000 -0.0657
vn 0.9990 0.0000 0.0453
vn 0.9903 0.0000 0.1391
vn 0.9720 0.0000 0.2349
vn 0.9439 0.0000 0.3301
vn 0.9066 0.0000 0.4220
vn 0.8615 0.0000 0.5078
vn 0.8077 0.0000 0.5896
vn 0.7431 0.0000 0.6692
vn 0.6709 0.0000 0.7415
vn 0.5937 0.0000 0.8047
vn 0.5141 0.0000 0.8577
vn 0.4348 0.0000 0.9005
vn 0.3547 0.0000 0.9350
vn 0.2897 0.0000 0.9571
vn 0.2413 0.0000 0.9704
vn 0.2043 0.0000 0.9789
vn 0.1750 0.0000 0.9846
vn 0.1515 0.0000 0.9885
vn 0.1765 0.0000 0.9843
vn 0.2064 0.0000 0.9785
vn 0.2426 0.0000 0.9701
vn 0.2870 0.0000 0.9579
vn -0.2591 0.0000 0.9658
vn -0.2109 0.0000 0.9775
vn -0.1575 0.0000 0.9875
vn -0.0987 0.0000 0.9951
vn -0.0343 0.0000 0.9994
vn 0.0409 0.0000 0.9992
vn 0.1280 0.0000 0.9918
vn 0.2209 0.0000 0.9753
vn 0.3174 0.0000 0.9483
vn 0.4146 0.0000 0.9100
vn 0.5969 0.0000 0.8023
vn 0.6724 0.0000 0.7402
vn 0.7358 0.0000 0.6772
vn 0.7880 0.0000 0.6156
vn 0.8305 0.0000 0.5570
vn 0.8648 0.0000 0.5022
vn 0.8893 0.0000 0.4572
vn 0.9064 0.0000 0.4224
vn 0.9175 0.0000 0.3978
vn 0.9252 0.0000 0.3796
vn 0.9308 0.0000 0.3655
vn -0.9470 0.0000 -0.3212
vn -0.9519 0.0000 -0.3065
vn -0.9565 0.0000 -0.2918
vn -0.9609 0.0000 -0.2769
vn 0.9605 0.0000 -0.2784
vn 0.9560 0.0000 -0.2932
vn 0.9513 0.0000 -0.3084
vn 0.9462 0.0000 -0.3237
vn -0.9359 0.0000 -0.3523
vn -0.9294 0.0000 -0.3690
vn -0.9198 0.0000 -0.3925
vn -0.9039 0.0000 -0.4277
vn -0.8739 0.0000 -0.4862
vn -0.8213 0.0000 -0.5706
vn -0.7731 0.0000 -0.6342
vn -0.7182 0.0000 -0.6958
vn -0.6572 0.0000 -0.7537
vn -0.5912 0.0000 -0.8066
vn -0.5215 0.0000 -0.8533
vn -0.4347 0.0000 -0.9006
vn -0.3365 0.0000 -0.9417
vn -0.2459 0.0000 -0.9693
vn -0.1645 0.0000 -0.9864
vn -0.0287 0.0000 -0.9996
vn 0.0294 0.0000 -0.9996
vn 0.0833 0.0000 -0.9965
vn 0.1312 0.0000 -0.9914
vn 0.1738 0.0000 -0.9848
vn 0.2117 0.0000 -0.9773
vn -0.2408 0.0000 -0.9706
vn 0.7690 0.0000 -0.6392
vn -0.8644 0.0000 -0.5029
vn -0.9990 0.0000 -0.0445
vn -0.0530 0.0000 0.9986
vn 0.7338 0.0000 0.6794
vn 0.9433 0.0000 0.3319
vn 0.8939 0.0000 0.4483
vn -0.4903 0.0000 0.8716
vn 0.9040 0.0000 0.4276
vn -0.3973 0.0000 0.9177
vn 0.1538 0.0000 -0.9881
vn -0.5254 0.0000 -0.8509
vn -0.8359 0.0000 -0.5488
vn -0.7952 0.0000 -0.6063
vn -0.7559 0.0000 -0.6547
vn -0.7186 0.0000 -0.6954
vn -0.6837 0.0000 -0.7297
vn -0.6476 0.0000 -0.7620
vn -0.6076 0.0000 -0.7943
vn -0.5670 0.0000 -0.8237
vn -0.5264 0.0000 -0.8503
vn 0.3988 0.0000 0.9170
vn 0.4282 0.0000 0.9037
vn 0.4543 0.0000 0.8908
vn 0.4775 0.0000 0.8786
vn 0.4983 0.0000 0.8670
vn 0.5202 0.0000 0.8541
vn 0.5463 0.0000 0.8376
vn 0.5745 0.0000 0.8185
vn 0.6050 0.0000 0.7963
vn 0.6377 0.0000 0.7702
# 1131 vertex normals

o TextPlus001
g TextPlus001
usemtl wire_056086164
s 1
f 1//1 2//1 3//1 
f 1//1 3//1 4//1 
s 4
f 4//2 3//2 5//2 
f 4//2 5//2 6//2 
s 2
f 6//3 5//3 7//3 
f 6//3 7//3 8//3 
s 4
f 8//4 7//4 9//4 
f 8//4 9//4 10//4 
s 2
f 10//5 9//5 11//5 
f 10//5 11//5 12//5 
s 4
f 12//1 11//1 13//1 
f 12//1 13//1 14//1 
s 2
f 14//6 13//6 15//6 
f 14//6 15//6 16//6 
s 4
f 16//7 15//7 17//7 
f 16//7 17//7 18//7 
s 2
f 18//8 17//8 19//8 
f 18//8 19//8 20//8 
s 4
f 20//9 19//9 21//9 
f 20//9 21//9 22//9 
s 2
f 22//10 21//10 23//11 
f 22//10 23//11 24//11 
f 24//11 23//11 25//12 
f 24//11 25//12 26//12 
f 26//12 25//12 27//13 
f 26//12 27//13 28//13 
f 28//13 27//13 29//14 
f 28//13 29//14 30//14 
f 30//14 29//14 31//15 
f 30//14 31//15 32//15 
f 32//15 31//15 33//16 
f 32//15 33//16 34//16 
s 4
f 34//17 33//17 35//17 
f 34//17 35//17 36//17 
s 2
f 36//7 35//7 37//7 
f 36//7 37//7 38//7 
s 4
f 38//18 37//18 39//18 
f 38//18 39//18 40//18 
s 2
f 40//19 39//19 41//19 
f 40//19 41//19 42//19 
s 4
f 42//20 41//20 43//20 
f 42//20 43//20 44//20 
s 2
f 44//21 43//21 45//21 
f 44//21 45//21 46//21 
s 4
f 46//7 45//7 47//7 
f 46//7 47//7 48//7 
s 2
f 48//22 47//22 2//22 
f 48//22 2//22 1//22 
s 512
f 49//23 50//23 51//23 
f 49//23 51//23 52//23 
f 49//23 52//23 53//23 
f 54//23 49//23 53//23 
f 55//23 54//23 53//23 
f 55//23 53//23 56//23 
f 55//23 56//23 57//23 
f 55//23 57//23 58//23 
f 55//23 58//23 59//23 
f 55//23 59//23 60//23 
f 55//23 60//23 61//23 
f 55//23 61//23 62//23 
f 63//23 55//23 62//23 
f 63//23 62//23 64//23 
f 63//23 64//23 65//23 
f 66//23 63//23 65//23 
f 67//23 66//23 65//23 
f 67//23 65//23 68//23 
f 69//23 67//23 68//23 
f 70//23 69//23 68//23 
f 70//23 68//23 71//23 
f 70//23 71//23 72//23 
f 13//24 17//24 15//24 
f 13//24 19//24 17//24 
f 13//24 21//24 19//24 
f 11//24 21//24 13//24 
f 9//24 21//24 11//24 
f 9//24 23//24 21//24 
f 9//24 25//24 23//24 
f 9//24 27//24 25//24 
f 9//24 29//24 27//24 
f 9//24 31//24 29//24 
f 9//24 33//24 31//24 
f 9//24 35//24 33//24 
f 7//24 35//24 9//24 
f 7//24 37//24 35//24 
f 7//24 39//24 37//24 
f 5//24 39//24 7//24 
f 3//24 39//24 5//24 
f 3//24 41//24 39//24 
f 2//24 41//24 3//24 
f 47//24 41//24 2//24 
f 47//24 43//24 41//24 
f 47//24 45//24 43//24 
s 1
f 73//1 74//1 75//1 
f 73//1 75//1 76//1 
s 4
f 76//25 75//25 77//25 
f 76//25 77//25 78//25 
s 2
f 78//7 77//7 79//7 
f 78//7 79//7 80//7 
s 4
f 80//26 79//26 74//26 
f 80//26 74//26 73//26 
s 1
f 81//1 82//1 83//1 
f 81//1 83//1 84//1 
s 4
f 84//25 83//25 85//25 
f 84//25 85//25 86//25 
s 2
f 86//7 85//7 87//7 
f 86//7 87//7 88//7 
s 4
f 88//26 87//26 82//26 
f 88//26 82//26 81//26 
s 512
f 89//23 90//23 91//23 
f 92//23 89//23 91//23 
f 93//23 94//23 95//23 
f 96//23 93//23 95//23 
f 77//24 74//24 79//24 
f 75//24 74//24 77//24 
f 85//24 82//24 87//24 
f 83//24 82//24 85//24 
s 1
f 97//1 98//1 99//1 
f 97//1 99//1 100//1 
s 4
f 100//25 99//25 101//25 
f 100//25 101//25 102//25 
s 2
f 102//27 101//27 103//28 
f 102//27 103//28 104//28 
f 104//28 103//28 105//29 
f 104//28 105//29 106//29 
f 106//29 105//29 107//30 
f 106//29 107//30 108//30 
f 108//30 107//30 109//31 
f 108//30 109//31 110//31 
f 110//31 109//31 111//32 
f 110//31 111//32 112//32 
f 112//32 111//32 113//33 
f 112//32 113//33 114//33 
f 114//33 113//33 115//34 
f 114//33 115//34 116//34 
f 116//34 115//34 117//35 
f 116//34 117//35 118//35 
f 118//35 117//35 119//36 
f 118//35 119//36 120//36 
f 120//36 119//36 121//37 
f 120//36 121//37 122//37 
f 122//37 121//37 123//38 
f 122//37 123//38 124//38 
f 124//38 123//38 125//39 
f 124//38 125//39 126//39 
f 126//39 125//39 127//40 
f 126//39 127//40 128//40 
f 128//40 127//40 129//41 
f 128//40 129//41 130//41 
f 130//41 129//41 131//42 
f 130//41 131//42 132//42 
f 132//42 131//42 133//43 
f 132//42 133//43 134//43 
f 134//43 133//43 135//44 
f 134//43 135//44 136//44 
f 136//44 135//44 137//45 
f 136//44 137//45 138//45 
f 138//45 137//45 139//46 
f 138//45 139//46 140//46 
f 140//46 139//46 141//47 
f 140//46 141//47 142//47 
f 142//47 141//47 143//48 
f 142//47 143//48 144//48 
f 144//48 143//48 145//49 
f 144//48 145//49 146//49 
f 146//49 145//49 147//50 
f 146//49 147//50 148//50 
f 148//50 147//50 149//51 
f 148//50 149//51 150//51 
f 150//51 149//51 151//52 
f 150//51 151//52 152//52 
f 152//52 151//52 153//53 
f 152//52 153//53 154//53 
f 154//53 153//53 155//54 
f 154//53 155//54 156//54 
f 156//54 155//54 157//55 
f 156//54 157//55 158//55 
f 158//55 157//55 159//56 
f 158//55 159//56 160//56 
f 160//56 159//56 161//57 
f 160//56 161//57 162//57 
s 4
f 162//26 161//26 163//26 
f 162//26 163//26 164//26 
s 2
f 164//1 163//1 165//1 
f 164//1 165//1 166//1 
s 4
f 166//25 165//25 167//25 
f 166//25 167//25 168//25 
s 2
f 168//58 167//58 169//59 
f 168//58 169//59 170//59 
f 170//59 169//59 171//60 
f 170//59 171//60 172//60 
f 172//60 171//60 173//61 
f 172//60 173//61 174//61 
f 174//61 173//61 175//62 
f 174//61 175//62 176//62 
f 176//62 175//62 177//63 
f 176//62 177//63 178//63 
f 178//63 177//63 179//64 
f 178//63 179//64 180//64 
s 4
f 180//65 179//65 181//66 
f 180//65 181//66 182//66 
f 182//66 181//66 183//67 
f 182//66 183//67 184//67 
f 184//67 183//67 185//68 
f 184//67 185//68 186//68 
f 186//68 185//68 187//69 
f 186//68 187//69 188//69 
f 188//69 187//69 189//70 
f 188//69 189//70 190//70 
f 190//70 189//70 191//71 
f 190//70 191//71 192//71 
f 192//71 191//71 193//72 
f 192//71 193//72 194//72 
f 194//72 193//72 195//73 
f 194//72 195//73 196//73 
f 196//73 195//73 197//74 
f 196//73 197//74 198//74 
f 198//74 197//74 199//75 
f 198//74 199//75 200//75 
f 200//75 199//75 201//76 
f 200//75 201//76 202//76 
f 202//76 201//76 203//77 
f 202//76 203//77 204//77 
f 204//77 203//77 205//78 
f 204//77 205//78 206//78 
f 206//78 205//78 207//79 
f 206//78 207//79 208//79 
f 208//79 207//79 209//80 
f 208//79 209//80 210//80 
f 210//80 209//80 211//81 
f 210//80 211//81 212//81 
f 212//81 211//81 213//82 
f 212//81 213//82 214//82 
f 214//82 213//82 215//83 
f 214//82 215//83 216//83 
f 216//83 215//83 217//84 
f 216//83 217//84 218//84 
f 218//84 217//84 219//85 
f 218//84 219//85 220//85 
f 220//85 219//85 221//86 
f 220//85 221//86 222//86 
f 222//86 221//86 223//87 
f 222//86 223//87 224//87 
f 224//87 223//87 225//88 
f 224//87 225//88 226//88 
f 226//88 225//88 227//89 
f 226//88 227//89 228//89 
s 2
f 228//25 227//25 229//25 
f 228//25 229//25 230//25 
s 4
f 230//7 229//7 231//7 
f 230//7 231//7 232//7 
s 2
f 232//26 231//26 98//26 
f 232//26 98//26 97//26 
s 512
f 233//23 234//23 235//23 
f 236//23 233//23 235//23 
f 236//23 235//23 237//23 
f 236//23 237//23 238//23 
f 236//23 238//23 239//23 
f 236//23 239//23 240//23 
f 236//23 240//23 241//23 
f 236//23 241//23 242//23 
f 236//23 242//23 243//23 
f 236//23 243//23 244//23 
f 245//23 236//23 244//23 
f 245//23 244//23 246//23 
f 247//23 245//23 246//23 
f 247//23 246//23 248//23 
f 249//23 247//23 248//23 
f 249//23 248//23 250//23 
f 251//23 252//23 253//23 
f 254//23 251//23 253//23 
f 255//23 254//23 253//23 
f 255//23 253//23 256//23 
f 257//23 255//23 256//23 
f 257//23 256//23 258//23 
f 259//23 257//23 258//23 
f 259//23 258//23 260//23 
f 259//23 260//23 261//23 
f 262//23 259//23 261//23 
f 262//23 261//23 263//23 
f 264//23 262//23 263//23 
f 264//23 263//23 265//23 
f 264//23 265//23 266//23 
f 267//23 264//23 266//23 
f 267//23 266//23 268//23 
f 267//23 268//23 269//23 
f 270//23 267//23 269//23 
f 270//23 269//23 271//23 
f 270//23 271//23 272//23 
f 273//23 270//23 272//23 
f 273//23 272//23 274//23 
f 273//23 274//23 275//23 
f 276//23 273//23 275//23 
f 276//23 275//23 277//23 
f 276//23 277//23 278//23 
f 279//23 276//23 278//23 
f 279//23 278//23 280//23 
f 279//23 280//23 281//23 
f 282//23 279//23 281//23 
f 282//23 281//23 283//23 
f 284//23 282//23 283//23 
f 284//23 283//23 285//23 
f 286//23 284//23 285//23 
f 286//23 285//23 287//23 
f 288//23 286//23 287//23 
f 288//23 287//23 289//23 
f 288//23 289//23 290//23 
f 291//23 288//23 290//23 
f 291//23 290//23 292//23 
f 293//23 291//23 292//23 
f 293//23 292//23 294//23 
f 295//23 293//23 294//23 
f 295//23 294//23 296//23 
f 297//23 295//23 296//23 
f 298//23 297//23 296//23 
f 298//23 296//23 299//23 
f 300//23 298//23 299//23 
f 300//23 299//23 249//23 
f 300//23 249//23 250//23 
f 229//24 98//24 231//24 
f 227//24 98//24 229//24 
f 227//24 99//24 98//24 
f 227//24 101//24 99//24 
f 227//24 103//24 101//24 
f 227//24 105//24 103//24 
f 227//24 107//24 105//24 
f 227//24 109//24 107//24 
f 227//24 111//24 109//24 
f 227//24 113//24 111//24 
f 225//24 113//24 227//24 
f 225//24 115//24 113//24 
f 223//24 115//24 225//24 
f 223//24 117//24 115//24 
f 221//24 117//24 223//24 
f 221//24 119//24 117//24 
f 163//24 167//24 165//24 
f 161//24 167//24 163//24 
f 159//24 167//24 161//24 
f 159//24 169//24 167//24 
f 157//24 169//24 159//24 
f 157//24 171//24 169//24 
f 155//24 171//24 157//24 
f 155//24 173//24 171//24 
f 155//24 175//24 173//24 
f 153//24 175//24 155//24 
f 153//24 177//24 175//24 
f 151//24 177//24 153//24 
f 151//24 179//24 177//24 
f 151//24 181//24 179//24 
f 149//24 181//24 151//24 
f 149//24 183//24 181//24 
f 149//24 185//24 183//24 
f 147//24 185//24 149//24 
f 147//24 187//24 185//24 
f 147//24 189//24 187//24 
f 145//24 189//24 147//24 
f 145//24 191//24 189//24 
f 145//24 193//24 191//24 
f 143//24 193//24 145//24 
f 143//24 195//24 193//24 
f 143//24 197//24 195//24 
f 141//24 197//24 143//24 
f 141//24 199//24 197//24 
f 141//24 201//24 199//24 
f 139//24 201//24 141//24 
f 139//24 203//24 201//24 
f 137//24 203//24 139//24 
f 137//24 205//24 203//24 
f 135//24 205//24 137//24 
f 135//24 207//24 205//24 
f 133//24 207//24 135//24 
f 133//24 209//24 207//24 
f 133//24 211//24 209//24 
f 131//24 211//24 133//24 
f 131//24 213//24 211//24 
f 129//24 213//24 131//24 
f 129//24 215//24 213//24 
f 127//24 215//24 129//24 
f 127//24 217//24 215//24 
f 125//24 217//24 127//24 
f 123//24 217//24 125//24 
f 123//24 219//24 217//24 
f 121//24 219//24 123//24 
f 121//24 221//24 219//24 
f 121//24 119//24 221//24 
s 1
f 301//1 302//1 303//1 
f 301//1 303//1 304//1 
s 4
f 304//25 303//25 305//25 
f 304//25 305//25 306//25 
s 2
f 306//27 305//27 307//28 
f 306//27 307//28 308//28 
f 308//28 307//28 309//29 
f 308//28 309//29 310//29 
f 310//29 309//29 311//30 
f 310//29 311//30 312//30 
f 312//30 311//30 313//31 
f 312//30 313//31 314//31 
f 314//31 313//31 315//32 
f 314//31 315//32 316//32 
f 316//32 315//32 317//33 
f 316//32 317//33 318//33 
f 318//33 317//33 319//34 
f 318//33 319//34 320//34 
f 320//34 319//34 321//90 
f 320//34 321//90 322//90 
f 322//90 321//90 323//36 
f 322//90 323//36 324//36 
f 324//36 323//36 325//37 
f 324//36 325//37 326//37 
f 326//37 325//37 327//38 
f 326//37 327//38 328//38 
f 328//38 327//38 329//39 
f 328//38 329//39 330//39 
f 330//39 329//39 331//40 
f 330//39 331//40 332//40 
f 332//40 331//40 333//41 
f 332//40 333//41 334//41 
f 334//41 333//41 335//42 
f 334//41 335//42 336//42 
f 336//42 335//42 337//43 
f 336//42 337//43 338//43 
f 338//43 337//43 339//44 
f 338//43 339//44 340//44 
f 340//44 339//44 341//45 
f 340//44 341//45 342//45 
f 342//45 341//45 343//46 
f 342//45 343//46 344//46 
f 344//46 343//46 345//91 
f 344//46 345//91 346//91 
f 346//91 345//91 347//48 
f 346//91 347//48 348//48 
f 348//48 347//48 349//49 
f 348//48 349//49 350//49 
f 350//49 349//49 351//50 
f 350//49 351//50 352//50 
f 352//50 351//50 353//92 
f 352//50 353//92 354//92 
f 354//92 353//92 355//52 
f 354//92 355//52 356//52 
f 356//52 355//52 357//53 
f 356//52 357//53 358//53 
f 358//53 357//53 359//54 
f 358//53 359//54 360//54 
f 360//54 359//54 361//55 
f 360//54 361//55 362//55 
f 362//55 361//55 363//56 
f 362//55 363//56 364//56 
f 364//56 363//56 365//57 
f 364//56 365//57 366//57 
s 4
f 366//26 365//26 367//26 
f 366//26 367//26 368//26 
s 2
f 368//1 367//1 369//1 
f 368//1 369//1 370//1 
s 4
f 370//25 369//25 371//25 
f 370//25 371//25 372//25 
s 2
f 372//58 371//58 373//59 
f 372//58 373//59 374//59 
f 374//59 373//59 375//93 
f 374//59 375//93 376//93 
f 376//93 375//93 377//61 
f 376//93 377//61 378//61 
f 378//61 377//61 379//62 
f 378//61 379//62 380//62 
f 380//62 379//62 381//94 
f 380//62 381//94 382//94 
f 382//94 381//94 383//64 
f 382//94 383//64 384//64 
s 4
f 384//65 383//65 385//66 
f 384//65 385//66 386//66 
f 386//66 385//66 387//67 
f 386//66 387//67 388//67 
f 388//67 387//67 389//68 
f 388//67 389//68 390//68 
f 390//68 389//68 391//69 
f 390//68 391//69 392//69 
f 392//69 391//69 393//70 
f 392//69 393//70 394//70 
f 394//70 393//70 395//71 
f 394//70 395//71 396//71 
f 396//71 395//71 397//72 
f 396//71 397//72 398//72 
f 398//72 397//72 399//73 
f 398//72 399//73 400//73 
f 400//73 399//73 401//74 
f 400//73 401//74 402//74 
f 402//74 401//74 403//75 
f 402//74 403//75 404//75 
f 404//75 403//75 405//76 
f 404//75 405//76 406//76 
f 406//76 405//76 407//77 
f 406//76 407//77 408//77 
f 408//77 407//77 409//78 
f 408//77 409//78 410//78 
f 410//78 409//78 411//79 
f 410//78 411//79 412//79 
f 412//79 411//79 413//80 
f 412//79 413//80 414//80 
f 414//80 413//80 415//81 
f 414//80 415//81 416//81 
f 416//81 415//81 417//82 
f 416//81 417//82 418//82 
f 418//82 417//82 419//83 
f 418//82 419//83 420//83 
f 420//83 419//83 421//84 
f 420//83 421//84 422//84 
f 422//84 421//84 423//85 
f 422//84 423//85 424//85 
f 424//85 423//85 425//86 
f 424//85 425//86 426//86 
f 426//86 425//86 427//87 
f 426//86 427//87 428//87 
f 428//87 427//87 429//88 
f 428//87 429//88 430//88 
f 430//88 429//88 431//89 
f 430//88 431//89 432//89 
s 2
f 432//25 431//25 433//25 
f 432//25 433//25 434//25 
s 4
f 434//7 433//7 435//7 
f 434//7 435//7 436//7 
s 2
f 436//26 435//26 302//26 
f 436//26 302//26 301//26 
s 512
f 437//23 438//23 439//23 
f 440//23 437//23 439//23 
f 440//23 439//23 441//23 
f 440//23 441//23 442//23 
f 440//23 442//23 443//23 
f 440//23 443//23 444//23 
f 440//23 444//23 445//23 
f 440//23 445//23 446//23 
f 440//23 446//23 447//23 
f 440//23 447//23 448//23 
f 449//23 440//23 448//23 
f 449//23 448//23 450//23 
f 451//23 449//23 450//23 
f 451//23 450//23 452//23 
f 453//23 451//23 452//23 
f 453//23 452//23 454//23 
f 455//23 456//23 457//23 
f 458//23 455//23 457//23 
f 459//23 458//23 457//23 
f 459//23 457//23 460//23 
f 461//23 459//23 460//23 
f 461//23 460//23 462//23 
f 463//23 461//23 462//23 
f 463//23 462//23 464//23 
f 463//23 464//23 465//23 
f 466//23 463//23 465//23 
f 466//23 465//23 467//23 
f 468//23 466//23 467//23 
f 468//23 467//23 469//23 
f 468//23 469//23 470//23 
f 471//23 468//23 470//23 
f 471//23 470//23 472//23 
f 471//23 472//23 473//23 
f 474//23 471//23 473//23 
f 474//23 473//23 475//23 
f 474//23 475//23 476//23 
f 477//23 474//23 476//23 
f 477//23 476//23 478//23 
f 477//23 478//23 479//23 
f 480//23 477//23 479//23 
f 480//23 479//23 481//23 
f 480//23 481//23 482//23 
f 483//23 480//23 482//23 
f 483//23 482//23 484//23 
f 483//23 484//23 485//23 
f 486//23 483//23 485//23 
f 486//23 485//23 487//23 
f 488//23 486//23 487//23 
f 488//23 487//23 489//23 
f 490//23 488//23 489//23 
f 490//23 489//23 491//23 
f 492//23 490//23 491//23 
f 492//23 491//23 493//23 
f 492//23 493//23 494//23 
f 495//23 492//23 494//23 
f 495//23 494//23 496//23 
f 497//23 495//23 496//23 
f 497//23 496//23 498//23 
f 499//23 497//23 498//23 
f 499//23 498//23 500//23 
f 501//23 499//23 500//23 
f 502//23 501//23 500//23 
f 502//23 500//23 503//23 
f 504//23 502//23 503//23 
f 504//23 503//23 453//23 
f 504//23 453//23 454//23 
f 433//24 302//24 435//24 
f 431//24 302//24 433//24 
f 431//24 303//24 302//24 
f 431//24 305//24 303//24 
f 431//24 307//24 305//24 
f 431//24 309//24 307//24 
f 431//24 311//24 309//24 
f 431//24 313//24 311//24 
f 431//24 315//24 313//24 
f 431//24 317//24 315//24 
f 429//24 317//24 431//24 
f 429//24 319//24 317//24 
f 427//24 319//24 429//24 
f 427//24 321//24 319//24 
f 425//24 321//24 427//24 
f 425//24 323//24 321//24 
f 367//24 371//24 369//24 
f 365//24 371//24 367//24 
f 363//24 371//24 365//24 
f 363//24 373//24 371//24 
f 361//24 373//24 363//24 
f 361//24 375//24 373//24 
f 359//24 375//24 361//24 
f 359//24 377//24 375//24 
f 359//24 379//24 377//24 
f 357//24 379//24 359//24 
f 357//24 381//24 379//24 
f 355//24 381//24 357//24 
f 355//24 383//24 381//24 
f 355//24 385//24 383//24 
f 353//24 385//24 355//24 
f 353//24 387//24 385//24 
f 353//24 389//24 387//24 
f 351//24 389//24 353//24 
f 351//24 391//24 389//24 
f 351//24 393//24 391//24 
f 349//24 393//24 351//24 
f 349//24 395//24 393//24 
f 349//24 397//24 395//24 
f 347//24 397//24 349//24 
f 347//24 399//24 397//24 
f 347//24 401//24 399//24 
f 345//24 401//24 347//24 
f 345//24 403//24 401//24 
f 345//24 405//24 403//24 
f 343//24 405//24 345//24 
f 343//24 407//24 405//24 
f 341//24 407//24 343//24 
f 341//24 409//24 407//24 
f 339//24 409//24 341//24 
f 339//24 411//24 409//24 
f 337//24 411//24 339//24 
f 337//24 413//24 411//24 
f 337//24 415//24 413//24 
f 335//24 415//24 337//24 
f 335//24 417//24 415//24 
f 333//24 417//24 335//24 
f 333//24 419//24 417//24 
f 331//24 419//24 333//24 
f 331//24 421//24 419//24 
f 329//24 421//24 331//24 
f 327//24 421//24 329//24 
f 327//24 423//24 421//24 
f 325//24 423//24 327//24 
f 325//24 425//24 423//24 
f 325//24 323//24 425//24 
s 1
f 505//95 506//95 507//96 
f 505//95 507//96 508//96 
s 3
f 508//96 507//96 509//97 
f 508//96 509//97 510//97 
s 2
f 510//97 509//97 511//98 
f 510//97 511//98 512//98 
f 512//98 511//98 513//99 
f 512//98 513//99 514//99 
f 514//99 513//99 515//100 
f 514//99 515//100 516//100 
f 516//100 515//100 517//101 
f 516//100 517//101 518//101 
f 518//101 517//101 519//102 
f 518//101 519//102 520//102 
f 520//102 519//102 521//103 
f 520//102 521//103 522//103 
f 522//103 521//103 523//104 
f 522//103 523//104 524//104 
f 524//104 523//104 525//105 
f 524//104 525//105 526//105 
f 526//105 525//105 527//106 
f 526//105 527//106 528//106 
f 528//106 527//106 529//107 
f 528//106 529//107 530//107 
f 530//107 529//107 531//108 
f 530//107 531//108 532//108 
f 532//108 531//108 533//109 
f 532//108 533//109 534//109 
f 534//109 533//109 535//110 
f 534//109 535//110 536//110 
f 536//110 535//110 537//111 
f 536//110 537//111 538//111 
f 538//111 537//111 539//112 
f 538//111 539//112 540//112 
f 540//112 539//112 541//113 
f 540//112 541//113 542//113 
f 542//113 541//113 543//114 
f 542//113 543//114 544//114 
f 544//114 543//114 545//115 
f 544//114 545//115 546//115 
f 546//115 545//115 547//116 
f 546//115 547//116 548//116 
f 548//116 547//116 549//117 
f 548//116 549//117 550//117 
f 550//117 549//117 551//118 
f 550//117 551//118 552//118 
f 552//118 551//118 553//119 
f 552//118 553//119 554//119 
s 4
f 554//1 553//1 555//1 
f 554//1 555//1 556//1 
s 2
f 556//120 555//120 557//121 
f 556//120 557//121 558//121 
f 558//121 557//121 559//122 
f 558//121 559//122 560//122 
f 560//122 559//122 561//123 
f 560//122 561//123 562//124 
f 562//124 561//123 563//125 
f 562//124 563//125 564//125 
f 564//125 563//125 565//126 
f 564//125 565//126 566//126 
f 566//126 565//126 567//127 
f 566//126 567//127 568//127 
f 568//127 567//127 569//128 
f 568//127 569//128 570//128 
f 570//128 569//128 571//129 
f 570//128 571//129 572//129 
f 572//129 571//129 573//130 
f 572//129 573//130 574//130 
f 574//130 573//130 575//131 
f 574//130 575//131 576//131 
f 576//131 575//131 577//132 
f 576//131 577//132 578//132 
f 578//132 577//132 579//133 
f 578//132 579//133 580//133 
f 580//133 579//133 581//134 
f 580//133 581//134 582//134 
f 582//134 581//134 583//135 
f 582//134 583//135 584//135 
f 584//135 583//135 585//136 
f 584//135 585//136 586//136 
f 586//136 585//136 587//137 
f 586//136 587//137 588//137 
f 588//137 587//137 589//138 
f 588//137 589//138 590//138 
f 590//138 589//138 591//139 
f 590//138 591//139 592//139 
f 592//139 591//139 593//140 
f 592//139 593//140 594//140 
f 594//140 593//140 595//141 
f 594//140 595//141 596//141 
f 596//141 595//141 597//142 
f 596//141 597//142 598//142 
f 598//142 597//142 599//143 
f 598//142 599//143 600//143 
f 600//143 599//143 601//144 
f 600//143 601//144 602//144 
f 602//144 601//144 603//145 
f 602//144 603//145 604//145 
f 604//145 603//145 605//146 
f 604//145 605//146 606//146 
f 606//146 605//146 607//147 
f 606//146 607//147 608//147 
f 608//147 607//147 609//148 
f 608//147 609//148 610//148 
f 610//148 609//148 611//149 
f 610//148 611//149 612//149 
f 612//149 611//149 613//150 
f 612//149 613//150 614//150 
f 614//150 613//150 615//151 
f 614//150 615//151 616//151 
f 616//151 615//151 617//152 
f 616//151 617//152 618//152 
f 618//152 617//152 619//153 
f 618//152 619//153 620//153 
f 620//153 619//153 621//154 
f 620//153 621//154 622//154 
f 622//154 621//154 623//155 
f 622//154 623//155 624//155 
f 624//155 623//155 625//156 
f 624//155 625//156 626//156 
f 626//156 625//156 627//157 
f 626//156 627//157 628//157 
f 628//157 627//157 629//158 
f 628//157 629//158 630//159 
f 630//159 629//158 631//160 
f 630//159 631//160 632//160 
f 632//160 631//160 633//161 
f 632//160 633//161 634//161 
f 634//161 633//161 635//162 
f 634//161 635//162 636//162 
f 636//162 635//162 637//163 
f 636//162 637//163 638//163 
f 638//163 637//163 639//164 
f 638//163 639//164 640//164 
f 640//164 639//164 641//165 
f 640//164 641//165 642//165 
f 642//165 641//165 643//166 
f 642//165 643//166 644//166 
f 644//166 643//166 645//167 
f 644//166 645//167 646//167 
f 646//167 645//167 647//168 
f 646//167 647//168 648//168 
f 648//168 647//168 649//169 
f 648//168 649//169 650//169 
f 650//169 649//169 651//170 
f 650//169 651//170 652//170 
f 652//170 651//170 653//171 
f 652//170 653//171 654//171 
s 4
f 654//172 653//172 506//172 
f 654//172 506//172 505//172 
s 1
f 655//173 656//173 657//174 
f 655//173 657//174 658//174 
s 3
f 658//174 657//174 659//175 
f 658//174 659//175 660//175 
s 2
f 660//175 659//175 661//176 
f 660//175 661//176 662//176 
f 662//176 661//176 663//177 
f 662//176 663//177 664//177 
f 664//177 663//177 665//178 
f 664//177 665//178 666//178 
f 666//178 665//178 667//179 
f 666//178 667//179 668//179 
f 668//179 667//179 669//180 
f 668//179 669//180 670//180 
f 670//180 669//180 671//181 
f 670//180 671//181 672//181 
f 672//181 671//181 673//182 
f 672//181 673//182 674//182 
f 674//182 673//182 675//183 
f 674//182 675//183 676//183 
f 676//183 675//183 677//184 
f 676//183 677//184 678//184 
f 678//184 677//184 679//185 
f 678//184 679//185 680//185 
f 680//185 679//185 681//186 
f 680//185 681//186 682//186 
f 682//186 681//186 683//187 
f 682//186 683//187 684//187 
f 684//187 683//187 685//188 
f 684//187 685//188 686//188 
f 686//188 685//188 687//189 
f 686//188 687//189 688//189 
f 688//189 687//189 689//190 
f 688//189 689//190 690//190 
f 690//190 689//190 691//191 
f 690//190 691//191 692//191 
f 692//191 691//191 693//192 
f 692//191 693//192 694//192 
f 694//192 693//192 695//193 
f 694//192 695//193 696//193 
f 696//193 695//193 697//194 
f 696//193 697//194 698//194 
f 698//194 697//194 699//195 
f 698//194 699//195 700//195 
f 700//195 699//195 701//196 
f 700//195 701//196 702//196 
f 702//196 701//196 703//197 
f 702//196 703//197 704//197 
s 4
f 704//7 703//7 656//7 
f 704//7 656//7 655//7 
s 512
f 705//23 706//23 707//23 
f 708//23 709//23 710//23 
f 711//23 708//23 710//23 
f 711//23 710//23 712//23 
f 711//23 712//23 713//23 
f 711//23 713//23 714//23 
f 715//23 711//23 714//23 
f 715//23 714//23 716//23 
f 717//23 715//23 716//23 
f 717//23 716//23 718//23 
f 719//23 717//23 718//23 
f 720//23 719//23 718//23 
f 720//23 718//23 721//23 
f 722//23 720//23 721//23 
f 722//23 721//23 723//23 
f 724//23 722//23 723//23 
f 724//23 723//23 725//23 
f 726//23 724//23 725//23 
f 726//23 725//23 727//23 
f 728//23 726//23 727//23 
f 728//23 727//23 729//23 
f 730//23 728//23 729//23 
f 730//23 729//23 731//23 
f 732//23 730//23 731//23 
f 732//23 731//23 733//23 
f 734//23 732//23 733//23 
f 734//23 733//23 735//23 
f 736//23 734//23 735//23 
f 736//23 735//23 737//23 
f 738//23 736//23 737//23 
f 705//23 707//23 739//23 
f 740//23 705//23 739//23 
f 741//23 738//23 737//23 
f 741//23 737//23 742//23 
f 743//23 741//23 742//23 
f 743//23 742//23 744//23 
f 745//23 743//23 744//23 
f 745//23 744//23 746//23 
f 747//23 745//23 746//23 
f 747//23 746//23 748//23 
f 749//23 747//23 748//23 
f 749//23 748//23 750//23 
f 751//23 749//23 750//23 
f 751//23 750//23 752//23 
f 753//23 751//23 752//23 
f 753//23 752//23 754//23 
f 755//23 753//23 754//23 
f 740//23 739//23 756//23 
f 757//23 740//23 756//23 
f 758//23 757//23 756//23 
f 758//23 756//23 759//23 
f 760//23 758//23 759//23 
f 760//23 759//23 761//23 
f 762//23 760//23 761//23 
f 762//23 761//23 763//23 
f 764//23 762//23 763//23 
f 764//23 763//23 765//23 
f 766//23 764//23 765//23 
f 766//23 765//23 767//23 
f 768//23 766//23 767//23 
f 768//23 767//23 769//23 
f 770//23 768//23 769//23 
f 770//23 769//23 771//23 
f 770//23 771//23 772//23 
f 773//23 770//23 772//23 
f 773//23 772//23 774//23 
f 775//23 773//23 774//23 
f 775//23 774//23 776//23 
f 777//23 775//23 776//23 
f 777//23 776//23 778//23 
f 777//23 778//23 779//23 
f 780//23 777//23 779//23 
f 780//23 779//23 781//23 
f 782//23 780//23 781//23 
f 782//23 781//23 783//23 
f 784//23 782//23 783//23 
f 784//23 783//23 785//23 
f 786//23 784//23 785//23 
f 786//23 785//23 787//23 
f 788//23 786//23 787//23 
f 788//23 787//23 789//23 
f 790//23 788//23 789//23 
f 790//23 789//23 791//23 
f 792//23 790//23 791//23 
f 792//23 791//23 793//23 
f 794//23 792//23 793//23 
f 794//23 793//23 795//23 
f 796//23 794//23 795//23 
f 796//23 795//23 797//23 
f 798//23 796//23 797//23 
f 798//23 797//23 709//23 
f 799//23 798//23 709//23 
f 799//23 709//23 708//23 
f 800//23 799//23 708//23 
f 801//23 800//23 708//23 
f 801//23 708//23 802//23 
f 803//23 801//23 802//23 
f 803//23 802//23 804//23 
f 754//23 803//23 804//23 
f 755//23 754//23 804//23 
f 651//24 506//24 653//24 
f 656//24 555//24 553//24 
f 703//24 555//24 656//24 
f 703//24 557//24 555//24 
f 703//24 559//24 557//24 
f 703//24 561//24 559//24 
f 701//24 561//24 703//24 
f 701//24 563//24 561//24 
f 699//24 563//24 701//24 
f 699//24 565//24 563//24 
f 697//24 565//24 699//24 
f 695//24 565//24 697//24 
f 695//24 567//24 565//24 
f 693//24 567//24 695//24 
f 693//24 569//24 567//24 
f 691//24 569//24 693//24 
f 691//24 571//24 569//24 
f 689//24 571//24 691//24 
f 689//24 573//24 571//24 
f 687//24 573//24 689//24 
f 687//24 575//24 573//24 
f 685//24 575//24 687//24 
f 685//24 577//24 575//24 
f 683//24 577//24 685//24 
f 683//24 579//24 577//24 
f 681//24 579//24 683//24 
f 681//24 581//24 579//24 
f 679//24 581//24 681//24 
f 679//24 583//24 581//24 
f 677//24 583//24 679//24 
f 651//24 507//24 506//24 
f 649//24 507//24 651//24 
f 675//24 583//24 677//24 
f 675//24 585//24 583//24 
f 673//24 585//24 675//24 
f 673//24 587//24 585//24 
f 671//24 587//24 673//24 
f 671//24 589//24 587//24 
f 669//24 589//24 671//24 
f 669//24 591//24 589//24 
f 667//24 591//24 669//24 
f 667//24 593//24 591//24 
f 665//24 593//24 667//24 
f 665//24 595//24 593//24 
f 663//24 595//24 665//24 
f 663//24 597//24 595//24 
f 661//24 597//24 663//24 
f 649//24 509//24 507//24 
f 647//24 509//24 649//24 
f 645//24 509//24 647//24 
f 645//24 511//24 509//24 
f 643//24 511//24 645//24 
f 643//24 513//24 511//24 
f 641//24 513//24 643//24 
f 641//24 515//24 513//24 
f 639//24 515//24 641//24 
f 639//24 517//24 515//24 
f 637//24 517//24 639//24 
f 637//24 519//24 517//24 
f 635//24 519//24 637//24 
f 635//24 521//24 519//24 
f 633//24 521//24 635//24 
f 633//24 523//24 521//24 
f 633//24 525//24 523//24 
f 631//24 525//24 633//24 
f 631//24 527//24 525//24 
f 629//24 527//24 631//24 
f 629//24 529//24 527//24 
f 627//24 529//24 629//24 
f 627//24 531//24 529//24 
f 627//24 533//24 531//24 
f 625//24 533//24 627//24 
f 625//24 535//24 533//24 
f 623//24 535//24 625//24 
f 623//24 537//24 535//24 
f 621//24 537//24 623//24 
f 621//24 539//24 537//24 
f 619//24 539//24 621//24 
f 619//24 541//24 539//24 
f 617//24 541//24 619//24 
f 617//24 543//24 541//24 
f 615//24 543//24 617//24 
f 615//24 545//24 543//24 
f 613//24 545//24 615//24 
f 613//24 547//24 545//24 
f 611//24 547//24 613//24 
f 611//24 549//24 547//24 
f 609//24 549//24 611//24 
f 609//24 551//24 549//24 
f 607//24 551//24 609//24 
f 607//24 553//24 551//24 
f 605//24 553//24 607//24 
f 605//24 656//24 553//24 
f 603//24 656//24 605//24 
f 601//24 656//24 603//24 
f 601//24 657//24 656//24 
f 599//24 657//24 601//24 
f 599//24 659//24 657//24 
f 597//24 659//24 599//24 
f 661//24 659//24 597//24 
s 1
f 805//1 806//1 807//1 
f 805//1 807//1 808//1 
s 4
f 808//25 807//25 809//25 
f 808//25 809//25 810//25 
s 2
f 810//198 809//198 811//199 
f 810//198 811//199 812//199 
f 812//199 811//199 813//200 
f 812//199 813//200 814//200 
f 814//200 813//200 815//201 
f 814//200 815//201 816//201 
f 816//201 815//201 817//202 
f 816//201 817//202 818//202 
f 818//202 817//202 819//203 
f 818//202 819//203 820//203 
f 820//203 819//203 821//204 
f 820//203 821//204 822//204 
f 822//204 821//204 823//205 
f 822//204 823//205 824//205 
f 824//205 823//205 825//206 
f 824//205 825//206 826//206 
f 826//206 825//206 827//207 
f 826//206 827//207 828//207 
f 828//207 827//207 829//208 
f 828//207 829//208 830//208 
f 830//208 829//208 831//209 
f 830//208 831//209 832//209 
f 832//209 831//209 833//210 
f 832//209 833//210 834//210 
f 834//210 833//210 835//211 
f 834//210 835//211 836//211 
f 836//211 835//211 837//212 
f 836//211 837//212 838//212 
f 838//212 837//212 839//213 
f 838//212 839//213 840//213 
f 840//213 839//213 841//214 
f 840//213 841//214 842//214 
f 842//214 841//214 843//215 
f 842//214 843//215 844//215 
f 844//215 843//215 845//216 
f 844//215 845//216 846//216 
f 846//216 845//216 847//217 
f 846//216 847//217 848//217 
f 848//217 847//217 849//218 
f 848//217 849//218 850//218 
f 850//218 849//218 851//219 
f 850//218 851//219 852//219 
f 852//219 851//219 853//220 
f 852//219 853//220 854//220 
f 854//220 853//220 855//221 
f 854//220 855//221 856//221 
f 856//221 855//221 857//222 
f 856//221 857//222 858//222 
s 4
f 858//223 857//223 859//223 
f 858//223 859//223 860//223 
s 2
f 860//224 859//224 861//225 
f 860//224 861//225 862//225 
f 862//225 861//225 863//226 
f 862//225 863//226 864//226 
f 864//226 863//226 865//227 
f 864//226 865//227 866//227 
f 866//227 865//227 867//228 
f 866//227 867//228 868//228 
f 868//228 867//228 869//229 
f 868//228 869//229 870//229 
f 870//229 869//229 871//230 
f 870//229 871//230 872//230 
f 872//230 871//230 873//231 
f 872//230 873//231 874//231 
f 874//231 873//231 875//232 
f 874//231 875//232 876//232 
f 876//232 875//232 877//233 
f 876//232 877//233 878//233 
f 878//233 877//233 879//234 
f 878//233 879//234 880//234 
f 880//234 879//234 881//235 
f 880//234 881//235 882//235 
f 882//235 881//235 883//236 
f 882//235 883//236 884//236 
f 884//236 883//236 885//237 
f 884//236 885//237 886//237 
f 886//237 885//237 887//238 
f 886//237 887//238 888//238 
f 888//238 887//238 889//239 
f 888//238 889//239 890//239 
f 890//239 889//239 891//240 
f 890//239 891//240 892//240 
f 892//240 891//240 893//241 
f 892//240 893//241 894//241 
f 894//241 893//241 895//242 
f 894//241 895//242 896//242 
s 4
f 896//25 895//25 897//25 
f 896//25 897//25 898//25 
s 2
f 898//7 897//7 899//7 
f 898//7 899//7 900//7 
s 4
f 900//26 899//26 806//26 
f 900//26 806//26 805//26 
s 512
f 901//23 902//23 903//23 
f 904//23 905//23 906//23 
f 907//23 904//23 906//23 
f 907//23 906//23 908//23 
f 907//23 908//23 909//23 
f 907//23 909//23 910//23 
f 907//23 910//23 911//23 
f 907//23 911//23 912//23 
f 907//23 912//23 913//23 
f 907//23 913//23 914//23 
f 907//23 914//23 915//23 
f 907//23 915//23 916//23 
f 907//23 916//23 917//23 
f 907//23 917//23 918//23 
f 907//23 918//23 919//23 
f 901//23 903//23 920//23 
f 921//23 901//23 920//23 
f 921//23 920//23 922//23 
f 923//23 921//23 922//23 
f 923//23 922//23 924//23 
f 925//23 923//23 924//23 
f 925//23 924//23 926//23 
f 927//23 925//23 926//23 
f 927//23 926//23 928//23 
f 927//23 928//23 929//23 
f 930//23 927//23 929//23 
f 930//23 929//23 931//23 
f 930//23 931//23 932//23 
f 933//23 930//23 932//23 
f 933//23 932//23 934//23 
f 933//23 934//23 935//23 
f 933//23 935//23 936//23 
f 937//23 933//23 936//23 
f 937//23 936//23 938//23 
f 937//23 938//23 939//23 
f 940//23 937//23 939//23 
f 940//23 939//23 941//23 
f 940//23 941//23 942//23 
f 943//23 940//23 942//23 
f 943//23 942//23 944//23 
f 945//23 943//23 944//23 
f 945//23 944//23 946//23 
f 947//23 945//23 946//23 
f 948//23 947//23 946//23 
f 948//23 946//23 907//23 
f 948//23 907//23 919//23 
f 855//24 859//24 857//24 
f 897//24 806//24 899//24 
f 895//24 806//24 897//24 
f 895//24 807//24 806//24 
f 895//24 809//24 807//24 
f 895//24 811//24 809//24 
f 895//24 813//24 811//24 
f 895//24 815//24 813//24 
f 895//24 817//24 815//24 
f 895//24 819//24 817//24 
f 895//24 821//24 819//24 
f 895//24 823//24 821//24 
f 895//24 825//24 823//24 
f 895//24 827//24 825//24 
f 895//24 829//24 827//24 
f 855//24 861//24 859//24 
f 853//24 861//24 855//24 
f 853//24 863//24 861//24 
f 851//24 863//24 853//24 
f 851//24 865//24 863//24 
f 849//24 865//24 851//24 
f 849//24 867//24 865//24 
f 847//24 867//24 849//24 
f 847//24 869//24 867//24 
f 847//24 871//24 869//24 
f 845//24 871//24 847//24 
f 845//24 873//24 871//24 
f 845//24 875//24 873//24 
f 843//24 875//24 845//24 
f 843//24 877//24 875//24 
f 843//24 879//24 877//24 
f 843//24 881//24 879//24 
f 841//24 881//24 843//24 
f 841//24 883//24 881//24 
f 841//24 885//24 883//24 
f 839//24 885//24 841//24 
f 839//24 887//24 885//24 
f 839//24 889//24 887//24 
f 837//24 889//24 839//24 
f 837//24 891//24 889//24 
f 835//24 891//24 837//24 
f 835//24 893//24 891//24 
f 833//24 893//24 835//24 
f 831//24 893//24 833//24 
f 831//24 895//24 893//24 
f 831//24 829//24 895//24 
s 1
f 949//1 950//1 951//1 
f 949//1 951//1 952//1 
s 4
f 952//25 951//25 953//25 
f 952//25 953//25 954//25 
s 2
f 954//7 953//7 955//7 
f 954//7 955//7 956//7 
s 4
f 956//26 955//26 950//26 
f 956//26 950//26 949//26 
s 512
f 957//23 958//23 959//23 
f 957//23 959//23 960//23 
f 953//24 950//24 955//24 
f 953//24 951//24 950//24 
s 1
f 961//1 962//1 963//1 
f 961//1 963//1 964//1 
s 4
f 964//25 963//25 965//25 
f 964//25 965//25 966//25 
s 2
f 966//1 965//1 967//1 
f 966//1 967//1 968//1 
s 4
f 968//243 967//243 969//244 
f 968//243 969//244 970//244 
f 970//244 969//244 971//245 
f 970//244 971//245 972//245 
f 972//245 971//245 973//246 
f 972//245 973//246 974//246 
f 974//246 973//246 975//247 
f 974//246 975//247 976//247 
f 976//247 975//247 977//248 
f 976//247 977//248 978//248 
f 978//248 977//248 979//249 
f 978//248 979//249 980//249 
f 980//249 979//249 981//250 
f 980//249 981//250 982//250 
f 982//250 981//250 983//251 
f 982//250 983//251 984//251 
f 984//251 983//251 985//252 
f 984//251 985//252 986//252 
f 986//252 985//252 987//253 
f 986//252 987//253 988//253 
f 988//253 987//253 989//254 
f 988//253 989//254 990//254 
f 990//254 989//254 991//255 
f 990//254 991//255 992//255 
f 992//255 991//255 993//256 
f 992//255 993//256 994//256 
f 994//256 993//256 995//257 
f 994//256 995//257 996//257 
f 996//257 995//257 997//258 
f 996//257 997//258 998//258 
f 998//258 997//258 999//259 
f 998//258 999//259 1000//259 
f 1000//259 999//259 1001//260 
f 1000//259 1001//260 1002//260 
f 1002//260 1001//260 1003//261 
f 1002//260 1003//261 1004//261 
f 1004//261 1003//261 1005//262 
f 1004//261 1005//262 1006//262 
f 1006//262 1005//262 1007//263 
f 1006//262 1007//263 1008//263 
f 1008//263 1007//263 1009//264 
f 1008//263 1009//264 1010//264 
f 1010//264 1009//264 1011//265 
f 1010//264 1011//265 1012//265 
f 1012//265 1011//265 1013//266 
f 1012//265 1013//266 1014//266 
f 1014//266 1013//266 1015//267 
f 1014//266 1015//267 1016//267 
f 1016//267 1015//267 1017//268 
f 1016//267 1017//268 1018//268 
f 1018//268 1017//268 1019//269 
f 1018//268 1019//269 1020//269 
f 1020//269 1019//269 1021//270 
f 1020//269 1021//270 1022//270 
f 1022//270 1021//270 1023//271 
f 1022//270 1023//271 1024//271 
f 1024//271 1023//271 1025//272 
f 1024//271 1025//272 1026//272 
f 1026//272 1025//272 1027//273 
f 1026//272 1027//273 1028//273 
s 2
f 1028//274 1027//274 1029//275 
f 1028//274 1029//275 1030//275 
f 1030//275 1029//275 1031//276 
f 1030//275 1031//276 1032//276 
f 1032//276 1031//276 1033//277 
f 1032//276 1033//277 1034//277 
f 1034//277 1033//277 1035//278 
f 1034//277 1035//278 1036//278 
f 1036//278 1035//278 1037//279 
f 1036//278 1037//279 1038//279 
f 1038//279 1037//279 1039//280 
f 1038//279 1039//280 1040//280 
s 4
f 1040//7 1039//7 1041//7 
f 1040//7 1041//7 1042//7 
s 2
f 1042//26 1041//26 962//26 
f 1042//26 962//26 961//26 
s 1
f 1043//25 1044//25 1045//25 
f 1043//25 1045//25 1046//25 
s 4
f 1046//1 1045//1 1047//1 
f 1046//1 1047//1 1048//1 
s 2
f 1048//281 1047//281 1049//282 
f 1048//281 1049//282 1050//282 
f 1050//282 1049//282 1051//283 
f 1050//282 1051//283 1052//283 
f 1052//283 1051//283 1053//284 
f 1052//283 1053//284 1054//284 
f 1054//284 1053//284 1055//285 
f 1054//284 1055//285 1056//285 
f 1056//285 1055//285 1057//286 
f 1056//285 1057//286 1058//286 
f 1058//286 1057//286 1059//287 
f 1058//286 1059//287 1060//287 
s 4
f 1060//288 1059//288 1061//289 
f 1060//288 1061//289 1062//289 
f 1062//289 1061//289 1063//290 
f 1062//289 1063//290 1064//290 
f 1064//290 1063//290 1065//291 
f 1064//290 1065//291 1066//291 
f 1066//291 1065//291 1067//292 
f 1066//291 1067//292 1068//292 
f 1068//292 1067//292 1069//293 
f 1068//292 1069//293 1070//293 
f 1070//293 1069//293 1071//294 
f 1070//293 1071//294 1072//294 
f 1072//294 1071//294 1073//295 
f 1072//294 1073//295 1074//295 
f 1074//295 1073//295 1075//296 
f 1074//295 1075//296 1076//296 
f 1076//296 1075//296 1077//297 
f 1076//296 1077//297 1078//297 
f 1078//297 1077//297 1079//298 
f 1078//297 1079//298 1080//298 
f 1080//298 1079//298 1081//299 
f 1080//298 1081//299 1082//299 
f 1082//299 1081//299 1083//300 
f 1082//299 1083//300 1084//300 
f 1084//300 1083//300 1085//301 
f 1084//300 1085//301 1086//301 
f 1086//301 1085//301 1087//302 
f 1086//301 1087//302 1088//302 
f 1088//302 1087//302 1089//303 
f 1088//302 1089//303 1090//303 
f 1090//303 1089//303 1091//304 
f 1090//303 1091//304 1092//304 
f 1092//304 1091//304 1093//305 
f 1092//304 1093//305 1094//305 
f 1094//305 1093//305 1095//306 
f 1094//305 1095//306 1096//306 
f 1096//306 1095//306 1097//307 
f 1096//306 1097//307 1098//307 
f 1098//307 1097//307 1099//308 
f 1098//307 1099//308 1100//308 
f 1100//308 1099//308 1101//309 
f 1100//308 1101//309 1102//309 
f 1102//309 1101//309 1103//310 
f 1102//309 1103//310 1104//310 
f 1104//310 1103//310 1105//311 
f 1104//310 1105//311 1106//311 
f 1106//311 1105//311 1107//312 
f 1106//311 1107//312 1108//312 
s 2
f 1108//7 1107//7 1044//7 
f 1108//7 1044//7 1043//7 
s 512
f 1109//23 1110//23 1111//23 
f 1109//23 1111//23 1112//23 
f 1113//23 1109//23 1112//23 
f 1113//23 1112//23 1114//23 
f 1115//23 1113//23 1114//23 
f 1115//23 1114//23 1116//23 
f 1117//23 1115//23 1116//23 
f 1117//23 1116//23 1118//23 
f 1119//23 1117//23 1118//23 
f 1119//23 1118//23 1120//23 
f 1121//23 1119//23 1120//23 
f 1121//23 1120//23 1122//23 
f 1123//23 1121//23 1122//23 
f 1123//23 1122//23 1124//23 
f 1125//23 1123//23 1124//23 
f 1125//23 1124//23 1126//23 
f 1127//23 1125//23 1126//23 
f 1127//23 1126//23 1128//23 
f 1129//23 1127//23 1128//23 
f 1110//23 1130//23 1131//23 
f 1111//23 1110//23 1131//23 
f 1132//23 1111//23 1131//23 
f 1132//23 1131//23 1133//23 
f 1132//23 1133//23 1134//23 
f 1135//23 1132//23 1134//23 
f 1136//23 1135//23 1134//23 
f 1136//23 1134//23 1137//23 
f 1138//23 1136//23 1137//23 
f 1138//23 1137//23 1139//23 
f 1140//23 1138//23 1139//23 
f 1140//23 1139//23 1141//23 
f 1142//23 1140//23 1141//23 
f 1142//23 1141//23 1143//23 
f 1144//23 1142//23 1143//23 
f 1144//23 1143//23 1145//23 
f 1146//23 1144//23 1145//23 
f 1146//23 1145//23 1147//23 
f 1148//23 1146//23 1147//23 
f 1148//23 1147//23 1149//23 
f 1150//23 1148//23 1149//23 
f 1150//23 1149//23 1151//23 
f 1152//23 1150//23 1151//23 
f 1152//23 1151//23 1153//23 
f 1152//23 1153//23 1154//23 
f 1155//23 1152//23 1154//23 
f 1155//23 1154//23 1156//23 
f 1157//23 1155//23 1156//23 
f 1157//23 1156//23 1158//23 
f 1159//23 1157//23 1158//23 
f 1159//23 1158//23 1160//23 
f 1161//23 1159//23 1160//23 
f 1161//23 1160//23 1162//23 
f 1163//23 1161//23 1162//23 
f 1163//23 1162//23 1164//23 
f 1163//23 1164//23 1165//23 
f 1166//23 1163//23 1165//23 
f 1166//23 1165//23 1167//23 
f 1168//23 1166//23 1167//23 
f 1168//23 1167//23 1169//23 
f 1168//23 1169//23 1170//23 
f 1171//23 1168//23 1170//23 
f 1171//23 1170//23 1172//23 
f 1173//23 1171//23 1172//23 
f 1173//23 1172//23 1174//23 
f 1173//23 1174//23 1175//23 
f 1176//23 1173//23 1175//23 
f 1176//23 1175//23 1177//23 
f 1176//23 1177//23 1178//23 
f 1179//23 1176//23 1178//23 
f 1179//23 1178//23 1180//23 
f 1181//23 1179//23 1180//23 
f 1181//23 1180//23 1182//23 
f 1181//23 1182//23 1129//23 
f 1181//23 1129//23 1128//23 
f 1041//24 1044//24 962//24 
f 1041//24 1045//24 1044//24 
f 1039//24 1045//24 1041//24 
f 1039//24 1047//24 1045//24 
f 1037//24 1047//24 1039//24 
f 1037//24 1049//24 1047//24 
f 1035//24 1049//24 1037//24 
f 1035//24 1051//24 1049//24 
f 1033//24 1051//24 1035//24 
f 1033//24 1053//24 1051//24 
f 1031//24 1053//24 1033//24 
f 1031//24 1055//24 1053//24 
f 1029//24 1055//24 1031//24 
f 1029//24 1057//24 1055//24 
f 1027//24 1057//24 1029//24 
f 1027//24 1059//24 1057//24 
f 1025//24 1059//24 1027//24 
f 1025//24 1061//24 1059//24 
f 1023//24 1061//24 1025//24 
f 962//24 965//24 963//24 
f 1044//24 965//24 962//24 
f 1107//24 965//24 1044//24 
f 1107//24 967//24 965//24 
f 1107//24 969//24 967//24 
f 1105//24 969//24 1107//24 
f 1103//24 969//24 1105//24 
f 1103//24 971//24 969//24 
f 1101//24 971//24 1103//24 
f 1101//24 973//24 971//24 
f 1099//24 973//24 1101//24 
f 1099//24 975//24 973//24 
f 1097//24 975//24 1099//24 
f 1097//24 977//24 975//24 
f 1095//24 977//24 1097//24 
f 1095//24 979//24 977//24 
f 1093//24 979//24 1095//24 
f 1093//24 981//24 979//24 
f 1091//24 981//24 1093//24 
f 1091//24 983//24 981//24 
f 1089//24 983//24 1091//24 
f 1089//24 985//24 983//24 
f 1087//24 985//24 1089//24 
f 1087//24 987//24 985//24 
f 1087//24 989//24 987//24 
f 1085//24 989//24 1087//24 
f 1085//24 991//24 989//24 
f 1083//24 991//24 1085//24 
f 1083//24 993//24 991//24 
f 1081//24 993//24 1083//24 
f 1081//24 995//24 993//24 
f 1079//24 995//24 1081//24 
f 1079//24 997//24 995//24 
f 1077//24 997//24 1079//24 
f 1077//24 999//24 997//24 
f 1077//24 1001//24 999//24 
f 1075//24 1001//24 1077//24 
f 1075//24 1003//24 1001//24 
f 1073//24 1003//24 1075//24 
f 1073//24 1005//24 1003//24 
f 1073//24 1007//24 1005//24 
f 1071//24 1007//24 1073//24 
f 1071//24 1009//24 1007//24 
f 1069//24 1009//24 1071//24 
f 1069//24 1011//24 1009//24 
f 1069//24 1013//24 1011//24 
f 1067//24 1013//24 1069//24 
f 1067//24 1015//24 1013//24 
f 1067//24 1017//24 1015//24 
f 1065//24 1017//24 1067//24 
f 1065//24 1019//24 1017//24 
f 1063//24 1019//24 1065//24 
f 1063//24 1021//24 1019//24 
f 1063//24 1023//24 1021//24 
f 1063//24 1061//24 1023//24 
s 1
f 1183//1 1184//1 1185//1 
f 1183//1 1185//1 1186//1 
s 4
f 1186//25 1185//25 1187//25 
f 1186//25 1187//25 1188//25 
s 2
f 1188//7 1187//7 1189//7 
f 1188//7 1189//7 1190//7 
s 4
f 1190//26 1189//26 1184//26 
f 1190//26 1184//26 1183//26 
s 512
f 1191//23 1192//23 1193//23 
f 1194//23 1191//23 1193//23 
f 1187//24 1184//24 1189//24 
f 1185//24 1184//24 1187//24 
s 1
f 1195//313 1196//313 1197//314 
f 1195//313 1197//314 1198//314 
s 3
f 1198//314 1197//314 1199//315 
f 1198//314 1199//315 1200//315 
s 2
f 1200//315 1199//315 1201//316 
f 1200//315 1201//316 1202//316 
f 1202//316 1201//316 1203//317 
f 1202//316 1203//317 1204//317 
f 1204//317 1203//317 1205//318 
f 1204//317 1205//318 1206//318 
f 1206//318 1205//318 1207//319 
f 1206//318 1207//319 1208//319 
s 4
f 1208//1 1207//1 1209//1 
f 1208//1 1209//1 1210//1 
s 2
f 1210//320 1209//320 1211//321 
f 1210//320 1211//321 1212//321 
f 1212//321 1211//321 1213//322 
f 1212//321 1213//322 1214//322 
f 1214//322 1213//322 1215//323 
f 1214//322 1215//323 1216//323 
f 1216//323 1215//323 1217//324 
f 1216//323 1217//324 1218//324 
f 1218//324 1217//324 1219//325 
f 1218//324 1219//325 1220//325 
f 1220//325 1219//325 1221//326 
f 1220//325 1221//326 1222//326 
f 1222//326 1221//326 1223//327 
f 1222//326 1223//327 1224//327 
f 1224//327 1223//327 1225//328 
f 1224//327 1225//328 1226//328 
f 1226//328 1225//328 1227//329 
f 1226//328 1227//329 1228//329 
f 1228//329 1227//329 1229//330 
f 1228//329 1229//330 1230//330 
f 1230//330 1229//330 1231//331 
f 1230//330 1231//331 1232//331 
f 1232//331 1231//331 1233//332 
f 1232//331 1233//332 1234//332 
s 4
f 1234//25 1233//25 1235//25 
f 1234//25 1235//25 1236//25 
s 2
f 1236//333 1235//333 1237//334 
f 1236//333 1237//334 1238//334 
f 1238//334 1237//334 1239//335 
f 1238//334 1239//335 1240//335 
f 1240//335 1239//335 1241//336 
f 1240//335 1241//336 1242//336 
f 1242//336 1241//336 1243//337 
f 1242//336 1243//337 1244//337 
f 1244//337 1243//337 1245//338 
f 1244//337 1245//338 1246//338 
f 1246//338 1245//338 1247//339 
f 1246//338 1247//339 1248//339 
s 4
f 1248//340 1247//340 1249//341 
f 1248//340 1249//341 1250//341 
f 1250//341 1249//341 1251//342 
f 1250//341 1251//342 1252//342 
f 1252//342 1251//342 1253//343 
f 1252//342 1253//343 1254//343 
f 1254//343 1253//343 1255//344 
f 1254//343 1255//344 1256//344 
f 1256//344 1255//344 1257//345 
f 1256//344 1257//345 1258//345 
f 1258//345 1257//345 1259//346 
f 1258//345 1259//346 1260//346 
f 1260//346 1259//346 1261//347 
f 1260//346 1261//347 1262//347 
f 1262//347 1261//347 1263//348 
f 1262//347 1263//348 1264//348 
f 1264//348 1263//348 1265//349 
f 1264//348 1265//349 1266//349 
f 1266//349 1265//349 1267//350 
f 1266//349 1267//350 1268//350 
f 1268//350 1267//350 1269//351 
f 1268//350 1269//351 1270//351 
f 1270//351 1269//351 1271//352 
f 1270//351 1271//352 1272//352 
f 1272//352 1271//352 1273//353 
f 1272//352 1273//353 1274//353 
f 1274//353 1273//353 1275//354 
f 1274//353 1275//354 1276//354 
f 1276//354 1275//354 1277//355 
f 1276//354 1277//355 1278//355 
f 1278//355 1277//355 1279//356 
f 1278//355 1279//356 1280//356 
f 1280//356 1279//356 1281//357 
f 1280//356 1281//357 1282//357 
f 1282//357 1281//357 1283//358 
f 1282//357 1283//358 1284//358 
f 1284//358 1283//358 1285//359 
f 1284//358 1285//359 1286//359 
f 1286//359 1285//359 1287//360 
f 1286//359 1287//360 1288//360 
f 1288//360 1287//360 1289//361 
f 1288//360 1289//361 1290//361 
f 1290//361 1289//361 1291//362 
f 1290//361 1291//362 1292//362 
f 1292//362 1291//362 1293//363 
f 1292//362 1293//363 1294//363 
f 1294//363 1293//363 1295//364 
f 1294//363 1295//364 1296//364 
f 1296//364 1295//364 1297//365 
f 1296//364 1297//365 1298//365 
f 1298//365 1297//365 1299//366 
f 1298//365 1299//366 1300//366 
f 1300//366 1299//366 1301//367 
f 1300//366 1301//367 1302//367 
f 1302//367 1301//367 1303//368 
f 1302//367 1303//368 1304//368 
f 1304//368 1303//368 1305//369 
f 1304//368 1305//369 1306//369 
f 1306//369 1305//369 1307//370 
f 1306//369 1307//370 1308//370 
f 1308//370 1307//370 1309//371 
f 1308//370 1309//371 1310//371 
f 1310//371 1309//371 1311//372 
f 1310//371 1311//372 1312//372 
f 1312//372 1311//372 1313//373 
f 1312//372 1313//373 1314//373 
f 1314//373 1313//373 1315//374 
f 1314//373 1315//374 1316//374 
f 1316//374 1315//374 1317//375 
f 1316//374 1317//375 1318//375 
f 1318//375 1317//375 1319//376 
f 1318//375 1319//376 1320//376 
s 2
f 1320//377 1319//377 1321//377 
f 1320//377 1321//377 1322//377 
s 4
f 1322//378 1321//378 1323//379 
f 1322//378 1323//379 1324//379 
f 1324//379 1323//379 1325//380 
f 1324//379 1325//380 1326//380 
f 1326//380 1325//380 1327//381 
f 1326//380 1327//381 1328//381 
f 1328//381 1327//381 1329//382 
f 1328//381 1329//382 1330//382 
f 1330//382 1329//382 1331//383 
f 1330//382 1331//383 1332//383 
f 1332//383 1331//383 1333//384 
f 1332//383 1333//384 1334//384 
f 1334//384 1333//384 1335//385 
f 1334//384 1335//385 1336//385 
f 1336//385 1335//385 1337//386 
f 1336//385 1337//386 1338//386 
f 1338//386 1337//386 1339//387 
f 1338//386 1339//387 1340//387 
f 1340//387 1339//387 1341//388 
f 1340//387 1341//388 1342//388 
f 1342//388 1341//388 1343//389 
f 1342//388 1343//389 1344//389 
f 1344//389 1343//389 1345//390 
f 1344//389 1345//390 1346//390 
f 1346//390 1345//390 1347//391 
f 1346//390 1347//391 1348//391 
f 1348//391 1347//391 1349//392 
f 1348//391 1349//392 1350//392 
f 1350//392 1349//392 1351//393 
f 1350//392 1351//393 1352//393 
f 1352//393 1351//393 1353//394 
f 1352//393 1353//394 1354//394 
f 1354//394 1353//394 1355//395 
f 1354//394 1355//395 1356//395 
f 1356//395 1355//395 1357//396 
f 1356//395 1357//396 1358//396 
f 1358//396 1357//396 1359//397 
f 1358//396 1359//397 1360//397 
f 1360//397 1359//397 1361//398 
f 1360//397 1361//398 1362//398 
f 1362//398 1361//398 1363//399 
f 1362//398 1363//399 1364//399 
f 1364//399 1363//399 1365//400 
f 1364//399 1365//400 1366//400 
f 1366//400 1365//400 1367//401 
f 1366//400 1367//401 1368//401 
f 1368//401 1367//401 1369//402 
f 1368//401 1369//402 1370//402 
f 1370//402 1369//402 1371//403 
f 1370//402 1371//403 1372//403 
s 2
f 1372//404 1371//404 1373//405 
f 1372//404 1373//405 1374//405 
f 1374//405 1373//405 1375//406 
f 1374//405 1375//406 1376//406 
f 1376//406 1375//406 1377//407 
f 1376//406 1377//407 1378//407 
f 1378//407 1377//407 1379//408 
f 1378//407 1379//408 1380//408 
f 1380//408 1379//408 1381//409 
f 1380//408 1381//409 1382//409 
f 1382//409 1381//409 1383//410 
f 1382//409 1383//410 1384//410 
f 1384//410 1383//410 1385//411 
f 1384//410 1385//411 1386//411 
f 1386//411 1385//411 1387//412 
f 1386//411 1387//412 1388//412 
f 1388//412 1387//412 1389//413 
f 1388//412 1389//413 1390//413 
f 1390//413 1389//413 1391//414 
f 1390//413 1391//414 1392//414 
f 1392//414 1391//414 1393//415 
f 1392//414 1393//415 1394//415 
f 1394//415 1393//415 1395//416 
f 1394//415 1395//416 1396//416 
s 4
f 1396//417 1395//417 1397//418 
f 1396//417 1397//418 1398//418 
f 1398//418 1397//418 1399//419 
f 1398//418 1399//419 1400//419 
f 1400//419 1399//419 1401//420 
f 1400//419 1401//420 1402//420 
f 1402//420 1401//420 1403//421 
f 1402//420 1403//421 1404//421 
f 1404//421 1403//421 1405//422 
f 1404//421 1405//422 1406//422 
f 1406//422 1405//422 1407//423 
f 1406//422 1407//423 1408//423 
f 1408//423 1407//423 1409//424 
f 1408//423 1409//424 1410//424 
f 1410//424 1409//424 1411//425 
f 1410//424 1411//425 1412//425 
f 1412//425 1411//425 1413//426 
f 1412//425 1413//426 1414//426 
f 1414//426 1413//426 1415//427 
f 1414//426 1415//427 1416//427 
f 1416//427 1415//427 1417//428 
f 1416//427 1417//428 1418//428 
f 1418//428 1417//428 1419//429 
f 1418//428 1419//429 1420//429 
f 1420//429 1419//429 1421//430 
f 1420//429 1421//430 1422//430 
f 1422//430 1421//430 1423//431 
f 1422//430 1423//431 1424//431 
f 1424//431 1423//431 1425//432 
f 1424//431 1425//432 1426//432 
f 1426//432 1425//432 1427//433 
f 1426//432 1427//433 1428//433 
f 1428//433 1427//433 1429//434 
f 1428//433 1429//434 1430//434 
f 1430//434 1429//434 1431//435 
f 1430//434 1431//435 1432//435 
f 1432//435 1431//435 1433//436 
f 1432//435 1433//436 1434//436 
f 1434//436 1433//436 1435//437 
f 1434//436 1435//437 1436//437 
f 1436//437 1435//437 1437//438 
f 1436//437 1437//438 1438//438 
f 1438//438 1437//438 1439//439 
f 1438//438 1439//439 1440//439 
f 1440//439 1439//439 1441//440 
f 1440//439 1441//440 1442//440 
f 1442//440 1441//440 1443//441 
f 1442//440 1443//441 1444//442 
f 1444//442 1443//441 1445//443 
f 1444//442 1445//443 1446//443 
f 1446//443 1445//443 1447//444 
f 1446//443 1447//444 1448//444 
f 1448//444 1447//444 1449//445 
f 1448//444 1449//445 1450//445 
f 1450//445 1449//445 1451//446 
f 1450//445 1451//446 1452//446 
f 1452//446 1451//446 1453//447 
f 1452//446 1453//447 1454//447 
f 1454//447 1453//447 1455//448 
f 1454//447 1455//448 1456//448 
f 1456//448 1455//448 1457//449 
f 1456//448 1457//449 1458//449 
f 1458//449 1457//449 1459//450 
f 1458//449 1459//450 1460//450 
f 1460//450 1459//450 1461//451 
f 1460//450 1461//451 1462//451 
f 1462//451 1461//451 1463//452 
f 1462//451 1463//452 1464//452 
f 1464//452 1463//452 1465//453 
f 1464//452 1465//453 1466//453 
f 1466//453 1465//453 1467//454 
f 1466//453 1467//454 1468//454 
f 1468//454 1467//454 1469//455 
f 1468//454 1469//455 1470//455 
f 1470//455 1469//455 1471//456 
f 1470//455 1471//456 1472//456 
f 1472//456 1471//456 1473//457 
f 1472//456 1473//457 1474//457 
f 1474//457 1473//457 1475//458 
f 1474//457 1475//458 1476//458 
f 1476//458 1475//458 1477//459 
f 1476//458 1477//459 1478//459 
f 1478//459 1477//459 1196//460 
f 1478//459 1196//460 1195//460 
s 1
f 1479//461 1480//461 1481//461 
f 1479//461 1481//461 1482//461 
s 4
f 1482//462 1481//462 1483//463 
f 1482//462 1483//463 1484//463 
f 1484//463 1483//463 1485//464 
f 1484//463 1485//464 1486//464 
f 1486//464 1485//464 1487//465 
f 1486//464 1487//465 1488//465 
f 1488//465 1487//465 1489//466 
f 1488//465 1489//466 1490//466 
f 1490//466 1489//466 1491//467 
f 1490//466 1491//467 1492//467 
f 1492//467 1491//467 1493//468 
f 1492//467 1493//468 1494//468 
f 1494//468 1493//468 1495//469 
f 1494//468 1495//469 1496//469 
f 1496//469 1495//469 1497//470 
f 1496//469 1497//470 1498//470 
f 1498//470 1497//470 1499//471 
f 1498//470 1499//471 1500//471 
f 1500//471 1499//471 1501//472 
f 1500//471 1501//472 1502//472 
f 1502//472 1501//472 1503//473 
f 1502//472 1503//473 1504//473 
f 1504//473 1503//473 1505//474 
f 1504//473 1505//474 1506//474 
f 1506//474 1505//474 1507//475 
f 1506//474 1507//475 1508//475 
f 1508//475 1507//475 1509//476 
f 1508//475 1509//476 1510//476 
f 1510//476 1509//476 1511//477 
f 1510//476 1511//477 1512//477 
f 1512//477 1511//477 1513//310 
f 1512//477 1513//310 1514//310 
f 1514//310 1513//310 1515//478 
f 1514//310 1515//478 1516//478 
f 1516//478 1515//478 1517//479 
f 1516//478 1517//479 1518//479 
f 1518//479 1517//479 1519//480 
f 1518//479 1519//480 1520//480 
f 1520//480 1519//480 1521//481 
f 1520//480 1521//481 1522//481 
f 1522//481 1521//481 1523//482 
f 1522//481 1523//482 1524//482 
f 1524//482 1523//482 1525//483 
f 1524//482 1525//483 1526//483 
f 1526//483 1525//483 1527//484 
f 1526//483 1527//484 1528//484 
f 1528//484 1527//484 1529//485 
f 1528//484 1529//485 1530//485 
f 1530//485 1529//485 1531//486 
f 1530//485 1531//486 1532//486 
f 1532//486 1531//486 1533//487 
f 1532//486 1533//487 1534//487 
f 1534//487 1533//487 1535//488 
f 1534//487 1535//488 1536//488 
f 1536//488 1535//488 1537//489 
f 1536//488 1537//489 1538//489 
f 1538//489 1537//489 1539//490 
f 1538//489 1539//490 1540//490 
f 1540//490 1539//490 1541//491 
f 1540//490 1541//491 1542//491 
f 1542//491 1541//491 1543//492 
f 1542//491 1543//492 1544//492 
f 1544//492 1543//492 1545//493 
f 1544//492 1545//493 1546//493 
f 1546//493 1545//493 1547//494 
f 1546//493 1547//494 1548//494 
f 1548//494 1547//494 1549//495 
f 1548//494 1549//495 1550//495 
f 1550//495 1549//495 1551//496 
f 1550//495 1551//496 1552//496 
f 1552//496 1551//496 1553//497 
f 1552//496 1553//497 1554//497 
f 1554//497 1553//497 1555//498 
f 1554//497 1555//498 1556//498 
f 1556//498 1555//498 1557//499 
f 1556//498 1557//499 1558//499 
f 1558//499 1557//499 1559//500 
f 1558//499 1559//500 1560//500 
f 1560//500 1559//500 1561//501 
f 1560//500 1561//501 1562//501 
f 1562//501 1561//501 1563//502 
f 1562//501 1563//502 1564//502 
f 1564//502 1563//502 1565//503 
f 1564//502 1565//503 1566//503 
f 1566//503 1565//503 1567//504 
f 1566//503 1567//504 1568//504 
f 1568//504 1567//504 1569//505 
f 1568//504 1569//505 1570//505 
f 1570//505 1569//505 1571//506 
f 1570//505 1571//506 1572//506 
f 1572//506 1571//506 1573//507 
f 1572//506 1573//507 1574//507 
f 1574//507 1573//507 1575//508 
f 1574//507 1575//508 1576//508 
f 1576//508 1575//508 1577//509 
f 1576//508 1577//509 1578//509 
f 1578//509 1577//509 1579//510 
f 1578//509 1579//510 1580//510 
f 1580//510 1579//510 1581//511 
f 1580//510 1581//511 1582//511 
f 1582//511 1581//511 1583//512 
f 1582//511 1583//512 1584//512 
f 1584//512 1583//512 1585//513 
f 1584//512 1585//513 1586//513 
f 1586//513 1585//513 1587//514 
f 1586//513 1587//514 1588//514 
f 1588//514 1587//514 1480//515 
f 1588//514 1480//515 1479//515 
s 512
f 1589//23 1590//23 1591//23 
f 1589//23 1591//23 1592//23 
f 1589//23 1592//23 1593//23 
f 1589//23 1593//23 1594//23 
f 1589//23 1594//23 1595//23 
f 1589//23 1595//23 1596//23 
f 1589//23 1596//23 1597//23 
f 1589//23 1597//23 1598//23 
f 1599//23 1600//23 1601//23 
f 1599//23 1601//23 1602//23 
f 1589//23 1598//23 1603//23 
f 1604//23 1589//23 1603//23 
f 1604//23 1603//23 1605//23 
f 1606//23 1607//23 1608//23 
f 1599//23 1602//23 1609//23 
f 1610//23 1604//23 1605//23 
f 1610//23 1605//23 1611//23 
f 1606//23 1608//23 1612//23 
f 1613//23 1606//23 1612//23 
f 1614//23 1613//23 1612//23 
f 1614//23 1612//23 1615//23 
f 1616//23 1614//23 1615//23 
f 1616//23 1615//23 1617//23 
f 1618//23 1616//23 1617//23 
f 1619//23 1618//23 1617//23 
f 1619//23 1617//23 1620//23 
f 1621//23 1619//23 1620//23 
f 1622//23 1621//23 1620//23 
f 1622//23 1620//23 1623//23 
f 1624//23 1622//23 1623//23 
f 1625//23 1624//23 1623//23 
f 1625//23 1623//23 1626//23 
f 1627//23 1625//23 1626//23 
f 1627//23 1626//23 1628//23 
f 1629//23 1627//23 1628//23 
f 1629//23 1628//23 1630//23 
f 1631//23 1629//23 1630//23 
f 1632//23 1610//23 1611//23 
f 1632//23 1611//23 1633//23 
f 1634//23 1631//23 1630//23 
f 1634//23 1630//23 1635//23 
f 1636//23 1634//23 1635//23 
f 1636//23 1635//23 1637//23 
f 1638//23 1636//23 1637//23 
f 1638//23 1637//23 1639//23 
f 1640//23 1638//23 1639//23 
f 1640//23 1639//23 1641//23 
f 1642//23 1640//23 1641//23 
f 1642//23 1641//23 1643//23 
f 1644//23 1642//23 1643//23 
f 1644//23 1643//23 1645//23 
f 1646//23 1644//23 1645//23 
f 1647//23 1632//23 1633//23 
f 1647//23 1633//23 1648//23 
f 1649//23 1647//23 1648//23 
f 1649//23 1648//23 1650//23 
f 1651//23 1649//23 1650//23 
f 1651//23 1650//23 1652//23 
f 1653//23 1651//23 1652//23 
f 1653//23 1652//23 1654//23 
f 1655//23 1653//23 1654//23 
f 1656//23 1655//23 1654//23 
f 1656//23 1654//23 1657//23 
f 1658//23 1656//23 1657//23 
f 1658//23 1657//23 1659//23 
f 1660//23 1658//23 1659//23 
f 1660//23 1659//23 1661//23 
f 1662//23 1660//23 1661//23 
f 1663//23 1662//23 1661//23 
f 1663//23 1661//23 1664//23 
f 1663//23 1664//23 1665//23 
f 1666//23 1663//23 1665//23 
f 1666//23 1665//23 1667//23 
f 1668//23 1666//23 1667//23 
f 1668//23 1667//23 1669//23 
f 1670//23 1668//23 1669//23 
f 1670//23 1669//23 1671//23 
f 1672//23 1670//23 1671//23 
f 1672//23 1671//23 1673//23 
f 1674//23 1672//23 1673//23 
f 1675//23 1674//23 1673//23 
f 1675//23 1673//23 1676//23 
f 1677//23 1675//23 1676//23 
f 1677//23 1676//23 1678//23 
f 1679//23 1677//23 1678//23 
f 1679//23 1678//23 1680//23 
f 1681//23 1679//23 1680//23 
f 1682//23 1681//23 1680//23 
f 1682//23 1680//23 1683//23 
f 1684//23 1682//23 1683//23 
f 1684//23 1683//23 1685//23 
f 1686//23 1684//23 1685//23 
f 1686//23 1685//23 1687//23 
f 1688//23 1686//23 1687//23 
f 1689//23 1688//23 1687//23 
f 1689//23 1687//23 1690//23 
f 1691//23 1689//23 1690//23 
f 1691//23 1690//23 1692//23 
f 1693//23 1691//23 1692//23 
f 1694//23 1693//23 1692//23 
f 1694//23 1692//23 1695//23 
f 1696//23 1694//23 1695//23 
f 1696//23 1695//23 1697//23 
f 1698//23 1696//23 1697//23 
f 1698//23 1697//23 1699//23 
f 1700//23 1698//23 1699//23 
f 1701//23 1700//23 1699//23 
f 1701//23 1699//23 1702//23 
f 1703//23 1701//23 1702//23 
f 1703//23 1702//23 1704//23 
f 1705//23 1703//23 1704//23 
f 1706//23 1705//23 1704//23 
f 1706//23 1704//23 1707//23 
f 1708//23 1706//23 1707//23 
f 1708//23 1707//23 1709//23 
f 1710//23 1708//23 1709//23 
f 1710//23 1709//23 1711//23 
f 1712//23 1710//23 1711//23 
f 1712//23 1711//23 1713//23 
f 1714//23 1712//23 1713//23 
f 1715//23 1714//23 1713//23 
f 1715//23 1713//23 1716//23 
f 1717//23 1715//23 1716//23 
f 1717//23 1716//23 1718//23 
f 1719//23 1717//23 1718//23 
f 1719//23 1718//23 1720//23 
f 1721//23 1719//23 1720//23 
f 1721//23 1720//23 1722//23 
f 1723//23 1721//23 1722//23 
f 1723//23 1722//23 1724//23 
f 1725//23 1723//23 1724//23 
f 1726//23 1725//23 1724//23 
f 1726//23 1724//23 1727//23 
f 1728//23 1726//23 1727//23 
f 1728//23 1727//23 1729//23 
f 1728//23 1729//23 1730//23 
f 1731//23 1728//23 1730//23 
f 1731//23 1730//23 1732//23 
f 1733//23 1731//23 1732//23 
f 1733//23 1732//23 1734//23 
f 1735//23 1733//23 1734//23 
f 1735//23 1734//23 1736//23 
f 1737//23 1735//23 1736//23 
f 1737//23 1736//23 1738//23 
f 1739//23 1737//23 1738//23 
f 1740//23 1599//23 1609//23 
f 1740//23 1609//23 1741//23 
f 1742//23 1740//23 1741//23 
f 1742//23 1741//23 1743//23 
f 1744//23 1742//23 1743//23 
f 1745//23 1744//23 1743//23 
f 1745//23 1743//23 1746//23 
f 1747//23 1745//23 1746//23 
f 1747//23 1746//23 1748//23 
f 1589//23 1747//23 1748//23 
f 1590//23 1589//23 1748//23 
f 1590//23 1748//23 1749//23 
f 1590//23 1749//23 1750//23 
f 1590//23 1750//23 1751//23 
f 1590//23 1751//23 1752//23 
f 1590//23 1752//23 1753//23 
f 1590//23 1753//23 1754//23 
f 1738//23 1590//23 1754//23 
f 1739//23 1738//23 1754//23 
f 1755//23 1739//23 1754//23 
f 1755//23 1754//23 1756//23 
f 1755//23 1756//23 1757//23 
f 1758//23 1755//23 1757//23 
f 1758//23 1757//23 1759//23 
f 1760//23 1758//23 1759//23 
f 1760//23 1759//23 1761//23 
f 1760//23 1761//23 1762//23 
f 1763//23 1760//23 1762//23 
f 1763//23 1762//23 1764//23 
f 1763//23 1764//23 1765//23 
f 1763//23 1765//23 1766//23 
f 1767//23 1763//23 1766//23 
f 1767//23 1766//23 1768//23 
f 1767//23 1768//23 1769//23 
f 1767//23 1769//23 1770//23 
f 1771//23 1767//23 1770//23 
f 1771//23 1770//23 1772//23 
f 1771//23 1772//23 1773//23 
f 1771//23 1773//23 1774//23 
f 1775//23 1771//23 1774//23 
f 1775//23 1774//23 1776//23 
f 1775//23 1776//23 1777//23 
f 1778//23 1775//23 1777//23 
f 1778//23 1777//23 1779//23 
f 1778//23 1779//23 1780//23 
f 1781//23 1778//23 1780//23 
f 1781//23 1780//23 1782//23 
f 1781//23 1782//23 1783//23 
f 1784//23 1781//23 1783//23 
f 1784//23 1783//23 1785//23 
f 1784//23 1785//23 1646//23 
f 1784//23 1646//23 1645//23 
f 1196//24 1483//24 1481//24 
f 1196//24 1485//24 1483//24 
f 1196//24 1487//24 1485//24 
f 1196//24 1489//24 1487//24 
f 1196//24 1491//24 1489//24 
f 1196//24 1493//24 1491//24 
f 1196//24 1495//24 1493//24 
f 1196//24 1497//24 1495//24 
f 1207//24 1211//24 1209//24 
f 1207//24 1213//24 1211//24 
f 1196//24 1499//24 1497//24 
f 1477//24 1499//24 1196//24 
f 1477//24 1501//24 1499//24 
f 1317//24 1321//24 1319//24 
f 1207//24 1215//24 1213//24 
f 1475//24 1501//24 1477//24 
f 1475//24 1503//24 1501//24 
f 1317//24 1323//24 1321//24 
f 1315//24 1323//24 1317//24 
f 1313//24 1323//24 1315//24 
f 1313//24 1325//24 1323//24 
f 1311//24 1325//24 1313//24 
f 1311//24 1327//24 1325//24 
f 1309//24 1327//24 1311//24 
f 1307//24 1327//24 1309//24 
f 1307//24 1329//24 1327//24 
f 1305//24 1329//24 1307//24 
f 1303//24 1329//24 1305//24 
f 1303//24 1331//24 1329//24 
f 1301//24 1331//24 1303//24 
f 1299//24 1331//24 1301//24 
f 1299//24 1333//24 1331//24 
f 1297//24 1333//24 1299//24 
f 1297//24 1335//24 1333//24 
f 1295//24 1335//24 1297//24 
f 1295//24 1337//24 1335//24 
f 1293//24 1337//24 1295//24 
f 1473//24 1503//24 1475//24 
f 1473//24 1505//24 1503//24 
f 1291//24 1337//24 1293//24 
f 1291//24 1339//24 1337//24 
f 1289//24 1339//24 1291//24 
f 1289//24 1341//24 1339//24 
f 1287//24 1341//24 1289//24 
f 1287//24 1343//24 1341//24 
f 1285//24 1343//24 1287//24 
f 1285//24 1345//24 1343//24 
f 1283//24 1345//24 1285//24 
f 1283//24 1347//24 1345//24 
f 1281//24 1347//24 1283//24 
f 1281//24 1349//24 1347//24 
f 1279//24 1349//24 1281//24 
f 1471//24 1505//24 1473//24 
f 1471//24 1507//24 1505//24 
f 1469//24 1507//24 1471//24 
f 1469//24 1509//24 1507//24 
f 1467//24 1509//24 1469//24 
f 1467//24 1511//24 1509//24 
f 1465//24 1511//24 1467//24 
f 1465//24 1513//24 1511//24 
f 1463//24 1513//24 1465//24 
f 1461//24 1513//24 1463//24 
f 1461//24 1515//24 1513//24 
f 1459//24 1515//24 1461//24 
f 1459//24 1517//24 1515//24 
f 1457//24 1517//24 1459//24 
f 1457//24 1519//24 1517//24 
f 1455//24 1519//24 1457//24 
f 1453//24 1519//24 1455//24 
f 1453//24 1521//24 1519//24 
f 1453//24 1523//24 1521//24 
f 1451//24 1523//24 1453//24 
f 1451//24 1525//24 1523//24 
f 1449//24 1525//24 1451//24 
f 1449//24 1527//24 1525//24 
f 1447//24 1527//24 1449//24 
f 1447//24 1529//24 1527//24 
f 1445//24 1529//24 1447//24 
f 1445//24 1531//24 1529//24 
f 1443//24 1531//24 1445//24 
f 1441//24 1531//24 1443//24 
f 1441//24 1533//24 1531//24 
f 1439//24 1533//24 1441//24 
f 1439//24 1535//24 1533//24 
f 1437//24 1535//24 1439//24 
f 1437//24 1537//24 1535//24 
f 1435//24 1537//24 1437//24 
f 1433//24 1537//24 1435//24 
f 1433//24 1539//24 1537//24 
f 1431//24 1539//24 1433//24 
f 1431//24 1541//24 1539//24 
f 1429//24 1541//24 1431//24 
f 1429//24 1543//24 1541//24 
f 1427//24 1543//24 1429//24 
f 1425//24 1543//24 1427//24 
f 1425//24 1545//24 1543//24 
f 1423//24 1545//24 1425//24 
f 1423//24 1547//24 1545//24 
f 1421//24 1547//24 1423//24 
f 1419//24 1547//24 1421//24 
f 1419//24 1549//24 1547//24 
f 1417//24 1549//24 1419//24 
f 1417//24 1551//24 1549//24 
f 1415//24 1551//24 1417//24 
f 1415//24 1553//24 1551//24 
f 1413//24 1553//24 1415//24 
f 1411//24 1553//24 1413//24 
f 1411//24 1555//24 1553//24 
f 1409//24 1555//24 1411//24 
f 1409//24 1557//24 1555//24 
f 1407//24 1557//24 1409//24 
f 1405//24 1557//24 1407//24 
f 1405//24 1559//24 1557//24 
f 1403//24 1559//24 1405//24 
f 1403//24 1561//24 1559//24 
f 1401//24 1561//24 1403//24 
f 1401//24 1563//24 1561//24 
f 1399//24 1563//24 1401//24 
f 1399//24 1565//24 1563//24 
f 1397//24 1565//24 1399//24 
f 1395//24 1565//24 1397//24 
f 1395//24 1567//24 1565//24 
f 1393//24 1567//24 1395//24 
f 1393//24 1569//24 1567//24 
f 1391//24 1569//24 1393//24 
f 1391//24 1571//24 1569//24 
f 1389//24 1571//24 1391//24 
f 1389//24 1573//24 1571//24 
f 1387//24 1573//24 1389//24 
f 1387//24 1575//24 1573//24 
f 1385//24 1575//24 1387//24 
f 1383//24 1575//24 1385//24 
f 1383//24 1577//24 1575//24 
f 1381//24 1577//24 1383//24 
f 1381//24 1579//24 1577//24 
f 1381//24 1581//24 1579//24 
f 1379//24 1581//24 1381//24 
f 1379//24 1583//24 1581//24 
f 1377//24 1583//24 1379//24 
f 1377//24 1585//24 1583//24 
f 1375//24 1585//24 1377//24 
f 1375//24 1587//24 1585//24 
f 1373//24 1587//24 1375//24 
f 1373//24 1480//24 1587//24 
f 1371//24 1480//24 1373//24 
f 1205//24 1215//24 1207//24 
f 1205//24 1217//24 1215//24 
f 1203//24 1217//24 1205//24 
f 1203//24 1219//24 1217//24 
f 1201//24 1219//24 1203//24 
f 1199//24 1219//24 1201//24 
f 1199//24 1221//24 1219//24 
f 1197//24 1221//24 1199//24 
f 1197//24 1223//24 1221//24 
f 1196//24 1223//24 1197//24 
f 1481//24 1223//24 1196//24 
f 1481//24 1225//24 1223//24 
f 1481//24 1227//24 1225//24 
f 1481//24 1229//24 1227//24 
f 1481//24 1231//24 1229//24 
f 1481//24 1233//24 1231//24 
f 1481//24 1235//24 1233//24 
f 1480//24 1235//24 1481//24 
f 1371//24 1235//24 1480//24 
f 1369//24 1235//24 1371//24 
f 1369//24 1237//24 1235//24 
f 1369//24 1239//24 1237//24 
f 1367//24 1239//24 1369//24 
f 1367//24 1241//24 1239//24 
f 1365//24 1241//24 1367//24 
f 1365//24 1243//24 1241//24 
f 1365//24 1245//24 1243//24 
f 1363//24 1245//24 1365//24 
f 1363//24 1247//24 1245//24 
f 1363//24 1249//24 1247//24 
f 1363//24 1251//24 1249//24 
f 1361//24 1251//24 1363//24 
f 1361//24 1253//24 1251//24 
f 1361//24 1255//24 1253//24 
f 1361//24 1257//24 1255//24 
f 1359//24 1257//24 1361//24 
f 1359//24 1259//24 1257//24 
f 1359//24 1261//24 1259//24 
f 1359//24 1263//24 1261//24 
f 1357//24 1263//24 1359//24 
f 1357//24 1265//24 1263//24 
f 1357//24 1267//24 1265//24 
f 1355//24 1267//24 1357//24 
f 1355//24 1269//24 1267//24 
f 1355//24 1271//24 1269//24 
f 1353//24 1271//24 1355//24 
f 1353//24 1273//24 1271//24 
f 1353//24 1275//24 1273//24 
f 1351//24 1275//24 1353//24 
f 1351//24 1277//24 1275//24 
f 1351//24 1279//24 1277//24 
f 1351//24 1349//24 1279//24 
s 1
f 1786//445 1787//445 1788//516 
f 1786//445 1788//516 1789//516 
s 3
f 1789//516 1788//516 1790//517 
f 1789//516 1790//517 1791//517 
s 2
f 1791//517 1790//517 1792//518 
f 1791//517 1792//518 1793//518 
f 1793//518 1792//518 1794//519 
f 1793//518 1794//519 1795//519 
f 1795//519 1794//519 1796//520 
f 1795//519 1796//520 1797//520 
f 1797//520 1796//520 1798//521 
f 1797//520 1798//521 1799//521 
f 1799//521 1798//521 1800//522 
f 1799//521 1800//522 1801//522 
f 1801//522 1800//522 1802//523 
f 1801//522 1802//523 1803//523 
f 1803//523 1802//523 1804//524 
f 1803//523 1804//524 1805//524 
f 1805//524 1804//524 1806//525 
f 1805//524 1806//525 1807//525 
f 1807//525 1806//525 1808//526 
f 1807//525 1808//526 1809//526 
f 1809//526 1808//526 1810//527 
f 1809//526 1810//527 1811//527 
f 1811//527 1810//527 1812//528 
f 1811//527 1812//528 1813//528 
f 1813//528 1812//528 1814//529 
f 1813//528 1814//529 1815//529 
f 1815//529 1814//529 1816//530 
f 1815//529 1816//530 1817//530 
f 1817//530 1816//530 1818//531 
f 1817//530 1818//531 1819//531 
f 1819//531 1818//531 1820//532 
f 1819//531 1820//532 1821//532 
f 1821//532 1820//532 1822//533 
f 1821//532 1822//533 1823//533 
f 1823//533 1822//533 1824//534 
f 1823//533 1824//534 1825//534 
f 1825//534 1824//534 1826//535 
f 1825//534 1826//535 1827//535 
f 1827//535 1826//535 1828//536 
f 1827//535 1828//536 1829//536 
f 1829//536 1828//536 1830//537 
f 1829//536 1830//537 1831//537 
f 1831//537 1830//537 1832//538 
f 1831//537 1832//538 1833//538 
f 1833//538 1832//538 1834//539 
f 1833//538 1834//539 1835//539 
s 4
f 1835//540 1834//540 1836//540 
f 1835//540 1836//540 1837//540 
s 2
f 1837//7 1836//7 1838//7 
f 1837//7 1838//7 1839//7 
s 4
f 1839//541 1838//541 1840//541 
f 1839//541 1840//541 1841//541 
s 2
f 1841//542 1840//542 1842//543 
f 1841//542 1842//543 1843//543 
f 1843//543 1842//543 1844//544 
f 1843//543 1844//544 1845//544 
f 1845//544 1844//544 1846//545 
f 1845//544 1846//545 1847//545 
f 1847//545 1846//545 1848//546 
f 1847//545 1848//546 1849//546 
f 1849//546 1848//546 1850//547 
f 1849//546 1850//547 1851//547 
f 1851//547 1850//547 1852//548 
f 1851//547 1852//548 1853//548 
s 4
f 1853//549 1852//549 1854//550 
f 1853//549 1854//550 1855//550 
f 1855//550 1854//550 1856//551 
f 1855//550 1856//551 1857//551 
f 1857//551 1856//551 1858//552 
f 1857//551 1858//552 1859//552 
f 1859//552 1858//552 1860//553 
f 1859//552 1860//553 1861//553 
f 1861//553 1860//553 1862//554 
f 1861//553 1862//554 1863//554 
f 1863//554 1862//554 1864//555 
f 1863//554 1864//555 1865//555 
s 2
f 1865//556 1864//556 1866//556 
f 1865//556 1866//556 1867//556 
s 4
f 1867//7 1866//7 1868//7 
f 1867//7 1868//7 1869//7 
s 2
f 1869//557 1868//557 1870//557 
f 1869//557 1870//557 1871//557 
s 4
f 1871//558 1870//558 1872//558 
f 1871//558 1872//558 1873//558 
s 2
f 1873//559 1872//559 1874//560 
f 1873//559 1874//560 1875//560 
f 1875//560 1874//560 1876//561 
f 1875//560 1876//561 1877//561 
f 1877//561 1876//561 1878//562 
f 1877//561 1878//562 1879//562 
f 1879//562 1878//562 1880//563 
f 1879//562 1880//563 1881//563 
f 1881//563 1880//563 1882//564 
f 1881//563 1882//564 1883//564 
f 1883//564 1882//564 1884//565 
f 1883//564 1884//565 1885//565 
f 1885//565 1884//565 1886//566 
f 1885//565 1886//566 1887//566 
f 1887//566 1886//566 1888//567 
f 1887//566 1888//567 1889//567 
f 1889//567 1888//567 1890//568 
f 1889//567 1890//568 1891//568 
f 1891//568 1890//568 1892//569 
f 1891//568 1892//569 1893//569 
f 1893//569 1892//569 1894//570 
f 1893//569 1894//570 1895//570 
f 1895//570 1894//570 1896//571 
f 1895//570 1896//571 1897//571 
f 1897//571 1896//571 1898//572 
f 1897//571 1898//572 1899//572 
f 1899//572 1898//572 1900//573 
f 1899//572 1900//573 1901//573 
f 1901//573 1900//573 1902//574 
f 1901//573 1902//574 1903//574 
f 1903//574 1902//574 1904//575 
f 1903//574 1904//575 1905//575 
f 1905//575 1904//575 1906//576 
f 1905//575 1906//576 1907//576 
f 1907//576 1906//576 1908//577 
f 1907//576 1908//577 1909//577 
f 1909//577 1908//577 1910//578 
f 1909//577 1910//578 1911//578 
f 1911//578 1910//578 1912//579 
f 1911//578 1912//579 1913//579 
f 1913//579 1912//579 1914//580 
f 1913//579 1914//580 1915//580 
f 1915//580 1914//580 1916//581 
f 1915//580 1916//581 1917//581 
f 1917//581 1916//581 1918//582 
f 1917//581 1918//582 1919//582 
f 1919//582 1918//582 1920//583 
f 1919//582 1920//583 1921//583 
s 4
f 1921//584 1920//584 1787//584 
f 1921//584 1787//584 1786//584 
s 512
f 1922//23 1923//23 1924//23 
f 1925//23 1926//23 1927//23 
f 1928//23 1925//23 1927//23 
f 1929//23 1928//23 1927//23 
f 1930//23 1929//23 1927//23 
f 1931//23 1930//23 1927//23 
f 1932//23 1931//23 1927//23 
f 1933//23 1932//23 1927//23 
f 1934//23 1933//23 1927//23 
f 1935//23 1936//23 1937//23 
f 1935//23 1937//23 1938//23 
f 1935//23 1938//23 1939//23 
f 1935//23 1939//23 1940//23 
f 1935//23 1940//23 1941//23 
f 1935//23 1941//23 1942//23 
f 1935//23 1942//23 1943//23 
f 1935//23 1943//23 1934//23 
f 1935//23 1934//23 1927//23 
f 1944//23 1935//23 1927//23 
f 1945//23 1922//23 1924//23 
f 1944//23 1927//23 1946//23 
f 1947//23 1944//23 1946//23 
f 1947//23 1946//23 1948//23 
f 1949//23 1947//23 1948//23 
f 1949//23 1948//23 1950//23 
f 1951//23 1945//23 1924//23 
f 1952//23 1949//23 1950//23 
f 1952//23 1950//23 1953//23 
f 1952//23 1953//23 1954//23 
f 1955//23 1952//23 1954//23 
f 1955//23 1954//23 1956//23 
f 1957//23 1955//23 1956//23 
f 1957//23 1956//23 1958//23 
f 1959//23 1957//23 1958//23 
f 1959//23 1958//23 1960//23 
f 1959//23 1960//23 1961//23 
f 1962//23 1959//23 1961//23 
f 1962//23 1961//23 1963//23 
f 1964//23 1962//23 1963//23 
f 1964//23 1963//23 1965//23 
f 1966//23 1964//23 1965//23 
f 1966//23 1965//23 1967//23 
f 1968//23 1966//23 1967//23 
f 1968//23 1967//23 1969//23 
f 1970//23 1968//23 1969//23 
f 1971//23 1970//23 1969//23 
f 1971//23 1969//23 1972//23 
f 1973//23 1971//23 1972//23 
f 1973//23 1972//23 1974//23 
f 1975//23 1973//23 1974//23 
f 1976//23 1975//23 1974//23 
f 1976//23 1974//23 1977//23 
f 1978//23 1976//23 1977//23 
f 1978//23 1977//23 1979//23 
f 1980//23 1978//23 1979//23 
f 1980//23 1979//23 1981//23 
f 1982//23 1980//23 1981//23 
f 1983//23 1982//23 1981//23 
f 1983//23 1981//23 1984//23 
f 1985//23 1983//23 1984//23 
f 1985//23 1984//23 1986//23 
f 1987//23 1985//23 1986//23 
f 1988//23 1987//23 1986//23 
f 1988//23 1986//23 1989//23 
f 1924//23 1988//23 1989//23 
f 1951//23 1924//23 1989//23 
f 1918//24 1787//24 1920//24 
f 1866//24 1870//24 1868//24 
f 1864//24 1870//24 1866//24 
f 1862//24 1870//24 1864//24 
f 1860//24 1870//24 1862//24 
f 1858//24 1870//24 1860//24 
f 1856//24 1870//24 1858//24 
f 1854//24 1870//24 1856//24 
f 1852//24 1870//24 1854//24 
f 1834//24 1838//24 1836//24 
f 1834//24 1840//24 1838//24 
f 1834//24 1842//24 1840//24 
f 1834//24 1844//24 1842//24 
f 1834//24 1846//24 1844//24 
f 1834//24 1848//24 1846//24 
f 1834//24 1850//24 1848//24 
f 1834//24 1852//24 1850//24 
f 1834//24 1870//24 1852//24 
f 1832//24 1870//24 1834//24 
f 1916//24 1787//24 1918//24 
f 1832//24 1872//24 1870//24 
f 1830//24 1872//24 1832//24 
f 1830//24 1874//24 1872//24 
f 1828//24 1874//24 1830//24 
f 1828//24 1876//24 1874//24 
f 1914//24 1787//24 1916//24 
f 1826//24 1876//24 1828//24 
f 1826//24 1878//24 1876//24 
f 1826//24 1880//24 1878//24 
f 1824//24 1880//24 1826//24 
f 1824//24 1882//24 1880//24 
f 1822//24 1882//24 1824//24 
f 1822//24 1884//24 1882//24 
f 1820//24 1884//24 1822//24 
f 1820//24 1886//24 1884//24 
f 1820//24 1888//24 1886//24 
f 1818//24 1888//24 1820//24 
f 1818//24 1890//24 1888//24 
f 1816//24 1890//24 1818//24 
f 1816//24 1892//24 1890//24 
f 1814//24 1892//24 1816//24 
f 1814//24 1894//24 1892//24 
f 1812//24 1894//24 1814//24 
f 1812//24 1896//24 1894//24 
f 1810//24 1896//24 1812//24 
f 1808//24 1896//24 1810//24 
f 1808//24 1898//24 1896//24 
f 1806//24 1898//24 1808//24 
f 1806//24 1900//24 1898//24 
f 1804//24 1900//24 1806//24 
f 1802//24 1900//24 1804//24 
f 1802//24 1902//24 1900//24 
f 1800//24 1902//24 1802//24 
f 1800//24 1904//24 1902//24 
f 1798//24 1904//24 1800//24 
f 1798//24 1906//24 1904//24 
f 1796//24 1906//24 1798//24 
f 1794//24 1906//24 1796//24 
f 1794//24 1908//24 1906//24 
f 1792//24 1908//24 1794//24 
f 1792//24 1910//24 1908//24 
f 1790//24 1910//24 1792//24 
f 1788//24 1910//24 1790//24 
f 1788//24 1912//24 1910//24 
f 1787//24 1912//24 1788//24 
f 1914//24 1912//24 1787//24 
s 1
f 1990//95 1991//95 1992//96 
f 1990//95 1992//96 1993//96 
s 3
f 1993//96 1992//96 1994//97 
f 1993//96 1994//97 1995//97 
s 2
f 1995//97 1994//97 1996//98 
f 1995//97 1996//98 1997//98 
f 1997//98 1996//98 1998//99 
f 1997//98 1998//99 1999//99 
f 1999//99 1998//99 2000//100 
f 1999//99 2000//100 2001//100 
f 2001//100 2000//100 2002//101 
f 2001//100 2002//101 2003//101 
f 2003//101 2002//101 2004//102 
f 2003//101 2004//102 2005//102 
f 2005//102 2004//102 2006//103 
f 2005//102 2006//103 2007//103 
f 2007//103 2006//103 2008//104 
f 2007//103 2008//104 2009//104 
f 2009//104 2008//104 2010//105 
f 2009//104 2010//105 2011//105 
f 2011//105 2010//105 2012//585 
f 2011//105 2012//585 2013//585 
f 2013//585 2012//585 2014//107 
f 2013//585 2014//107 2015//107 
f 2015//107 2014//107 2016//108 
f 2015//107 2016//108 2017//108 
f 2017//108 2016//108 2018//109 
f 2017//108 2018//109 2019//109 
f 2019//109 2018//109 2020//110 
f 2019//109 2020//110 2021//110 
f 2021//110 2020//110 2022//111 
f 2021//110 2022//111 2023//111 
f 2023//111 2022//111 2024//586 
f 2023//111 2024//586 2025//586 
f 2025//586 2024//586 2026//113 
f 2025//586 2026//113 2027//113 
f 2027//113 2026//113 2028//114 
f 2027//113 2028//114 2029//114 
f 2029//114 2028//114 2030//115 
f 2029//114 2030//115 2031//115 
f 2031//115 2030//115 2032//116 
f 2031//115 2032//116 2033//116 
f 2033//116 2032//116 2034//117 
f 2033//116 2034//117 2035//117 
f 2035//117 2034//117 2036//118 
f 2035//117 2036//118 2037//118 
f 2037//118 2036//118 2038//587 
f 2037//118 2038//587 2039//587 
s 4
f 2039//1 2038//1 2040//1 
f 2039//1 2040//1 2041//1 
s 2
f 2041//120 2040//120 2042//121 
f 2041//120 2042//121 2043//121 
f 2043//121 2042//121 2044//122 
f 2043//121 2044//122 2045//122 
f 2045//122 2044//122 2046//123 
f 2045//122 2046//123 2047//123 
f 2047//123 2046//123 2048//125 
f 2047//123 2048//125 2049//125 
f 2049//125 2048//125 2050//126 
f 2049//125 2050//126 2051//126 
f 2051//126 2050//126 2052//127 
f 2051//126 2052//127 2053//127 
f 2053//127 2052//127 2054//128 
f 2053//127 2054//128 2055//128 
f 2055//128 2054//128 2056//129 
f 2055//128 2056//129 2057//129 
f 2057//129 2056//129 2058//130 
f 2057//129 2058//130 2059//130 
f 2059//130 2058//130 2060//131 
f 2059//130 2060//131 2061//131 
f 2061//131 2060//131 2062//132 
f 2061//131 2062//132 2063//132 
f 2063//132 2062//132 2064//133 
f 2063//132 2064//133 2065//133 
f 2065//133 2064//133 2066//134 
f 2065//133 2066//134 2067//134 
f 2067//134 2066//134 2068//135 
f 2067//134 2068//135 2069//135 
f 2069//135 2068//135 2070//136 
f 2069//135 2070//136 2071//136 
f 2071//136 2070//136 2072//137 
f 2071//136 2072//137 2073//137 
f 2073//137 2072//137 2074//138 
f 2073//137 2074//138 2075//138 
f 2075//138 2074//138 2076//139 
f 2075//138 2076//139 2077//139 
f 2077//139 2076//139 2078//140 
f 2077//139 2078//140 2079//140 
f 2079//140 2078//140 2080//141 
f 2079//140 2080//141 2081//141 
f 2081//141 2080//141 2082//142 
f 2081//141 2082//142 2083//142 
f 2083//142 2082//142 2084//143 
f 2083//142 2084//143 2085//143 
f 2085//143 2084//143 2086//144 
f 2085//143 2086//144 2087//144 
f 2087//144 2086//144 2088//588 
f 2087//144 2088//588 2089//588 
f 2089//588 2088//588 2090//146 
f 2089//588 2090//146 2091//146 
f 2091//146 2090//146 2092//147 
f 2091//146 2092//147 2093//147 
f 2093//147 2092//147 2094//148 
f 2093//147 2094//148 2095//148 
f 2095//148 2094//148 2096//149 
f 2095//148 2096//149 2097//149 
f 2097//149 2096//149 2098//150 
f 2097//149 2098//150 2099//150 
f 2099//150 2098//150 2100//151 
f 2099//150 2100//151 2101//151 
f 2101//151 2100//151 2102//152 
f 2101//151 2102//152 2103//152 
f 2103//152 2102//152 2104//589 
f 2103//152 2104//589 2105//589 
f 2105//589 2104//589 2106//154 
f 2105//589 2106//154 2107//154 
f 2107//154 2106//154 2108//155 
f 2107//154 2108//155 2109//155 
f 2109//155 2108//155 2110//156 
f 2109//155 2110//156 2111//156 
f 2111//156 2110//156 2112//157 
f 2111//156 2112//157 2113//157 
f 2113//157 2112//157 2114//158 
f 2113//157 2114//158 2115//159 
f 2115//159 2114//158 2116//160 
f 2115//159 2116//160 2117//160 
f 2117//160 2116//160 2118//161 
f 2117//160 2118//161 2119//161 
f 2119//161 2118//161 2120//162 
f 2119//161 2120//162 2121//162 
f 2121//162 2120//162 2122//163 
f 2121//162 2122//163 2123//163 
f 2123//163 2122//163 2124//164 
f 2123//163 2124//164 2125//164 
f 2125//164 2124//164 2126//165 
f 2125//164 2126//165 2127//165 
f 2127//165 2126//165 2128//166 
f 2127//165 2128//166 2129//166 
f 2129//166 2128//166 2130//167 
f 2129//166 2130//167 2131//167 
f 2131//167 2130//167 2132//168 
f 2131//167 2132//168 2133//168 
f 2133//168 2132//168 2134//169 
f 2133//168 2134//169 2135//169 
f 2135//169 2134//169 2136//170 
f 2135//169 2136//170 2137//170 
f 2137//170 2136//170 2138//171 
f 2137//170 2138//171 2139//171 
s 4
f 2139//172 2138//172 1991//172 
f 2139//172 1991//172 1990//172 
s 1
f 2140//173 2141//173 2142//174 
f 2140//173 2142//174 2143//174 
s 3
f 2143//174 2142//174 2144//175 
f 2143//174 2144//175 2145//175 
s 2
f 2145//175 2144//175 2146//176 
f 2145//175 2146//176 2147//176 
f 2147//176 2146//176 2148//177 
f 2147//176 2148//177 2149//177 
f 2149//177 2148//177 2150//590 
f 2149//177 2150//590 2151//590 
f 2151//590 2150//590 2152//179 
f 2151//590 2152//179 2153//179 
f 2153//179 2152//179 2154//180 
f 2153//179 2154//180 2155//180 
f 2155//180 2154//180 2156//181 
f 2155//180 2156//181 2157//181 
f 2157//181 2156//181 2158//182 
f 2157//181 2158//182 2159//182 
f 2159//182 2158//182 2160//183 
f 2159//182 2160//183 2161//183 
f 2161//183 2160//183 2162//184 
f 2161//183 2162//184 2163//184 
f 2163//184 2162//184 2164//185 
f 2163//184 2164//185 2165//185 
f 2165//185 2164//185 2166//186 
f 2165//185 2166//186 2167//186 
f 2167//186 2166//186 2168//187 
f 2167//186 2168//187 2169//187 
f 2169//187 2168//187 2170//188 
f 2169//187 2170//188 2171//188 
f 2171//188 2170//188 2172//189 
f 2171//188 2172//189 2173//189 
f 2173//189 2172//189 2174//190 
f 2173//189 2174//190 2175//190 
f 2175//190 2174//190 2176//191 
f 2175//190 2176//191 2177//191 
f 2177//191 2176//191 2178//192 
f 2177//191 2178//192 2179//192 
f 2179//192 2178//192 2180//193 
f 2179//192 2180//193 2181//193 
f 2181//193 2180//193 2182//194 
f 2181//193 2182//194 2183//194 
f 2183//194 2182//194 2184//195 
f 2183//194 2184//195 2185//195 
f 2185//195 2184//195 2186//196 
f 2185//195 2186//196 2187//196 
f 2187//196 2186//196 2188//197 
f 2187//196 2188//197 2189//197 
s 4
f 2189//7 2188//7 2141//7 
f 2189//7 2141//7 2140//7 
s 512
f 2190//23 2191//23 2192//23 
f 2193//23 2194//23 2195//23 
f 2196//23 2193//23 2195//23 
f 2196//23 2195//23 2197//23 
f 2196//23 2197//23 2198//23 
f 2196//23 2198//23 2199//23 
f 2200//23 2196//23 2199//23 
f 2200//23 2199//23 2201//23 
f 2202//23 2200//23 2201//23 
f 2202//23 2201//23 2203//23 
f 2204//23 2202//23 2203//23 
f 2205//23 2204//23 2203//23 
f 2205//23 2203//23 2206//23 
f 2207//23 2205//23 2206//23 
f 2207//23 2206//23 2208//23 
f 2209//23 2207//23 2208//23 
f 2209//23 2208//23 2210//23 
f 2211//23 2209//23 2210//23 
f 2211//23 2210//23 2212//23 
f 2213//23 2211//23 2212//23 
f 2213//23 2212//23 2214//23 
f 2215//23 2213//23 2214//23 
f 2215//23 2214//23 2216//23 
f 2217//23 2215//23 2216//23 
f 2217//23 2216//23 2218//23 
f 2219//23 2217//23 2218//23 
f 2219//23 2218//23 2220//23 
f 2221//23 2219//23 2220//23 
f 2221//23 2220//23 2222//23 
f 2223//23 2221//23 2222//23 
f 2190//23 2192//23 2224//23 
f 2225//23 2190//23 2224//23 
f 2226//23 2223//23 2222//23 
f 2226//23 2222//23 2227//23 
f 2228//23 2226//23 2227//23 
f 2228//23 2227//23 2229//23 
f 2230//23 2228//23 2229//23 
f 2230//23 2229//23 2231//23 
f 2232//23 2230//23 2231//23 
f 2232//23 2231//23 2233//23 
f 2234//23 2232//23 2233//23 
f 2234//23 2233//23 2235//23 
f 2236//23 2234//23 2235//23 
f 2236//23 2235//23 2237//23 
f 2238//23 2236//23 2237//23 
f 2238//23 2237//23 2239//23 
f 2240//23 2238//23 2239//23 
f 2225//23 2224//23 2241//23 
f 2242//23 2225//23 2241//23 
f 2243//23 2242//23 2241//23 
f 2243//23 2241//23 2244//23 
f 2245//23 2243//23 2244//23 
f 2245//23 2244//23 2246//23 
f 2247//23 2245//23 2246//23 
f 2247//23 2246//23 2248//23 
f 2249//23 2247//23 2248//23 
f 2249//23 2248//23 2250//23 
f 2251//23 2249//23 2250//23 
f 2251//23 2250//23 2252//23 
f 2253//23 2251//23 2252//23 
f 2253//23 2252//23 2254//23 
f 2255//23 2253//23 2254//23 
f 2255//23 2254//23 2256//23 
f 2255//23 2256//23 2257//23 
f 2258//23 2255//23 2257//23 
f 2258//23 2257//23 2259//23 
f 2260//23 2258//23 2259//23 
f 2260//23 2259//23 2261//23 
f 2262//23 2260//23 2261//23 
f 2262//23 2261//23 2263//23 
f 2262//23 2263//23 2264//23 
f 2265//23 2262//23 2264//23 
f 2265//23 2264//23 2266//23 
f 2267//23 2265//23 2266//23 
f 2267//23 2266//23 2268//23 
f 2269//23 2267//23 2268//23 
f 2269//23 2268//23 2270//23 
f 2271//23 2269//23 2270//23 
f 2271//23 2270//23 2272//23 
f 2273//23 2271//23 2272//23 
f 2273//23 2272//23 2274//23 
f 2275//23 2273//23 2274//23 
f 2275//23 2274//23 2276//23 
f 2277//23 2275//23 2276//23 
f 2277//23 2276//23 2278//23 
f 2279//23 2277//23 2278//23 
f 2279//23 2278//23 2280//23 
f 2281//23 2279//23 2280//23 
f 2281//23 2280//23 2282//23 
f 2283//23 2281//23 2282//23 
f 2283//23 2282//23 2194//23 
f 2284//23 2283//23 2194//23 
f 2284//23 2194//23 2193//23 
f 2285//23 2284//23 2193//23 
f 2286//23 2285//23 2193//23 
f 2286//23 2193//23 2287//23 
f 2288//23 2286//23 2287//23 
f 2288//23 2287//23 2289//23 
f 2239//23 2288//23 2289//23 
f 2240//23 2239//23 2289//23 
f 2136//24 1991//24 2138//24 
f 2141//24 2040//24 2038//24 
f 2188//24 2040//24 2141//24 
f 2188//24 2042//24 2040//24 
f 2188//24 2044//24 2042//24 
f 2188//24 2046//24 2044//24 
f 2186//24 2046//24 2188//24 
f 2186//24 2048//24 2046//24 
f 2184//24 2048//24 2186//24 
f 2184//24 2050//24 2048//24 
f 2182//24 2050//24 2184//24 
f 2180//24 2050//24 2182//24 
f 2180//24 2052//24 2050//24 
f 2178//24 2052//24 2180//24 
f 2178//24 2054//24 2052//24 
f 2176//24 2054//24 2178//24 
f 2176//24 2056//24 2054//24 
f 2174//24 2056//24 2176//24 
f 2174//24 2058//24 2056//24 
f 2172//24 2058//24 2174//24 
f 2172//24 2060//24 2058//24 
f 2170//24 2060//24 2172//24 
f 2170//24 2062//24 2060//24 
f 2168//24 2062//24 2170//24 
f 2168//24 2064//24 2062//24 
f 2166//24 2064//24 2168//24 
f 2166//24 2066//24 2064//24 
f 2164//24 2066//24 2166//24 
f 2164//24 2068//24 2066//24 
f 2162//24 2068//24 2164//24 
f 2136//24 1992//24 1991//24 
f 2134//24 1992//24 2136//24 
f 2160//24 2068//24 2162//24 
f 2160//24 2070//24 2068//24 
f 2158//24 2070//24 2160//24 
f 2158//24 2072//24 2070//24 
f 2156//24 2072//24 2158//24 
f 2156//24 2074//24 2072//24 
f 2154//24 2074//24 2156//24 
f 2154//24 2076//24 2074//24 
f 2152//24 2076//24 2154//24 
f 2152//24 2078//24 2076//24 
f 2150//24 2078//24 2152//24 
f 2150//24 2080//24 2078//24 
f 2148//24 2080//24 2150//24 
f 2148//24 2082//24 2080//24 
f 2146//24 2082//24 2148//24 
f 2134//24 1994//24 1992//24 
f 2132//24 1994//24 2134//24 
f 2130//24 1994//24 2132//24 
f 2130//24 1996//24 1994//24 
f 2128//24 1996//24 2130//24 
f 2128//24 1998//24 1996//24 
f 2126//24 1998//24 2128//24 
f 2126//24 2000//24 1998//24 
f 2124//24 2000//24 2126//24 
f 2124//24 2002//24 2000//24 
f 2122//24 2002//24 2124//24 
f 2122//24 2004//24 2002//24 
f 2120//24 2004//24 2122//24 
f 2120//24 2006//24 2004//24 
f 2118//24 2006//24 2120//24 
f 2118//24 2008//24 2006//24 
f 2118//24 2010//24 2008//24 
f 2116//24 2010//24 2118//24 
f 2116//24 2012//24 2010//24 
f 2114//24 2012//24 2116//24 
f 2114//24 2014//24 2012//24 
f 2112//24 2014//24 2114//24 
f 2112//24 2016//24 2014//24 
f 2112//24 2018//24 2016//24 
f 2110//24 2018//24 2112//24 
f 2110//24 2020//24 2018//24 
f 2108//24 2020//24 2110//24 
f 2108//24 2022//24 2020//24 
f 2106//24 2022//24 2108//24 
f 2106//24 2024//24 2022//24 
f 2104//24 2024//24 2106//24 
f 2104//24 2026//24 2024//24 
f 2102//24 2026//24 2104//24 
f 2102//24 2028//24 2026//24 
f 2100//24 2028//24 2102//24 
f 2100//24 2030//24 2028//24 
f 2098//24 2030//24 2100//24 
f 2098//24 2032//24 2030//24 
f 2096//24 2032//24 2098//24 
f 2096//24 2034//24 2032//24 
f 2094//24 2034//24 2096//24 
f 2094//24 2036//24 2034//24 
f 2092//24 2036//24 2094//24 
f 2092//24 2038//24 2036//24 
f 2090//24 2038//24 2092//24 
f 2090//24 2141//24 2038//24 
f 2088//24 2141//24 2090//24 
f 2086//24 2141//24 2088//24 
f 2086//24 2142//24 2141//24 
f 2084//24 2142//24 2086//24 
f 2084//24 2144//24 2142//24 
f 2082//24 2144//24 2084//24 
f 2146//24 2144//24 2082//24 
s 1
f 2290//1 2291//1 2292//1 
f 2290//1 2292//1 2293//1 
s 4
f 2293//25 2292//25 2294//25 
f 2293//25 2294//25 2295//25 
s 2
f 2295//591 2294//591 2296//592 
f 2295//591 2296//592 2297//592 
f 2297//592 2296//592 2298//200 
f 2297//592 2298//200 2299//200 
f 2299//200 2298//200 2300//201 
f 2299//200 2300//201 2301//201 
f 2301//201 2300//201 2302//202 
f 2301//201 2302//202 2303//202 
f 2303//202 2302//202 2304//593 
f 2303//202 2304//593 2305//593 
f 2305//593 2304//593 2306//204 
f 2305//593 2306//204 2307//204 
f 2307//204 2306//204 2308//205 
f 2307//204 2308//205 2309//205 
f 2309//205 2308//205 2310//206 
f 2309//205 2310//206 2311//206 
f 2311//206 2310//206 2312//207 
f 2311//206 2312//207 2313//207 
f 2313//207 2312//207 2314//208 
f 2313//207 2314//208 2315//208 
f 2315//208 2314//208 2316//209 
f 2315//208 2316//209 2317//209 
f 2317//209 2316//209 2318//210 
f 2317//209 2318//210 2319//210 
f 2319//210 2318//210 2320//211 
f 2319//210 2320//211 2321//211 
f 2321//211 2320//211 2322//212 
f 2321//211 2322//212 2323//212 
f 2323//212 2322//212 2324//594 
f 2323//212 2324//594 2325//594 
f 2325//594 2324//594 2326//214 
f 2325//594 2326//214 2327//214 
f 2327//214 2326//214 2328//215 
f 2327//214 2328//215 2329//215 
f 2329//215 2328//215 2330//216 
f 2329//215 2330//216 2331//216 
f 2331//216 2330//216 2332//217 
f 2331//216 2332//217 2333//217 
f 2333//217 2332//217 2334//218 
f 2333//217 2334//218 2335//218 
f 2335//218 2334//218 2336//219 
f 2335//218 2336//219 2337//219 
f 2337//219 2336//219 2338//220 
f 2337//219 2338//220 2339//220 
f 2339//220 2338//220 2340//221 
f 2339//220 2340//221 2341//221 
f 2341//221 2340//221 2342//222 
f 2341//221 2342//222 2343//222 
s 4
f 2343//223 2342//223 2344//223 
f 2343//223 2344//223 2345//223 
s 2
f 2345//224 2344//224 2346//225 
f 2345//224 2346//225 2347//225 
f 2347//225 2346//225 2348//226 
f 2347//225 2348//226 2349//226 
f 2349//226 2348//226 2350//227 
f 2349//226 2350//227 2351//227 
f 2351//227 2350//227 2352//228 
f 2351//227 2352//228 2353//228 
f 2353//228 2352//228 2354//229 
f 2353//228 2354//229 2355//229 
f 2355//229 2354//229 2356//230 
f 2355//229 2356//230 2357//230 
f 2357//230 2356//230 2358//231 
f 2357//230 2358//231 2359//231 
f 2359//231 2358//231 2360//232 
f 2359//231 2360//232 2361//232 
f 2361//232 2360//232 2362//233 
f 2361//232 2362//233 2363//233 
f 2363//233 2362//233 2364//595 
f 2363//233 2364//595 2365//595 
f 2365//595 2364//595 2366//596 
f 2365//595 2366//596 2367//596 
f 2367//596 2366//596 2368//236 
f 2367//596 2368//236 2369//236 
f 2369//236 2368//236 2370//237 
f 2369//236 2370//237 2371//237 
f 2371//237 2370//237 2372//238 
f 2371//237 2372//238 2373//238 
f 2373//238 2372//238 2374//597 
f 2373//238 2374//597 2375//597 
f 2375//597 2374//597 2376//240 
f 2375//597 2376//240 2377//240 
f 2377//240 2376//240 2378//598 
f 2377//240 2378//598 2379//598 
f 2379//598 2378//598 2380//242 
f 2379//598 2380//242 2381//242 
s 4
f 2381//25 2380//25 2382//25 
f 2381//25 2382//25 2383//25 
s 2
f 2383//7 2382//7 2384//7 
f 2383//7 2384//7 2385//7 
s 4
f 2385//26 2384//26 2291//26 
f 2385//26 2291//26 2290//26 
s 512
f 2386//23 2387//23 2388//23 
f 2389//23 2390//23 2391//23 
f 2392//23 2389//23 2391//23 
f 2392//23 2391//23 2393//23 
f 2392//23 2393//23 2394//23 
f 2392//23 2394//23 2395//23 
f 2392//23 2395//23 2396//23 
f 2392//23 2396//23 2397//23 
f 2392//23 2397//23 2398//23 
f 2392//23 2398//23 2399//23 
f 2392//23 2399//23 2400//23 
f 2392//23 2400//23 2401//23 
f 2392//23 2401//23 2402//23 
f 2392//23 2402//23 2403//23 
f 2392//23 2403//23 2404//23 
f 2386//23 2388//23 2405//23 
f 2406//23 2386//23 2405//23 
f 2406//23 2405//23 2407//23 
f 2408//23 2406//23 2407//23 
f 2408//23 2407//23 2409//23 
f 2410//23 2408//23 2409//23 
f 2410//23 2409//23 2411//23 
f 2412//23 2410//23 2411//23 
f 2412//23 2411//23 2413//23 
f 2412//23 2413//23 2414//23 
f 2415//23 2412//23 2414//23 
f 2415//23 2414//23 2416//23 
f 2415//23 2416//23 2417//23 
f 2418//23 2415//23 2417//23 
f 2418//23 2417//23 2419//23 
f 2418//23 2419//23 2420//23 
f 2418//23 2420//23 2421//23 
f 2422//23 2418//23 2421//23 
f 2422//23 2421//23 2423//23 
f 2422//23 2423//23 2424//23 
f 2425//23 2422//23 2424//23 
f 2425//23 2424//23 2426//23 
f 2425//23 2426//23 2427//23 
f 2428//23 2425//23 2427//23 
f 2428//23 2427//23 2429//23 
f 2430//23 2428//23 2429//23 
f 2430//23 2429//23 2431//23 
f 2432//23 2430//23 2431//23 
f 2433//23 2432//23 2431//23 
f 2433//23 2431//23 2392//23 
f 2433//23 2392//23 2404//23 
f 2434//24 2435//24 2436//24 
f 2437//24 2438//24 2439//24 
f 2440//24 2438//24 2437//24 
f 2440//24 2441//24 2438//24 
f 2440//24 2442//24 2441//24 
f 2440//24 2443//24 2442//24 
f 2440//24 2444//24 2443//24 
f 2440//24 2445//24 2444//24 
f 2440//24 2446//24 2445//24 
f 2440//24 2447//24 2446//24 
f 2440//24 2448//24 2447//24 
f 2440//24 2449//24 2448//24 
f 2440//24 2450//24 2449//24 
f 2440//24 2451//24 2450//24 
f 2440//24 2452//24 2451//24 
f 2434//24 2453//24 2435//24 
f 2454//24 2453//24 2434//24 
f 2454//24 2455//24 2453//24 
f 2456//24 2455//24 2454//24 
f 2456//24 2457//24 2455//24 
f 2458//24 2457//24 2456//24 
f 2458//24 2459//24 2457//24 
f 2460//24 2459//24 2458//24 
f 2460//24 2461//24 2459//24 
f 2460//24 2462//24 2461//24 
f 2463//24 2462//24 2460//24 
f 2463//24 2464//24 2462//24 
f 2463//24 2465//24 2464//24 
f 2466//24 2465//24 2463//24 
f 2466//24 2467//24 2465//24 
f 2466//24 2468//24 2467//24 
f 2466//24 2469//24 2468//24 
f 2470//24 2469//24 2466//24 
f 2470//24 2471//24 2469//24 
f 2470//24 2472//24 2471//24 
f 2473//24 2472//24 2470//24 
f 2473//24 2474//24 2472//24 
f 2473//24 2475//24 2474//24 
f 2476//24 2475//24 2473//24 
f 2476//24 2477//24 2475//24 
f 2478//24 2477//24 2476//24 
f 2478//24 2479//24 2477//24 
f 2480//24 2479//24 2478//24 
f 2481//24 2479//24 2480//24 
f 2481//24 2440//24 2479//24 
f 2481//24 2452//24 2440//24 
s 1
f 2482//25 2483//25 2484//25 
f 2482//25 2484//25 2485//25 
s 4
f 2485//7 2484//7 2486//7 
f 2485//7 2486//7 2487//7 
s 2
f 2487//599 2486//599 2488//600 
f 2487//599 2488//600 2489//600 
f 2489//600 2488//600 2490//601 
f 2489//600 2490//601 2491//601 
f 2491//601 2490//601 2492//602 
f 2491//601 2492//602 2493//602 
f 2493//602 2492//602 2494//603 
f 2493//602 2494//603 2495//603 
f 2495//603 2494//603 2496//604 
f 2495//603 2496//604 2497//604 
f 2497//604 2496//604 2498//605 
f 2497//604 2498//605 2499//605 
f 2499//605 2498//605 2500//606 
f 2499//605 2500//606 2501//606 
f 2501//606 2500//606 2502//607 
f 2501//606 2502//607 2503//607 
f 2503//607 2502//607 2504//608 
f 2503//607 2504//608 2505//608 
f 2505//608 2504//608 2506//609 
f 2505//608 2506//609 2507//609 
f 2507//609 2506//609 2508//610 
f 2507//609 2508//610 2509//610 
f 2509//610 2508//610 2510//611 
f 2509//610 2510//611 2511//611 
s 4
f 2511//26 2510//26 2512//26 
f 2511//26 2512//26 2513//26 
s 2
f 2513//612 2512//612 2514//613 
f 2513//612 2514//613 2515//613 
f 2515//613 2514//613 2516//614 
f 2515//613 2516//614 2517//614 
f 2517//614 2516//614 2518//615 
f 2517//614 2518//615 2519//615 
f 2519//615 2518//615 2520//616 
f 2519//615 2520//616 2521//616 
f 2521//616 2520//616 2522//617 
f 2521//616 2522//617 2523//617 
f 2523//617 2522//617 2524//618 
f 2523//617 2524//618 2525//618 
f 2525//618 2524//618 2526//619 
f 2525//618 2526//619 2527//619 
f 2527//619 2526//619 2528//620 
f 2527//619 2528//620 2529//621 
f 2529//621 2528//620 2530//622 
f 2529//621 2530//622 2531//622 
f 2531//622 2530//622 2532//623 
f 2531//622 2532//623 2533//623 
f 2533//623 2532//623 2534//624 
f 2533//623 2534//624 2535//624 
f 2535//624 2534//624 2536//625 
f 2535//624 2536//625 2537//625 
s 4
f 2537//26 2536//26 2538//26 
f 2537//26 2538//26 2539//26 
s 2
f 2539//1 2538//1 2483//1 
f 2539//1 2483//1 2482//1 
s 512
f 2540//23 2541//23 2542//23 
f 2540//23 2542//23 2543//23 
f 2540//23 2543//23 2544//23 
f 2545//23 2540//23 2544//23 
f 2545//23 2544//23 2546//23 
f 2545//23 2546//23 2547//23 
f 2548//23 2545//23 2547//23 
f 2548//23 2547//23 2549//23 
f 2550//23 2548//23 2549//23 
f 2550//23 2549//23 2551//23 
f 2550//23 2551//23 2552//23 
f 2553//23 2550//23 2552//23 
f 2553//23 2552//23 2554//23 
f 2555//23 2553//23 2554//23 
f 2555//23 2554//23 2556//23 
f 2555//23 2556//23 2557//23 
f 2558//23 2555//23 2557//23 
f 2558//23 2557//23 2559//23 
f 2559//23 2560//23 2561//23 
f 2559//23 2561//23 2562//23 
f 2559//23 2562//23 2563//23 
f 2559//23 2563//23 2564//23 
f 2559//23 2564//23 2565//23 
f 2559//23 2565//23 2566//23 
f 2559//23 2566//23 2567//23 
f 2559//23 2567//23 2568//23 
f 2558//23 2559//23 2568//23 
f 2510//24 2514//24 2512//24 
f 2510//24 2516//24 2514//24 
f 2510//24 2518//24 2516//24 
f 2508//24 2518//24 2510//24 
f 2508//24 2520//24 2518//24 
f 2508//24 2522//24 2520//24 
f 2506//24 2522//24 2508//24 
f 2506//24 2524//24 2522//24 
f 2504//24 2524//24 2506//24 
f 2504//24 2526//24 2524//24 
f 2504//24 2528//24 2526//24 
f 2502//24 2528//24 2504//24 
f 2502//24 2530//24 2528//24 
f 2500//24 2530//24 2502//24 
f 2500//24 2532//24 2530//24 
f 2500//24 2534//24 2532//24 
f 2498//24 2534//24 2500//24 
f 2498//24 2536//24 2534//24 
f 2536//24 2483//24 2538//24 
f 2536//24 2484//24 2483//24 
f 2536//24 2486//24 2484//24 
f 2536//24 2488//24 2486//24 
f 2536//24 2490//24 2488//24 
f 2536//24 2492//24 2490//24 
f 2536//24 2494//24 2492//24 
f 2536//24 2496//24 2494//24 
f 2498//24 2496//24 2536//24 
s 1
f 2569//1 2570//1 2571//1 
f 2569//1 2571//1 2572//1 
s 4
f 2572//626 2571//626 2573//626 
f 2572//626 2573//626 2574//626 
s 2
f 2574//25 2573//25 2575//25 
f 2574//25 2575//25 2576//25 
s 4
f 2576//7 2575//7 2577//7 
f 2576//7 2577//7 2578//7 
s 2
f 2578//26 2577//26 2579//26 
f 2578//26 2579//26 2580//26 
s 4
f 2580//627 2579//627 2570//627 
f 2580//627 2570//627 2569//627 
s 1
f 2581//1 2582//1 2583//1 
f 2581//1 2583//1 2584//1 
s 4
f 2584//25 2583//25 2585//25 
f 2584//25 2585//25 2586//25 
s 2
f 2586//7 2585//7 2587//7 
f 2586//7 2587//7 2588//7 
s 4
f 2588//26 2587//26 2582//26 
f 2588//26 2582//26 2581//26 
s 512
f 2589//23 2590//23 2591//23 
f 2592//23 2589//23 2591//23 
f 2592//23 2591//23 2593//23 
f 2594//23 2592//23 2593//23 
f 2595//23 2596//23 2597//23 
f 2598//23 2595//23 2597//23 
f 2575//24 2579//24 2577//24 
f 2573//24 2579//24 2575//24 
f 2573//24 2570//24 2579//24 
f 2571//24 2570//24 2573//24 
f 2585//24 2582//24 2587//24 
f 2583//24 2582//24 2585//24 
s 1
f 2599//1 2600//1 2601//1 
f 2599//1 2601//1 2602//1 
s 4
f 2602//626 2601//626 2603//626 
f 2602//626 2603//626 2604//626 
s 2
f 2604//25 2603//25 2605//25 
f 2604//25 2605//25 2606//25 
s 4
f 2606//7 2605//7 2607//7 
f 2606//7 2607//7 2608//7 
s 2
f 2608//26 2607//26 2609//26 
f 2608//26 2609//26 2610//26 
s 4
f 2610//627 2609//627 2600//627 
f 2610//627 2600//627 2599//627 
s 1
f 2611//1 2612//1 2613//1 
f 2611//1 2613//1 2614//1 
s 4
f 2614//25 2613//25 2615//25 
f 2614//25 2615//25 2616//25 
s 2
f 2616//7 2615//7 2617//7 
f 2616//7 2617//7 2618//7 
s 4
f 2618//26 2617//26 2612//26 
f 2618//26 2612//26 2611//26 
s 512
f 2619//23 2620//23 2621//23 
f 2622//23 2619//23 2621//23 
f 2622//23 2621//23 2623//23 
f 2624//23 2622//23 2623//23 
f 2625//23 2626//23 2627//23 
f 2628//23 2625//23 2627//23 
f 2605//24 2609//24 2607//24 
f 2603//24 2609//24 2605//24 
f 2603//24 2600//24 2609//24 
f 2601//24 2600//24 2603//24 
f 2615//24 2612//24 2617//24 
f 2613//24 2612//24 2615//24 
s off
f 1//1 4//1 67//1 
f 67//1 69//1 1//1 
f 4//2 6//2 66//2 
f 66//2 67//2 4//2 
f 6//3 8//3 63//3 
f 63//3 66//3 6//3 
f 8//4 10//4 55//4 
f 55//4 63//4 8//4 
f 10//5 12//5 54//5 
f 54//5 55//5 10//5 
f 12//1 14//1 49//1 
f 49//1 54//1 12//1 
f 14//6 16//6 50//6 
f 50//6 49//6 14//6 
f 16//7 18//7 51//7 
f 51//7 50//7 16//7 
f 18//8 20//8 52//8 
f 52//8 51//8 18//8 
f 20//9 22//9 53//9 
f 53//9 52//9 20//9 
f 22//10 24//10 56//10 
f 56//10 53//10 22//10 
f 24//628 26//628 57//628 
f 57//628 56//628 24//628 
f 26//629 28//629 58//629 
f 58//629 57//629 26//629 
f 28//630 30//630 59//630 
f 59//630 58//630 28//630 
f 30//631 32//631 60//631 
f 60//631 59//631 30//631 
f 32//16 34//16 61//16 
f 61//16 60//16 32//16 
f 34//17 36//17 62//17 
f 62//17 61//17 34//17 
f 36//7 38//7 64//7 
f 64//7 62//7 36//7 
f 38//18 40//18 65//18 
f 65//18 64//18 38//18 
f 40//19 42//19 68//19 
f 68//19 65//19 40//19 
f 42//20 44//20 71//20 
f 71//20 68//20 42//20 
f 44//21 46//21 72//21 
f 72//21 71//21 44//21 
f 46//7 48//7 70//7 
f 70//7 72//7 46//7 
f 48//22 1//22 69//22 
f 69//22 70//22 48//22 
f 73//1 76//1 92//1 
f 92//1 91//1 73//1 
f 76//25 78//25 89//25 
f 89//25 92//25 76//25 
f 78//7 80//7 90//7 
f 90//7 89//7 78//7 
f 80//26 73//26 91//26 
f 91//26 90//26 80//26 
f 81//1 84//1 96//1 
f 96//1 95//1 81//1 
f 84//25 86//25 93//25 
f 93//25 96//25 84//25 
f 86//7 88//7 94//7 
f 94//7 93//7 86//7 
f 88//26 81//26 95//26 
f 95//26 94//26 88//26 
f 97//1 100//1 237//1 
f 237//1 235//1 97//1 
f 100//25 102//25 238//25 
f 238//25 237//25 100//25 
f 102//27 104//27 239//27 
f 239//27 238//27 102//27 
f 104//632 106//632 240//632 
f 240//632 239//632 104//632 
f 106//633 108//633 241//633 
f 241//633 240//633 106//633 
f 108//634 110//634 242//634 
f 242//634 241//634 108//634 
f 110//635 112//635 243//635 
f 243//635 242//635 110//635 
f 112//636 114//636 244//636 
f 244//636 243//636 112//636 
f 114//637 116//637 246//637 
f 246//637 244//637 114//637 
f 116//638 118//638 248//638 
f 248//638 246//638 116//638 
f 118//639 120//639 250//639 
f 250//639 248//639 118//639 
f 120//640 122//640 300//640 
f 300//640 250//640 120//640 
f 122//641 124//641 298//641 
f 298//641 300//641 122//641 
f 124//642 126//642 297//642 
f 297//642 298//642 124//642 
f 126//643 128//643 295//643 
f 295//643 297//643 126//643 
f 128//644 130//644 293//644 
f 293//644 295//644 128//644 
f 130//645 132//645 291//645 
f 291//645 293//645 130//645 
f 132//646 134//646 288//646 
f 288//646 291//646 132//646 
f 134//647 136//647 286//647 
f 286//647 288//647 134//647 
f 136//648 138//648 284//648 
f 284//648 286//648 136//648 
f 138//649 140//649 282//649 
f 282//649 284//649 138//649 
f 140//650 142//650 279//650 
f 279//650 282//650 140//650 
f 142//651 144//651 276//651 
f 276//651 279//651 142//651 
f 144//652 146//652 273//652 
f 273//652 276//652 144//652 
f 146//653 148//653 270//653 
f 270//653 273//653 146//653 
f 148//654 150//654 267//654 
f 267//654 270//654 148//654 
f 150//655 152//655 264//655 
f 264//655 267//655 150//655 
f 152//656 154//656 262//656 
f 262//656 264//656 152//656 
f 154//657 156//657 259//657 
f 259//657 262//657 154//657 
f 156//658 158//658 257//658 
f 257//658 259//658 156//658 
f 158//659 160//659 255//659 
f 255//659 257//659 158//659 
f 160//57 162//57 254//57 
f 254//57 255//57 160//57 
f 162//26 164//26 251//26 
f 251//26 254//26 162//26 
f 164//1 166//1 252//1 
f 252//1 251//1 164//1 
f 166//25 168//25 253//25 
f 253//25 252//25 166//25 
f 168//58 170//58 256//58 
f 256//58 253//58 168//58 
f 170//660 172//660 258//660 
f 258//660 256//660 170//660 
f 172//661 174//661 260//661 
f 260//661 258//661 172//661 
f 174//662 176//662 261//662 
f 261//662 260//662 174//662 
f 176//663 178//663 263//663 
f 263//663 261//663 176//663 
f 178//64 180//64 265//64 
f 265//64 263//64 178//64 
f 180//65 182//65 266//65 
f 266//65 265//65 180//65 
f 182//664 184//664 268//664 
f 268//664 266//664 182//664 
f 184//665 186//665 269//665 
f 269//665 268//665 184//665 
f 186//666 188//666 271//666 
f 271//666 269//666 186//666 
f 188//667 190//667 272//667 
f 272//667 271//667 188//667 
f 190//668 192//668 274//668 
f 274//668 272//668 190//668 
f 192//669 194//669 275//669 
f 275//669 274//669 192//669 
f 194//670 196//670 277//670 
f 277//670 275//670 194//670 
f 196//671 198//671 278//671 
f 278//671 277//671 196//671 
f 198//672 200//672 280//672 
f 280//672 278//672 198//672 
f 200//673 202//673 281//673 
f 281//673 280//673 200//673 
f 202//674 204//674 283//674 
f 283//674 281//674 202//674 
f 204//675 206//675 285//675 
f 285//675 283//675 204//675 
f 206//676 208//676 287//676 
f 287//676 285//676 206//676 
f 208//677 210//677 289//677 
f 289//677 287//677 208//677 
f 210//678 212//678 290//678 
f 290//678 289//678 210//678 
f 212//679 214//679 292//679 
f 292//679 290//679 212//679 
f 214//680 216//680 294//680 
f 294//680 292//680 214//680 
f 216//681 218//681 296//681 
f 296//681 294//681 216//681 
f 218//682 220//682 299//682 
f 299//682 296//682 218//682 
f 220//683 222//683 249//683 
f 249//683 299//683 220//683 
f 222//684 224//684 247//684 
f 247//684 249//684 222//684 
f 224//685 226//685 245//685 
f 245//685 247//685 224//685 
f 226//89 228//89 236//89 
f 236//89 245//89 226//89 
f 228//25 230//25 233//25 
f 233//25 236//25 228//25 
f 230//7 232//7 234//7 
f 234//7 233//7 230//7 
f 232//26 97//26 235//26 
f 235//26 234//26 232//26 
f 301//1 304//1 441//1 
f 441//1 439//1 301//1 
f 304//25 306//25 442//25 
f 442//25 441//25 304//25 
f 306//27 308//27 443//27 
f 443//27 442//27 306//27 
f 308//632 310//632 444//632 
f 444//632 443//632 308//632 
f 310//686 312//686 445//686 
f 445//686 444//686 310//686 
f 312//687 314//687 446//687 
f 446//687 445//687 312//687 
f 314//635 316//635 447//635 
f 447//635 446//635 314//635 
f 316//636 318//636 448//636 
f 448//636 447//636 316//636 
f 318//637 320//637 450//637 
f 450//637 448//637 318//637 
f 320//638 322//638 452//638 
f 452//638 450//638 320//638 
f 322//639 324//639 454//639 
f 454//639 452//639 322//639 
f 324//640 326//640 504//640 
f 504//640 454//640 324//640 
f 326//641 328//641 502//641 
f 502//641 504//641 326//641 
f 328//642 330//642 501//642 
f 501//642 502//642 328//642 
f 330//643 332//643 499//643 
f 499//643 501//643 330//643 
f 332//644 334//644 497//644 
f 497//644 499//644 332//644 
f 334//645 336//645 495//645 
f 495//645 497//645 334//645 
f 336//646 338//646 492//646 
f 492//646 495//646 336//646 
f 338//647 340//647 490//647 
f 490//647 492//647 338//647 
f 340//648 342//648 488//648 
f 488//648 490//648 340//648 
f 342//649 344//649 486//649 
f 486//649 488//649 342//649 
f 344//688 346//688 483//688 
f 483//688 486//688 344//688 
f 346//651 348//651 480//651 
f 480//651 483//651 346//651 
f 348//652 350//652 477//652 
f 477//652 480//652 348//652 
f 350//689 352//689 474//689 
f 474//689 477//689 350//689 
f 352//690 354//690 471//690 
f 471//690 474//690 352//690 
f 354//655 356//655 468//655 
f 468//655 471//655 354//655 
f 356//656 358//656 466//656 
f 466//656 468//656 356//656 
f 358//657 360//657 463//657 
f 463//657 466//657 358//657 
f 360//658 362//658 461//658 
f 461//658 463//658 360//658 
f 362//659 364//659 459//659 
f 459//659 461//659 362//659 
f 364//57 366//57 458//57 
f 458//57 459//57 364//57 
f 366//26 368//26 455//26 
f 455//26 458//26 366//26 
f 368//1 370//1 456//1 
f 456//1 455//1 368//1 
f 370//25 372//25 457//25 
f 457//25 456//25 370//25 
f 372//58 374//58 460//58 
f 460//58 457//58 372//58 
f 374//691 376//691 462//691 
f 462//691 460//691 374//691 
f 376//661 378//661 464//661 
f 464//661 462//661 376//661 
f 378//692 380//692 465//692 
f 465//692 464//692 378//692 
f 380//663 382//663 467//663 
f 467//663 465//663 380//663 
f 382//64 384//64 469//64 
f 469//64 467//64 382//64 
f 384//65 386//65 470//65 
f 470//65 469//65 384//65 
f 386//664 388//664 472//664 
f 472//664 470//664 386//664 
f 388//665 390//665 473//665 
f 473//665 472//665 388//665 
f 390//666 392//666 475//666 
f 475//666 473//666 390//666 
f 392//693 394//693 476//693 
f 476//693 475//693 392//693 
f 394//668 396//668 478//668 
f 478//668 476//668 394//668 
f 396//669 398//669 479//669 
f 479//669 478//669 396//669 
f 398//670 400//670 481//670 
f 481//670 479//670 398//670 
f 400//671 402//671 482//671 
f 482//671 481//671 400//671 
f 402//672 404//672 484//672 
f 484//672 482//672 402//672 
f 404//673 406//673 485//673 
f 485//673 484//673 404//673 
f 406//674 408//674 487//674 
f 487//674 485//674 406//674 
f 408//675 410//675 489//675 
f 489//675 487//675 408//675 
f 410//676 412//676 491//676 
f 491//676 489//676 410//676 
f 412//677 414//677 493//677 
f 493//677 491//677 412//677 
f 414//678 416//678 494//678 
f 494//678 493//678 414//678 
f 416//679 418//679 496//679 
f 496//679 494//679 416//679 
f 418//680 420//680 498//680 
f 498//680 496//680 418//680 
f 420//681 422//681 500//681 
f 500//681 498//681 420//681 
f 422//682 424//682 503//682 
f 503//682 500//682 422//682 
f 424//683 426//683 453//683 
f 453//683 503//683 424//683 
f 426//684 428//684 451//684 
f 451//684 453//684 426//684 
f 428//685 430//685 449//685 
f 449//685 451//685 428//685 
f 430//89 432//89 440//89 
f 440//89 449//89 430//89 
f 432//25 434//25 437//25 
f 437//25 440//25 432//25 
f 434//7 436//7 438//7 
f 438//7 437//7 434//7 
f 436//26 301//26 439//26 
f 439//26 438//26 436//26 
f 505//95 508//95 739//95 
f 739//95 707//95 505//95 
f 508//694 510//694 756//694 
f 756//694 739//694 508//694 
f 510//695 512//695 759//695 
f 759//695 756//695 510//695 
f 512//696 514//696 761//696 
f 761//696 759//696 512//696 
f 514//697 516//697 763//697 
f 763//697 761//697 514//697 
f 516//698 518//698 765//698 
f 765//698 763//698 516//698 
f 518//699 520//699 767//699 
f 767//699 765//699 518//699 
f 520//700 522//700 769//700 
f 769//700 767//700 520//700 
f 522//701 524//701 771//701 
f 771//701 769//701 522//701 
f 524//702 526//702 772//702 
f 772//702 771//702 524//702 
f 526//703 528//703 774//703 
f 774//703 772//703 526//703 
f 528//704 530//704 776//704 
f 776//704 774//704 528//704 
f 530//705 532//705 778//705 
f 778//705 776//705 530//705 
f 532//706 534//706 779//706 
f 779//706 778//706 532//706 
f 534//707 536//707 781//707 
f 781//707 779//707 534//707 
f 536//708 538//708 783//708 
f 783//708 781//708 536//708 
f 538//709 540//709 785//709 
f 785//709 783//709 538//709 
f 540//710 542//710 787//710 
f 787//710 785//710 540//710 
f 542//711 544//711 789//711 
f 789//711 787//711 542//711 
f 544//712 546//712 791//712 
f 791//712 789//712 544//712 
f 546//713 548//713 793//713 
f 793//713 791//713 546//713 
f 548//714 550//714 795//714 
f 795//714 793//714 548//714 
f 550//715 552//715 797//715 
f 797//715 795//715 550//715 
f 552//119 554//119 709//119 
f 709//119 797//119 552//119 
f 554//1 556//1 710//1 
f 710//1 709//1 554//1 
f 556//120 558//120 712//120 
f 712//120 710//120 556//120 
f 558//661 560//661 713//661 
f 713//661 712//661 558//661 
f 560//716 562//716 714//716 
f 714//716 713//716 560//716 
f 562//717 564//717 716//717 
f 716//717 714//717 562//717 
f 564//718 566//718 718//718 
f 718//718 716//718 564//718 
f 566//719 568//719 721//719 
f 721//719 718//719 566//719 
f 568//669 570//669 723//669 
f 723//669 721//669 568//669 
f 570//720 572//720 725//720 
f 725//720 723//720 570//720 
f 572//721 574//721 727//721 
f 727//721 725//721 572//721 
f 574//722 576//722 729//722 
f 729//722 727//722 574//722 
f 576//723 578//723 731//723 
f 731//723 729//723 576//723 
f 578//724 580//724 733//724 
f 733//724 731//724 578//724 
f 580//725 582//725 735//725 
f 735//725 733//725 580//725 
f 582//726 584//726 737//726 
f 737//726 735//726 582//726 
f 584//727 586//727 742//727 
f 742//727 737//727 584//727 
f 586//728 588//728 744//728 
f 744//728 742//728 586//728 
f 588//729 590//729 746//729 
f 746//729 744//729 588//729 
f 590//730 592//730 748//730 
f 748//730 746//730 590//730 
f 592//731 594//731 750//731 
f 750//731 748//731 592//731 
f 594//732 596//732 752//732 
f 752//732 750//732 594//732 
f 596//733 598//733 754//733 
f 754//733 752//733 596//733 
f 598//734 600//734 803//734 
f 803//734 754//734 598//734 
f 600//735 602//735 801//735 
f 801//735 803//735 600//735 
f 602//736 604//736 800//736 
f 800//736 801//736 602//736 
f 604//737 606//737 799//737 
f 799//737 800//737 604//737 
f 606//738 608//738 798//738 
f 798//738 799//738 606//738 
f 608//739 610//739 796//739 
f 796//739 798//739 608//739 
f 610//740 612//740 794//740 
f 794//740 796//740 610//740 
f 612//741 614//741 792//741 
f 792//741 794//741 612//741 
f 614//742 616//742 790//742 
f 790//742 792//742 614//742 
f 616//743 618//743 788//743 
f 788//743 790//743 616//743 
f 618//744 620//744 786//744 
f 786//744 788//744 618//744 
f 620//745 622//745 784//745 
f 784//745 786//745 620//745 
f 622//746 624//746 782//746 
f 782//746 784//746 622//746 
f 624//747 626//747 780//747 
f 780//747 782//747 624//747 
f 626//748 628//748 777//748 
f 777//748 780//748 626//748 
f 628//749 630//749 775//749 
f 775//749 777//749 628//749 
f 630//750 632//750 773//750 
f 773//750 775//750 630//750 
f 632//751 634//751 770//751 
f 770//751 773//751 632//751 
f 634//752 636//752 768//752 
f 768//752 770//752 634//752 
f 636//753 638//753 766//753 
f 766//753 768//753 636//753 
f 638//754 640//754 764//754 
f 764//754 766//754 638//754 
f 640//755 642//755 762//755 
f 762//755 764//755 640//755 
f 642//756 644//756 760//756 
f 760//756 762//756 642//756 
f 644//757 646//757 758//757 
f 758//757 760//757 644//757 
f 646//758 648//758 757//758 
f 757//758 758//758 646//758 
f 648//759 650//759 740//759 
f 740//759 757//759 648//759 
f 650//760 652//760 705//760 
f 705//760 740//760 650//760 
f 652//171 654//171 706//171 
f 706//171 705//171 652//171 
f 654//172 505//172 707//172 
f 707//172 706//172 654//172 
f 655//173 658//173 802//173 
f 802//173 708//173 655//173 
f 658//761 660//761 804//761 
f 804//761 802//761 658//761 
f 660//762 662//762 755//762 
f 755//762 804//762 660//762 
f 662//763 664//763 753//763 
f 753//763 755//763 662//763 
f 664//764 666//764 751//764 
f 751//764 753//764 664//764 
f 666//765 668//765 749//765 
f 749//765 751//765 666//765 
f 668//766 670//766 747//766 
f 747//766 749//766 668//766 
f 670//767 672//767 745//767 
f 745//767 747//767 670//767 
f 672//768 674//768 743//768 
f 743//768 745//768 672//768 
f 674//769 676//769 741//769 
f 741//769 743//769 674//769 
f 676//770 678//770 738//770 
f 738//770 741//770 676//770 
f 678//771 680//771 736//771 
f 736//771 738//771 678//771 
f 680//772 682//772 734//772 
f 734//772 736//772 680//772 
f 682//773 684//773 732//773 
f 732//773 734//773 682//773 
f 684//774 686//774 730//774 
f 730//774 732//774 684//774 
f 686//775 688//775 728//775 
f 728//775 730//775 686//775 
f 688//776 690//776 726//776 
f 726//776 728//776 688//776 
f 690//777 692//777 724//777 
f 724//777 726//777 690//777 
f 692//778 694//778 722//778 
f 722//778 724//778 692//778 
f 694//779 696//779 720//779 
f 720//779 722//779 694//779 
f 696//780 698//780 719//780 
f 719//780 720//780 696//780 
f 698//781 700//781 717//781 
f 717//781 719//781 698//781 
f 700//782 702//782 715//782 
f 715//782 717//782 700//782 
f 702//197 704//197 711//197 
f 711//197 715//197 702//197 
f 704//7 655//7 708//7 
f 708//7 711//7 704//7 
f 805//1 808//1 908//1 
f 908//1 906//1 805//1 
f 808//25 810//25 909//25 
f 909//25 908//25 808//25 
f 810//198 812//198 910//198 
f 910//198 909//198 810//198 
f 812//783 814//783 911//783 
f 911//783 910//783 812//783 
f 814//784 816//784 912//784 
f 912//784 911//784 814//784 
f 816//785 818//785 913//785 
f 913//785 912//785 816//785 
f 818//786 820//786 914//786 
f 914//786 913//786 818//786 
f 820//787 822//787 915//787 
f 915//787 914//787 820//787 
f 822//788 824//788 916//788 
f 916//788 915//788 822//788 
f 824//789 826//789 917//789 
f 917//789 916//789 824//789 
f 826//790 828//790 918//790 
f 918//790 917//790 826//790 
f 828//791 830//791 919//791 
f 919//791 918//791 828//791 
f 830//792 832//792 948//792 
f 948//792 919//792 830//792 
f 832//793 834//793 947//793 
f 947//793 948//793 832//793 
f 834//794 836//794 945//794 
f 945//794 947//794 834//794 
f 836//795 838//795 943//795 
f 943//795 945//795 836//795 
f 838//796 840//796 940//796 
f 940//796 943//796 838//796 
f 840//797 842//797 937//797 
f 937//797 940//797 840//797 
f 842//798 844//798 933//798 
f 933//798 937//798 842//798 
f 844//799 846//799 930//799 
f 930//799 933//799 844//799 
f 846//800 848//800 927//800 
f 927//800 930//800 846//800 
f 848//801 850//801 925//801 
f 925//801 927//801 848//801 
f 850//802 852//802 923//802 
f 923//802 925//802 850//802 
f 852//803 854//803 921//803 
f 921//803 923//803 852//803 
f 854//804 856//804 901//804 
f 901//804 921//804 854//804 
f 856//222 858//222 902//222 
f 902//222 901//222 856//222 
f 858//223 860//223 903//223 
f 903//223 902//223 858//223 
f 860//224 862//224 920//224 
f 920//224 903//224 860//224 
f 862//805 864//805 922//805 
f 922//805 920//805 862//805 
f 864//806 866//806 924//806 
f 924//806 922//806 864//806 
f 866//807 868//807 926//807 
f 926//807 924//807 866//807 
f 868//808 870//808 928//808 
f 928//808 926//808 868//808 
f 870//809 872//809 929//809 
f 929//809 928//809 870//809 
f 872//810 874//810 931//810 
f 931//810 929//810 872//810 
f 874//412 876//412 932//412 
f 932//412 931//412 874//412 
f 876//811 878//811 934//811 
f 934//811 932//811 876//811 
f 878//812 880//812 935//812 
f 935//812 934//812 878//812 
f 880//813 882//813 936//813 
f 936//813 935//813 880//813 
f 882//814 884//814 938//814 
f 938//814 936//814 882//814 
f 884//815 886//815 939//815 
f 939//815 938//815 884//815 
f 886//816 888//816 941//816 
f 941//816 939//816 886//816 
f 888//817 890//817 942//817 
f 942//817 941//817 888//817 
f 890//818 892//818 944//818 
f 944//818 942//818 890//818 
f 892//819 894//819 946//819 
f 946//819 944//819 892//819 
f 894//242 896//242 907//242 
f 907//242 946//242 894//242 
f 896//25 898//25 904//25 
f 904//25 907//25 896//25 
f 898//7 900//7 905//7 
f 905//7 904//7 898//7 
f 900//26 805//26 906//26 
f 906//26 905//26 900//26 
f 949//1 952//1 960//1 
f 960//1 959//1 949//1 
f 952//25 954//25 957//25 
f 957//25 960//25 952//25 
f 954//7 956//7 958//7 
f 958//7 957//7 954//7 
f 956//26 949//26 959//26 
f 959//26 958//26 956//26 
f 961//1 964//1 1130//1 
f 1130//1 1110//1 961//1 
f 964//25 966//25 1131//25 
f 1131//25 1130//25 964//25 
f 966//1 968//1 1133//1 
f 1133//1 1131//1 966//1 
f 968//243 970//243 1134//243 
f 1134//243 1133//243 968//243 
f 970//820 972//820 1137//820 
f 1137//820 1134//820 970//820 
f 972//821 974//821 1139//821 
f 1139//821 1137//821 972//821 
f 974//822 976//822 1141//822 
f 1141//822 1139//822 974//822 
f 976//823 978//823 1143//823 
f 1143//823 1141//823 976//823 
f 978//824 980//824 1145//824 
f 1145//824 1143//824 978//824 
f 980//825 982//825 1147//825 
f 1147//825 1145//825 980//825 
f 982//826 984//826 1149//826 
f 1149//826 1147//826 982//826 
f 984//827 986//827 1151//827 
f 1151//827 1149//827 984//827 
f 986//828 988//828 1153//828 
f 1153//828 1151//828 986//828 
f 988//829 990//829 1154//829 
f 1154//829 1153//829 988//829 
f 990//830 992//830 1156//830 
f 1156//830 1154//830 990//830 
f 992//831 994//831 1158//831 
f 1158//831 1156//831 992//831 
f 994//832 996//832 1160//832 
f 1160//832 1158//832 994//832 
f 996//833 998//833 1162//833 
f 1162//833 1160//833 996//833 
f 998//834 1000//834 1164//834 
f 1164//834 1162//834 998//834 
f 1000//835 1002//835 1165//835 
f 1165//835 1164//835 1000//835 
f 1002//836 1004//836 1167//836 
f 1167//836 1165//836 1002//836 
f 1004//837 1006//837 1169//837 
f 1169//837 1167//837 1004//837 
f 1006//838 1008//838 1170//838 
f 1170//838 1169//838 1006//838 
f 1008//839 1010//839 1172//839 
f 1172//839 1170//839 1008//839 
f 1010//840 1012//840 1174//840 
f 1174//840 1172//840 1010//840 
f 1012//841 1014//841 1175//841 
f 1175//841 1174//841 1012//841 
f 1014//842 1016//842 1177//842 
f 1177//842 1175//842 1014//842 
f 1016//843 1018//843 1178//843 
f 1178//843 1177//843 1016//843 
f 1018//844 1020//844 1180//844 
f 1180//844 1178//844 1018//844 
f 1020//845 1022//845 1182//845 
f 1182//845 1180//845 1020//845 
f 1022//846 1024//846 1129//846 
f 1129//846 1182//846 1022//846 
f 1024//847 1026//847 1127//847 
f 1127//847 1129//847 1024//847 
f 1026//273 1028//273 1125//273 
f 1125//273 1127//273 1026//273 
f 1028//274 1030//274 1123//274 
f 1123//274 1125//274 1028//274 
f 1030//848 1032//848 1121//848 
f 1121//848 1123//848 1030//848 
f 1032//849 1034//849 1119//849 
f 1119//849 1121//849 1032//849 
f 1034//850 1036//850 1117//850 
f 1117//850 1119//850 1034//850 
f 1036//851 1038//851 1115//851 
f 1115//851 1117//851 1036//851 
f 1038//280 1040//280 1113//280 
f 1113//280 1115//280 1038//280 
f 1040//7 1042//7 1109//7 
f 1109//7 1113//7 1040//7 
f 1042//26 961//26 1110//26 
f 1110//26 1109//26 1042//26 
f 1043//25 1046//25 1112//25 
f 1112//25 1111//25 1043//25 
f 1046//1 1048//1 1114//1 
f 1114//1 1112//1 1046//1 
f 1048//281 1050//281 1116//281 
f 1116//281 1114//281 1048//281 
f 1050//852 1052//852 1118//852 
f 1118//852 1116//852 1050//852 
f 1052//853 1054//853 1120//853 
f 1120//853 1118//853 1052//853 
f 1054//854 1056//854 1122//854 
f 1122//854 1120//854 1054//854 
f 1056//855 1058//855 1124//855 
f 1124//855 1122//855 1056//855 
f 1058//287 1060//287 1126//287 
f 1126//287 1124//287 1058//287 
f 1060//288 1062//288 1128//288 
f 1128//288 1126//288 1060//288 
f 1062//856 1064//856 1181//856 
f 1181//856 1128//856 1062//856 
f 1064//857 1066//857 1179//857 
f 1179//857 1181//857 1064//857 
f 1066//858 1068//858 1176//858 
f 1176//858 1179//858 1066//858 
f 1068//859 1070//859 1173//859 
f 1173//859 1176//859 1068//859 
f 1070//860 1072//860 1171//860 
f 1171//860 1173//860 1070//860 
f 1072//861 1074//861 1168//861 
f 1168//861 1171//861 1072//861 
f 1074//862 1076//862 1166//862 
f 1166//862 1168//862 1074//862 
f 1076//863 1078//863 1163//863 
f 1163//863 1166//863 1076//863 
f 1078//864 1080//864 1161//864 
f 1161//864 1163//864 1078//864 
f 1080//865 1082//865 1159//865 
f 1159//865 1161//865 1080//865 
f 1082//866 1084//866 1157//866 
f 1157//866 1159//866 1082//866 
f 1084//867 1086//867 1155//867 
f 1155//867 1157//867 1084//867 
f 1086//868 1088//868 1152//868 
f 1152//868 1155//868 1086//868 
f 1088//869 1090//869 1150//869 
f 1150//869 1152//869 1088//869 
f 1090//870 1092//870 1148//870 
f 1148//870 1150//870 1090//870 
f 1092//871 1094//871 1146//871 
f 1146//871 1148//871 1092//871 
f 1094//872 1096//872 1144//872 
f 1144//872 1146//872 1094//872 
f 1096//873 1098//873 1142//873 
f 1142//873 1144//873 1096//873 
f 1098//874 1100//874 1140//874 
f 1140//874 1142//874 1098//874 
f 1100//875 1102//875 1138//875 
f 1138//875 1140//875 1100//875 
f 1102//876 1104//876 1136//876 
f 1136//876 1138//876 1102//876 
f 1104//877 1106//877 1135//877 
f 1135//877 1136//877 1104//877 
f 1106//312 1108//312 1132//312 
f 1132//312 1135//312 1106//312 
f 1108//7 1043//7 1111//7 
f 1111//7 1132//7 1108//7 
f 1183//1 1186//1 1194//1 
f 1194//1 1193//1 1183//1 
f 1186//25 1188//25 1191//25 
f 1191//25 1194//25 1186//25 
f 1188//7 1190//7 1192//7 
f 1192//7 1191//7 1188//7 
f 1190//26 1183//26 1193//26 
f 1193//26 1192//26 1190//26 
f 1195//313 1198//313 1747//313 
f 1747//313 1589//313 1195//313 
f 1198//878 1200//878 1745//878 
f 1745//878 1747//878 1198//878 
f 1200//879 1202//879 1744//879 
f 1744//879 1745//879 1200//879 
f 1202//880 1204//880 1742//880 
f 1742//880 1744//880 1202//880 
f 1204//881 1206//881 1740//881 
f 1740//881 1742//881 1204//881 
f 1206//319 1208//319 1599//319 
f 1599//319 1740//319 1206//319 
f 1208//1 1210//1 1600//1 
f 1600//1 1599//1 1208//1 
f 1210//320 1212//320 1601//320 
f 1601//320 1600//320 1210//320 
f 1212//882 1214//882 1602//882 
f 1602//882 1601//882 1212//882 
f 1214//883 1216//883 1609//883 
f 1609//883 1602//883 1214//883 
f 1216//884 1218//884 1741//884 
f 1741//884 1609//884 1216//884 
f 1218//885 1220//885 1743//885 
f 1743//885 1741//885 1218//885 
f 1220//886 1222//886 1746//886 
f 1746//886 1743//886 1220//886 
f 1222//887 1224//887 1748//887 
f 1748//887 1746//887 1222//887 
f 1224//888 1226//888 1749//888 
f 1749//888 1748//888 1224//888 
f 1226//889 1228//889 1750//889 
f 1750//889 1749//889 1226//889 
f 1228//890 1230//890 1751//890 
f 1751//890 1750//890 1228//890 
f 1230//891 1232//891 1752//891 
f 1752//891 1751//891 1230//891 
f 1232//332 1234//332 1753//332 
f 1753//332 1752//332 1232//332 
f 1234//25 1236//25 1754//25 
f 1754//25 1753//25 1234//25 
f 1236//333 1238//333 1756//333 
f 1756//333 1754//333 1236//333 
f 1238//892 1240//892 1757//892 
f 1757//892 1756//892 1238//892 
f 1240//893 1242//893 1759//893 
f 1759//893 1757//893 1240//893 
f 1242//894 1244//894 1761//894 
f 1761//894 1759//894 1242//894 
f 1244//895 1246//895 1762//895 
f 1762//895 1761//895 1244//895 
f 1246//339 1248//339 1764//339 
f 1764//339 1762//339 1246//339 
f 1248//340 1250//340 1765//340 
f 1765//340 1764//340 1248//340 
f 1250//896 1252//896 1766//896 
f 1766//896 1765//896 1250//896 
f 1252//897 1254//897 1768//897 
f 1768//897 1766//897 1252//897 
f 1254//898 1256//898 1769//898 
f 1769//898 1768//898 1254//898 
f 1256//899 1258//899 1770//899 
f 1770//899 1769//899 1256//899 
f 1258//900 1260//900 1772//900 
f 1772//900 1770//900 1258//900 
f 1260//901 1262//901 1773//901 
f 1773//901 1772//901 1260//901 
f 1262//902 1264//902 1774//902 
f 1774//902 1773//902 1262//902 
f 1264//903 1266//903 1776//903 
f 1776//903 1774//903 1264//903 
f 1266//904 1268//904 1777//904 
f 1777//904 1776//904 1266//904 
f 1268//905 1270//905 1779//905 
f 1779//905 1777//905 1268//905 
f 1270//906 1272//906 1780//906 
f 1780//906 1779//906 1270//906 
f 1272//907 1274//907 1782//907 
f 1782//907 1780//907 1272//907 
f 1274//908 1276//908 1783//908 
f 1783//908 1782//908 1274//908 
f 1276//909 1278//909 1785//909 
f 1785//909 1783//909 1276//909 
f 1278//910 1280//910 1646//910 
f 1646//910 1785//910 1278//910 
f 1280//911 1282//911 1644//911 
f 1644//911 1646//911 1280//911 
f 1282//912 1284//912 1642//912 
f 1642//912 1644//912 1282//912 
f 1284//913 1286//913 1640//913 
f 1640//913 1642//913 1284//913 
f 1286//914 1288//914 1638//914 
f 1638//914 1640//914 1286//914 
f 1288//915 1290//915 1636//915 
f 1636//915 1638//915 1288//915 
f 1290//916 1292//916 1634//916 
f 1634//916 1636//916 1290//916 
f 1292//917 1294//917 1631//917 
f 1631//917 1634//917 1292//917 
f 1294//918 1296//918 1629//918 
f 1629//918 1631//918 1294//918 
f 1296//919 1298//919 1627//919 
f 1627//919 1629//919 1296//919 
f 1298//920 1300//920 1625//920 
f 1625//920 1627//920 1298//920 
f 1300//921 1302//921 1624//921 
f 1624//921 1625//921 1300//921 
f 1302//922 1304//922 1622//922 
f 1622//922 1624//922 1302//922 
f 1304//923 1306//923 1621//923 
f 1621//923 1622//923 1304//923 
f 1306//924 1308//924 1619//924 
f 1619//924 1621//924 1306//924 
f 1308//925 1310//925 1618//925 
f 1618//925 1619//925 1308//925 
f 1310//926 1312//926 1616//926 
f 1616//926 1618//926 1310//926 
f 1312//927 1314//927 1614//927 
f 1614//927 1616//927 1312//927 
f 1314//928 1316//928 1613//928 
f 1613//928 1614//928 1314//928 
f 1316//929 1318//929 1606//929 
f 1606//929 1613//929 1316//929 
f 1318//376 1320//376 1607//376 
f 1607//376 1606//376 1318//376 
f 1320//377 1322//377 1608//377 
f 1608//377 1607//377 1320//377 
f 1322//378 1324//378 1612//378 
f 1612//378 1608//378 1322//378 
f 1324//930 1326//930 1615//930 
f 1615//930 1612//930 1324//930 
f 1326//931 1328//931 1617//931 
f 1617//931 1615//931 1326//931 
f 1328//932 1330//932 1620//932 
f 1620//932 1617//932 1328//932 
f 1330//933 1332//933 1623//933 
f 1623//933 1620//933 1330//933 
f 1332//934 1334//934 1626//934 
f 1626//934 1623//934 1332//934 
f 1334//935 1336//935 1628//935 
f 1628//935 1626//935 1334//935 
f 1336//936 1338//936 1630//936 
f 1630//936 1628//936 1336//936 
f 1338//937 1340//937 1635//937 
f 1635//937 1630//937 1338//937 
f 1340//938 1342//938 1637//938 
f 1637//938 1635//938 1340//938 
f 1342//939 1344//939 1639//939 
f 1639//939 1637//939 1342//939 
f 1344//940 1346//940 1641//940 
f 1641//940 1639//940 1344//940 
f 1346//643 1348//643 1643//643 
f 1643//643 1641//643 1346//643 
f 1348//941 1350//941 1645//941 
f 1645//941 1643//941 1348//941 
f 1350//942 1352//942 1784//942 
f 1784//942 1645//942 1350//942 
f 1352//943 1354//943 1781//943 
f 1781//943 1784//943 1352//943 
f 1354//944 1356//944 1778//944 
f 1778//944 1781//944 1354//944 
f 1356//945 1358//945 1775//945 
f 1775//945 1778//945 1356//945 
f 1358//946 1360//946 1771//946 
f 1771//946 1775//946 1358//946 
f 1360//947 1362//947 1767//947 
f 1767//947 1771//947 1360//947 
f 1362//948 1364//948 1763//948 
f 1763//948 1767//948 1362//948 
f 1364//949 1366//949 1760//949 
f 1760//949 1763//949 1364//949 
f 1366//950 1368//950 1758//950 
f 1758//950 1760//950 1366//950 
f 1368//951 1370//951 1755//951 
f 1755//951 1758//951 1368//951 
f 1370//403 1372//403 1739//403 
f 1739//403 1755//403 1370//403 
f 1372//404 1374//404 1737//404 
f 1737//404 1739//404 1372//404 
f 1374//952 1376//952 1735//952 
f 1735//952 1737//952 1374//952 
f 1376//953 1378//953 1733//953 
f 1733//953 1735//953 1376//953 
f 1378//954 1380//954 1731//954 
f 1731//954 1733//954 1378//954 
f 1380//955 1382//955 1728//955 
f 1728//955 1731//955 1380//955 
f 1382//956 1384//956 1726//956 
f 1726//956 1728//956 1382//956 
f 1384//915 1386//915 1725//915 
f 1725//915 1726//915 1384//915 
f 1386//957 1388//957 1723//957 
f 1723//957 1725//957 1386//957 
f 1388//958 1390//958 1721//958 
f 1721//958 1723//958 1388//958 
f 1390//959 1392//959 1719//959 
f 1719//959 1721//959 1390//959 
f 1392//960 1394//960 1717//960 
f 1717//960 1719//960 1392//960 
f 1394//416 1396//416 1715//416 
f 1715//416 1717//416 1394//416 
f 1396//417 1398//417 1714//417 
f 1714//417 1715//417 1396//417 
f 1398//961 1400//961 1712//961 
f 1712//961 1714//961 1398//961 
f 1400//962 1402//962 1710//962 
f 1710//962 1712//962 1400//962 
f 1402//963 1404//963 1708//963 
f 1708//963 1710//963 1402//963 
f 1404//964 1406//964 1706//964 
f 1706//964 1708//964 1404//964 
f 1406//965 1408//965 1705//965 
f 1705//965 1706//965 1406//965 
f 1408//966 1410//966 1703//966 
f 1703//966 1705//966 1408//966 
f 1410//967 1412//967 1701//967 
f 1701//967 1703//967 1410//967 
f 1412//968 1414//968 1700//968 
f 1700//968 1701//968 1412//968 
f 1414//969 1416//969 1698//969 
f 1698//969 1700//969 1414//969 
f 1416//970 1418//970 1696//970 
f 1696//970 1698//970 1416//970 
f 1418//971 1420//971 1694//971 
f 1694//971 1696//971 1418//971 
f 1420//972 1422//972 1693//972 
f 1693//972 1694//972 1420//972 
f 1422//973 1424//973 1691//973 
f 1691//973 1693//973 1422//973 
f 1424//974 1426//974 1689//974 
f 1689//974 1691//974 1424//974 
f 1426//975 1428//975 1688//975 
f 1688//975 1689//975 1426//975 
f 1428//976 1430//976 1686//976 
f 1686//976 1688//976 1428//976 
f 1430//977 1432//977 1684//977 
f 1684//977 1686//977 1430//977 
f 1432//978 1434//978 1682//978 
f 1682//978 1684//978 1432//978 
f 1434//979 1436//979 1681//979 
f 1681//979 1682//979 1434//979 
f 1436//980 1438//980 1679//980 
f 1679//980 1681//980 1436//980 
f 1438//981 1440//981 1677//981 
f 1677//981 1679//981 1438//981 
f 1440//982 1442//982 1675//982 
f 1675//982 1677//982 1440//982 
f 1442//983 1444//983 1674//983 
f 1674//983 1675//983 1442//983 
f 1444//984 1446//984 1672//984 
f 1672//984 1674//984 1444//984 
f 1446//985 1448//985 1670//985 
f 1670//985 1672//985 1446//985 
f 1448//986 1450//986 1668//986 
f 1668//986 1670//986 1448//986 
f 1450//987 1452//987 1666//987 
f 1666//987 1668//987 1450//987 
f 1452//988 1454//988 1663//988 
f 1663//988 1666//988 1452//988 
f 1454//989 1456//989 1662//989 
f 1662//989 1663//989 1454//989 
f 1456//990 1458//990 1660//990 
f 1660//990 1662//990 1456//990 
f 1458//522 1460//522 1658//522 
f 1658//522 1660//522 1458//522 
f 1460//991 1462//991 1656//991 
f 1656//991 1658//991 1460//991 
f 1462//992 1464//992 1655//992 
f 1655//992 1656//992 1462//992 
f 1464//993 1466//993 1653//993 
f 1653//993 1655//993 1464//993 
f 1466//994 1468//994 1651//994 
f 1651//994 1653//994 1466//994 
f 1468//995 1470//995 1649//995 
f 1649//995 1651//995 1468//995 
f 1470//996 1472//996 1647//996 
f 1647//996 1649//996 1470//996 
f 1472//997 1474//997 1632//997 
f 1632//997 1647//997 1472//997 
f 1474//998 1476//998 1610//998 
f 1610//998 1632//998 1474//998 
f 1476//999 1478//999 1604//999 
f 1604//999 1610//999 1476//999 
f 1478//460 1195//460 1589//460 
f 1589//460 1604//460 1478//460 
f 1479//461 1482//461 1590//461 
f 1590//461 1738//461 1479//461 
f 1482//462 1484//462 1591//462 
f 1591//462 1590//462 1482//462 
f 1484//1000 1486//1000 1592//1000 
f 1592//1000 1591//1000 1484//1000 
f 1486//1001 1488//1001 1593//1001 
f 1593//1001 1592//1001 1486//1001 
f 1488//1002 1490//1002 1594//1002 
f 1594//1002 1593//1002 1488//1002 
f 1490//1003 1492//1003 1595//1003 
f 1595//1003 1594//1003 1490//1003 
f 1492//1004 1494//1004 1596//1004 
f 1596//1004 1595//1004 1492//1004 
f 1494//1005 1496//1005 1597//1005 
f 1597//1005 1596//1005 1494//1005 
f 1496//1006 1498//1006 1598//1006 
f 1598//1006 1597//1006 1496//1006 
f 1498//1007 1500//1007 1603//1007 
f 1603//1007 1598//1007 1498//1007 
f 1500//1008 1502//1008 1605//1008 
f 1605//1008 1603//1008 1500//1008 
f 1502//1009 1504//1009 1611//1009 
f 1611//1009 1605//1009 1502//1009 
f 1504//1010 1506//1010 1633//1010 
f 1633//1010 1611//1010 1504//1010 
f 1506//1011 1508//1011 1648//1011 
f 1648//1011 1633//1011 1506//1011 
f 1508//419 1510//419 1650//419 
f 1650//419 1648//419 1508//419 
f 1510//1012 1512//1012 1652//1012 
f 1652//1012 1650//1012 1510//1012 
f 1512//1013 1514//1013 1654//1013 
f 1654//1013 1652//1013 1512//1013 
f 1514//1014 1516//1014 1657//1014 
f 1657//1014 1654//1014 1514//1014 
f 1516//1015 1518//1015 1659//1015 
f 1659//1015 1657//1015 1516//1015 
f 1518//1016 1520//1016 1661//1016 
f 1661//1016 1659//1016 1518//1016 
f 1520//1017 1522//1017 1664//1017 
f 1664//1017 1661//1017 1520//1017 
f 1522//1018 1524//1018 1665//1018 
f 1665//1018 1664//1018 1522//1018 
f 1524//1019 1526//1019 1667//1019 
f 1667//1019 1665//1019 1524//1019 
f 1526//1020 1528//1020 1669//1020 
f 1669//1020 1667//1020 1526//1020 
f 1528//1021 1530//1021 1671//1021 
f 1671//1021 1669//1021 1528//1021 
f 1530//1022 1532//1022 1673//1022 
f 1673//1022 1671//1022 1530//1022 
f 1532//1023 1534//1023 1676//1023 
f 1676//1023 1673//1023 1532//1023 
f 1534//1024 1536//1024 1678//1024 
f 1678//1024 1676//1024 1534//1024 
f 1536//1025 1538//1025 1680//1025 
f 1680//1025 1678//1025 1536//1025 
f 1538//1026 1540//1026 1683//1026 
f 1683//1026 1680//1026 1538//1026 
f 1540//1027 1542//1027 1685//1027 
f 1685//1027 1683//1027 1540//1027 
f 1542//1028 1544//1028 1687//1028 
f 1687//1028 1685//1028 1542//1028 
f 1544//1029 1546//1029 1690//1029 
f 1690//1029 1687//1029 1544//1029 
f 1546//1030 1548//1030 1692//1030 
f 1692//1030 1690//1030 1546//1030 
f 1548//1031 1550//1031 1695//1031 
f 1695//1031 1692//1031 1548//1031 
f 1550//1032 1552//1032 1697//1032 
f 1697//1032 1695//1032 1550//1032 
f 1552//1033 1554//1033 1699//1033 
f 1699//1033 1697//1033 1552//1033 
f 1554//1034 1556//1034 1702//1034 
f 1702//1034 1699//1034 1554//1034 
f 1556//1035 1558//1035 1704//1035 
f 1704//1035 1702//1035 1556//1035 
f 1558//1036 1560//1036 1707//1036 
f 1707//1036 1704//1036 1558//1036 
f 1560//1037 1562//1037 1709//1037 
f 1709//1037 1707//1037 1560//1037 
f 1562//1038 1564//1038 1711//1038 
f 1711//1038 1709//1038 1562//1038 
f 1564//1039 1566//1039 1713//1039 
f 1713//1039 1711//1039 1564//1039 
f 1566//1040 1568//1040 1716//1040 
f 1716//1040 1713//1040 1566//1040 
f 1568//1041 1570//1041 1718//1041 
f 1718//1041 1716//1041 1568//1041 
f 1570//1042 1572//1042 1720//1042 
f 1720//1042 1718//1042 1570//1042 
f 1572//1043 1574//1043 1722//1043 
f 1722//1043 1720//1043 1572//1043 
f 1574//1044 1576//1044 1724//1044 
f 1724//1044 1722//1044 1574//1044 
f 1576//1045 1578//1045 1727//1045 
f 1727//1045 1724//1045 1576//1045 
f 1578//509 1580//509 1729//509 
f 1729//509 1727//509 1578//509 
f 1580//1046 1582//1046 1730//1046 
f 1730//1046 1729//1046 1580//1046 
f 1582//1047 1584//1047 1732//1047 
f 1732//1047 1730//1047 1582//1047 
f 1584//1048 1586//1048 1734//1048 
f 1734//1048 1732//1048 1584//1048 
f 1586//1049 1588//1049 1736//1049 
f 1736//1049 1734//1049 1586//1049 
f 1588//515 1479//515 1738//515 
f 1738//515 1736//515 1588//515 
f 1786//445 1789//445 1988//445 
f 1988//445 1924//445 1786//445 
f 1789//1050 1791//1050 1987//1050 
f 1987//1050 1988//1050 1789//1050 
f 1791//1051 1793//1051 1985//1051 
f 1985//1051 1987//1051 1791//1051 
f 1793//1052 1795//1052 1983//1052 
f 1983//1052 1985//1052 1793//1052 
f 1795//1053 1797//1053 1982//1053 
f 1982//1053 1983//1053 1795//1053 
f 1797//1054 1799//1054 1980//1054 
f 1980//1054 1982//1054 1797//1054 
f 1799//1055 1801//1055 1978//1055 
f 1978//1055 1980//1055 1799//1055 
f 1801//1056 1803//1056 1976//1056 
f 1976//1056 1978//1056 1801//1056 
f 1803//1057 1805//1057 1975//1057 
f 1975//1057 1976//1057 1803//1057 
f 1805//1058 1807//1058 1973//1058 
f 1973//1058 1975//1058 1805//1058 
f 1807//1059 1809//1059 1971//1059 
f 1971//1059 1973//1059 1807//1059 
f 1809//618 1811//618 1970//618 
f 1970//618 1971//618 1809//618 
f 1811//1060 1813//1060 1968//1060 
f 1968//1060 1970//1060 1811//1060 
f 1813//1061 1815//1061 1966//1061 
f 1966//1061 1968//1061 1813//1061 
f 1815//1062 1817//1062 1964//1062 
f 1964//1062 1966//1062 1815//1062 
f 1817//1063 1819//1063 1962//1063 
f 1962//1063 1964//1063 1817//1063 
f 1819//1064 1821//1064 1959//1064 
f 1959//1064 1962//1064 1819//1064 
f 1821//1065 1823//1065 1957//1065 
f 1957//1065 1959//1065 1821//1065 
f 1823//1066 1825//1066 1955//1066 
f 1955//1066 1957//1066 1823//1066 
f 1825//1067 1827//1067 1952//1067 
f 1952//1067 1955//1067 1825//1067 
f 1827//1068 1829//1068 1949//1068 
f 1949//1068 1952//1068 1827//1068 
f 1829//1069 1831//1069 1947//1069 
f 1947//1069 1949//1069 1829//1069 
f 1831//1070 1833//1070 1944//1070 
f 1944//1070 1947//1070 1831//1070 
f 1833//539 1835//539 1935//539 
f 1935//539 1944//539 1833//539 
f 1835//540 1837//540 1936//540 
f 1936//540 1935//540 1835//540 
f 1837//7 1839//7 1937//7 
f 1937//7 1936//7 1837//7 
f 1839//541 1841//541 1938//541 
f 1938//541 1937//541 1839//541 
f 1841//542 1843//542 1939//542 
f 1939//542 1938//542 1841//542 
f 1843//1071 1845//1071 1940//1071 
f 1940//1071 1939//1071 1843//1071 
f 1845//1072 1847//1072 1941//1072 
f 1941//1072 1940//1072 1845//1072 
f 1847//1073 1849//1073 1942//1073 
f 1942//1073 1941//1073 1847//1073 
f 1849//1074 1851//1074 1943//1074 
f 1943//1074 1942//1074 1849//1074 
f 1851//548 1853//548 1934//548 
f 1934//548 1943//548 1851//548 
f 1853//549 1855//549 1933//549 
f 1933//549 1934//549 1853//549 
f 1855//1075 1857//1075 1932//1075 
f 1932//1075 1933//1075 1855//1075 
f 1857//1076 1859//1076 1931//1076 
f 1931//1076 1932//1076 1857//1076 
f 1859//1077 1861//1077 1930//1077 
f 1930//1077 1931//1077 1859//1077 
f 1861//1078 1863//1078 1929//1078 
f 1929//1078 1930//1078 1861//1078 
f 1863//555 1865//555 1928//555 
f 1928//555 1929//555 1863//555 
f 1865//556 1867//556 1925//556 
f 1925//556 1928//556 1865//556 
f 1867//7 1869//7 1926//7 
f 1926//7 1925//7 1867//7 
f 1869//557 1871//557 1927//557 
f 1927//557 1926//557 1869//557 
f 1871//558 1873//558 1946//558 
f 1946//558 1927//558 1871//558 
f 1873//559 1875//559 1948//559 
f 1948//559 1946//559 1873//559 
f 1875//1079 1877//1079 1950//1079 
f 1950//1079 1948//1079 1875//1079 
f 1877//1080 1879//1080 1953//1080 
f 1953//1080 1950//1080 1877//1080 
f 1879//1081 1881//1081 1954//1081 
f 1954//1081 1953//1081 1879//1081 
f 1881//1082 1883//1082 1956//1082 
f 1956//1082 1954//1082 1881//1082 
f 1883//1083 1885//1083 1958//1083 
f 1958//1083 1956//1083 1883//1083 
f 1885//1084 1887//1084 1960//1084 
f 1960//1084 1958//1084 1885//1084 
f 1887//1085 1889//1085 1961//1085 
f 1961//1085 1960//1085 1887//1085 
f 1889//1086 1891//1086 1963//1086 
f 1963//1086 1961//1086 1889//1086 
f 1891//1087 1893//1087 1965//1087 
f 1965//1087 1963//1087 1891//1087 
f 1893//1088 1895//1088 1967//1088 
f 1967//1088 1965//1088 1893//1088 
f 1895//1089 1897//1089 1969//1089 
f 1969//1089 1967//1089 1895//1089 
f 1897//1090 1899//1090 1972//1090 
f 1972//1090 1969//1090 1897//1090 
f 1899//1091 1901//1091 1974//1091 
f 1974//1091 1972//1091 1899//1091 
f 1901//1092 1903//1092 1977//1092 
f 1977//1092 1974//1092 1901//1092 
f 1903//1093 1905//1093 1979//1093 
f 1979//1093 1977//1093 1903//1093 
f 1905//585 1907//585 1981//585 
f 1981//585 1979//585 1905//585 
f 1907//1094 1909//1094 1984//1094 
f 1984//1094 1981//1094 1907//1094 
f 1909//1095 1911//1095 1986//1095 
f 1986//1095 1984//1095 1909//1095 
f 1911//1096 1913//1096 1989//1096 
f 1989//1096 1986//1096 1911//1096 
f 1913//1097 1915//1097 1951//1097 
f 1951//1097 1989//1097 1913//1097 
f 1915//1098 1917//1098 1945//1098 
f 1945//1098 1951//1098 1915//1098 
f 1917//1099 1919//1099 1922//1099 
f 1922//1099 1945//1099 1917//1099 
f 1919//583 1921//583 1923//583 
f 1923//583 1922//583 1919//583 
f 1921//584 1786//584 1924//584 
f 1924//584 1923//584 1921//584 
f 1990//95 1993//95 2224//95 
f 2224//95 2192//95 1990//95 
f 1993//694 1995//694 2241//694 
f 2241//694 2224//694 1993//694 
f 1995//695 1997//695 2244//695 
f 2244//695 2241//695 1995//695 
f 1997//696 1999//696 2246//696 
f 2246//696 2244//696 1997//696 
f 1999//697 2001//697 2248//697 
f 2248//697 2246//697 1999//697 
f 2001//698 2003//698 2250//698 
f 2250//698 2248//698 2001//698 
f 2003//699 2005//699 2252//699 
f 2252//699 2250//699 2003//699 
f 2005//700 2007//700 2254//700 
f 2254//700 2252//700 2005//700 
f 2007//701 2009//701 2256//701 
f 2256//701 2254//701 2007//701 
f 2009//1100 2011//1100 2257//1100 
f 2257//1100 2256//1100 2009//1100 
f 2011//703 2013//703 2259//703 
f 2259//703 2257//703 2011//703 
f 2013//704 2015//704 2261//704 
f 2261//704 2259//704 2013//704 
f 2015//705 2017//705 2263//705 
f 2263//705 2261//705 2015//705 
f 2017//706 2019//706 2264//706 
f 2264//706 2263//706 2017//706 
f 2019//707 2021//707 2266//707 
f 2266//707 2264//707 2019//707 
f 2021//708 2023//708 2268//708 
f 2268//708 2266//708 2021//708 
f 2023//709 2025//709 2270//709 
f 2270//709 2268//709 2023//709 
f 2025//710 2027//710 2272//710 
f 2272//710 2270//710 2025//710 
f 2027//1101 2029//1101 2274//1101 
f 2274//1101 2272//1101 2027//1101 
f 2029//712 2031//712 2276//712 
f 2276//712 2274//712 2029//712 
f 2031//713 2033//713 2278//713 
f 2278//713 2276//713 2031//713 
f 2033//714 2035//714 2280//714 
f 2280//714 2278//714 2033//714 
f 2035//715 2037//715 2282//715 
f 2282//715 2280//715 2035//715 
f 2037//587 2039//587 2194//587 
f 2194//587 2282//587 2037//587 
f 2039//1 2041//1 2195//1 
f 2195//1 2194//1 2039//1 
f 2041//120 2043//120 2197//120 
f 2197//120 2195//120 2041//120 
f 2043//661 2045//661 2198//661 
f 2198//661 2197//661 2043//661 
f 2045//716 2047//716 2199//716 
f 2199//716 2198//716 2045//716 
f 2047//717 2049//717 2201//717 
f 2201//717 2199//717 2047//717 
f 2049//718 2051//718 2203//718 
f 2203//718 2201//718 2049//718 
f 2051//719 2053//719 2206//719 
f 2206//719 2203//719 2051//719 
f 2053//669 2055//669 2208//669 
f 2208//669 2206//669 2053//669 
f 2055//720 2057//720 2210//720 
f 2210//720 2208//720 2055//720 
f 2057//721 2059//721 2212//721 
f 2212//721 2210//721 2057//721 
f 2059//722 2061//722 2214//722 
f 2214//722 2212//722 2059//722 
f 2061//723 2063//723 2216//723 
f 2216//723 2214//723 2061//723 
f 2063//724 2065//724 2218//724 
f 2218//724 2216//724 2063//724 
f 2065//725 2067//725 2220//725 
f 2220//725 2218//725 2065//725 
f 2067//726 2069//726 2222//726 
f 2222//726 2220//726 2067//726 
f 2069//727 2071//727 2227//727 
f 2227//727 2222//727 2069//727 
f 2071//728 2073//728 2229//728 
f 2229//728 2227//728 2071//728 
f 2073//729 2075//729 2231//729 
f 2231//729 2229//729 2073//729 
f 2075//730 2077//730 2233//730 
f 2233//730 2231//730 2075//730 
f 2077//731 2079//731 2235//731 
f 2235//731 2233//731 2077//731 
f 2079//732 2081//732 2237//732 
f 2237//732 2235//732 2079//732 
f 2081//1102 2083//1102 2239//1102 
f 2239//1102 2237//1102 2081//1102 
f 2083//734 2085//734 2288//734 
f 2288//734 2239//734 2083//734 
f 2085//735 2087//735 2286//735 
f 2286//735 2288//735 2085//735 
f 2087//736 2089//736 2285//736 
f 2285//736 2286//736 2087//736 
f 2089//1103 2091//1103 2284//1103 
f 2284//1103 2285//1103 2089//1103 
f 2091//738 2093//738 2283//738 
f 2283//738 2284//738 2091//738 
f 2093//739 2095//739 2281//739 
f 2281//739 2283//739 2093//739 
f 2095//740 2097//740 2279//740 
f 2279//740 2281//740 2095//740 
f 2097//741 2099//741 2277//741 
f 2277//741 2279//741 2097//741 
f 2099//742 2101//742 2275//742 
f 2275//742 2277//742 2099//742 
f 2101//743 2103//743 2273//743 
f 2273//743 2275//743 2101//743 
f 2103//744 2105//744 2271//744 
f 2271//744 2273//744 2103//744 
f 2105//745 2107//745 2269//745 
f 2269//745 2271//745 2105//745 
f 2107//746 2109//746 2267//746 
f 2267//746 2269//746 2107//746 
f 2109//747 2111//747 2265//747 
f 2265//747 2267//747 2109//747 
f 2111//748 2113//748 2262//748 
f 2262//748 2265//748 2111//748 
f 2113//1104 2115//1104 2260//1104 
f 2260//1104 2262//1104 2113//1104 
f 2115//750 2117//750 2258//750 
f 2258//750 2260//750 2115//750 
f 2117//751 2119//751 2255//751 
f 2255//751 2258//751 2117//751 
f 2119//752 2121//752 2253//752 
f 2253//752 2255//752 2119//752 
f 2121//753 2123//753 2251//753 
f 2251//753 2253//753 2121//753 
f 2123//754 2125//754 2249//754 
f 2249//754 2251//754 2123//754 
f 2125//755 2127//755 2247//755 
f 2247//755 2249//755 2125//755 
f 2127//756 2129//756 2245//756 
f 2245//756 2247//756 2127//756 
f 2129//1105 2131//1105 2243//1105 
f 2243//1105 2245//1105 2129//1105 
f 2131//758 2133//758 2242//758 
f 2242//758 2243//758 2131//758 
f 2133//759 2135//759 2225//759 
f 2225//759 2242//759 2133//759 
f 2135//760 2137//760 2190//760 
f 2190//760 2225//760 2135//760 
f 2137//171 2139//171 2191//171 
f 2191//171 2190//171 2137//171 
f 2139//172 1990//172 2192//172 
f 2192//172 2191//172 2139//172 
f 2140//173 2143//173 2287//173 
f 2287//173 2193//173 2140//173 
f 2143//761 2145//761 2289//761 
f 2289//761 2287//761 2143//761 
f 2145//1106 2147//1106 2240//1106 
f 2240//1106 2289//1106 2145//1106 
f 2147//1107 2149//1107 2238//1107 
f 2238//1107 2240//1107 2147//1107 
f 2149//764 2151//764 2236//764 
f 2236//764 2238//764 2149//764 
f 2151//765 2153//765 2234//765 
f 2234//765 2236//765 2151//765 
f 2153//766 2155//766 2232//766 
f 2232//766 2234//766 2153//766 
f 2155//767 2157//767 2230//767 
f 2230//767 2232//767 2155//767 
f 2157//768 2159//768 2228//768 
f 2228//768 2230//768 2157//768 
f 2159//769 2161//769 2226//769 
f 2226//769 2228//769 2159//769 
f 2161//770 2163//770 2223//770 
f 2223//770 2226//770 2161//770 
f 2163//771 2165//771 2221//771 
f 2221//771 2223//771 2163//771 
f 2165//772 2167//772 2219//772 
f 2219//772 2221//772 2165//772 
f 2167//773 2169//773 2217//773 
f 2217//773 2219//773 2167//773 
f 2169//774 2171//774 2215//774 
f 2215//774 2217//774 2169//774 
f 2171//1108 2173//1108 2213//1108 
f 2213//1108 2215//1108 2171//1108 
f 2173//776 2175//776 2211//776 
f 2211//776 2213//776 2173//776 
f 2175//777 2177//777 2209//777 
f 2209//777 2211//777 2175//777 
f 2177//778 2179//778 2207//778 
f 2207//778 2209//778 2177//778 
f 2179//779 2181//779 2205//779 
f 2205//779 2207//779 2179//779 
f 2181//780 2183//780 2204//780 
f 2204//780 2205//780 2181//780 
f 2183//781 2185//781 2202//781 
f 2202//781 2204//781 2183//781 
f 2185//782 2187//782 2200//782 
f 2200//782 2202//782 2185//782 
f 2187//197 2189//197 2196//197 
f 2196//197 2200//197 2187//197 
f 2189//7 2140//7 2193//7 
f 2193//7 2196//7 2189//7 
f 2292//1 2291//1 2438//1 
f 2438//1 2441//1 2292//1 
f 2290//1 2293//1 2393//1 
f 2393//1 2391//1 2290//1 
f 2294//25 2292//25 2441//25 
f 2441//25 2442//25 2294//25 
f 2293//25 2295//25 2394//25 
f 2394//25 2393//25 2293//25 
f 2296//591 2294//591 2442//591 
f 2442//591 2443//591 2296//591 
f 2295//591 2297//591 2395//591 
f 2395//591 2394//591 2295//591 
f 2298//783 2296//783 2443//783 
f 2443//783 2444//783 2298//783 
f 2297//783 2299//783 2396//783 
f 2396//783 2395//783 2297//783 
f 2300//784 2298//784 2444//784 
f 2444//784 2445//784 2300//784 
f 2299//784 2301//784 2397//784 
f 2397//784 2396//784 2299//784 
f 2302//785 2300//785 2445//785 
f 2445//785 2446//785 2302//785 
f 2301//785 2303//785 2398//785 
f 2398//785 2397//785 2301//785 
f 2304//786 2302//786 2446//786 
f 2446//786 2447//786 2304//786 
f 2303//786 2305//786 2399//786 
f 2399//786 2398//786 2303//786 
f 2306//787 2304//787 2447//787 
f 2447//787 2448//787 2306//787 
f 2305//787 2307//787 2400//787 
f 2400//787 2399//787 2305//787 
f 2308//788 2306//788 2448//788 
f 2448//788 2449//788 2308//788 
f 2307//788 2309//788 2401//788 
f 2401//788 2400//788 2307//788 
f 2310//1109 2308//1109 2449//1109 
f 2449//1109 2450//1109 2310//1109 
f 2309//1109 2311//1109 2402//1109 
f 2402//1109 2401//1109 2309//1109 
f 2312//790 2310//790 2450//790 
f 2450//790 2451//790 2312//790 
f 2311//790 2313//790 2403//790 
f 2403//790 2402//790 2311//790 
f 2314//791 2312//791 2451//791 
f 2451//791 2452//791 2314//791 
f 2313//791 2315//791 2404//791 
f 2404//791 2403//791 2313//791 
f 2316//792 2314//792 2452//792 
f 2452//792 2481//792 2316//792 
f 2315//792 2317//792 2433//792 
f 2433//792 2404//792 2315//792 
f 2318//793 2316//793 2481//793 
f 2481//793 2480//793 2318//793 
f 2317//793 2319//793 2432//793 
f 2432//793 2433//793 2317//793 
f 2320//794 2318//794 2480//794 
f 2480//794 2478//794 2320//794 
f 2319//794 2321//794 2430//794 
f 2430//794 2432//794 2319//794 
f 2322//795 2320//795 2478//795 
f 2478//795 2476//795 2322//795 
f 2321//795 2323//795 2428//795 
f 2428//795 2430//795 2321//795 
f 2324//796 2322//796 2476//796 
f 2476//796 2473//796 2324//796 
f 2323//796 2325//796 2425//796 
f 2425//796 2428//796 2323//796 
f 2326//797 2324//797 2473//797 
f 2473//797 2470//797 2326//797 
f 2325//797 2327//797 2422//797 
f 2422//797 2425//797 2325//797 
f 2328//798 2326//798 2470//798 
f 2470//798 2466//798 2328//798 
f 2327//798 2329//798 2418//798 
f 2418//798 2422//798 2327//798 
f 2330//799 2328//799 2466//799 
f 2466//799 2463//799 2330//799 
f 2329//799 2331//799 2415//799 
f 2415//799 2418//799 2329//799 
f 2332//800 2330//800 2463//800 
f 2463//800 2460//800 2332//800 
f 2331//800 2333//800 2412//800 
f 2412//800 2415//800 2331//800 
f 2334//801 2332//801 2460//801 
f 2460//801 2458//801 2334//801 
f 2333//801 2335//801 2410//801 
f 2410//801 2412//801 2333//801 
f 2336//802 2334//802 2458//802 
f 2458//802 2456//802 2336//802 
f 2335//802 2337//802 2408//802 
f 2408//802 2410//802 2335//802 
f 2338//803 2336//803 2456//803 
f 2456//803 2454//803 2338//803 
f 2337//803 2339//803 2406//803 
f 2406//803 2408//803 2337//803 
f 2340//1110 2338//1110 2454//1110 
f 2454//1110 2434//1110 2340//1110 
f 2339//1110 2341//1110 2386//1110 
f 2386//1110 2406//1110 2339//1110 
f 2342//222 2340//222 2434//222 
f 2434//222 2436//222 2342//222 
f 2341//222 2343//222 2387//222 
f 2387//222 2386//222 2341//222 
f 2344//223 2342//223 2436//223 
f 2436//223 2435//223 2344//223 
f 2343//223 2345//223 2388//223 
f 2388//223 2387//223 2343//223 
f 2346//224 2344//224 2435//224 
f 2435//224 2453//224 2346//224 
f 2345//224 2347//224 2405//224 
f 2405//224 2388//224 2345//224 
f 2348//805 2346//805 2453//805 
f 2453//805 2455//805 2348//805 
f 2347//805 2349//805 2407//805 
f 2407//805 2405//805 2347//805 
f 2350//806 2348//806 2455//806 
f 2455//806 2457//806 2350//806 
f 2349//806 2351//806 2409//806 
f 2409//806 2407//806 2349//806 
f 2352//807 2350//807 2457//807 
f 2457//807 2459//807 2352//807 
f 2351//807 2353//807 2411//807 
f 2411//807 2409//807 2351//807 
f 2354//1111 2352//1111 2459//1111 
f 2459//1111 2461//1111 2354//1111 
f 2353//1111 2355//1111 2413//1111 
f 2413//1111 2411//1111 2353//1111 
f 2356//809 2354//809 2461//809 
f 2461//809 2462//809 2356//809 
f 2355//809 2357//809 2414//809 
f 2414//809 2413//809 2355//809 
f 2358//810 2356//810 2462//810 
f 2462//810 2464//810 2358//810 
f 2357//810 2359//810 2416//810 
f 2416//810 2414//810 2357//810 
f 2360//412 2358//412 2464//412 
f 2464//412 2465//412 2360//412 
f 2359//412 2361//412 2417//412 
f 2417//412 2416//412 2359//412 
f 2362//811 2360//811 2465//811 
f 2465//811 2467//811 2362//811 
f 2361//811 2363//811 2419//811 
f 2419//811 2417//811 2361//811 
f 2364//812 2362//812 2467//812 
f 2467//812 2468//812 2364//812 
f 2363//812 2365//812 2420//812 
f 2420//812 2419//812 2363//812 
f 2366//813 2364//813 2468//813 
f 2468//813 2469//813 2366//813 
f 2365//813 2367//813 2421//813 
f 2421//813 2420//813 2365//813 
f 2368//1112 2366//1112 2469//1112 
f 2469//1112 2471//1112 2368//1112 
f 2367//1112 2369//1112 2423//1112 
f 2423//1112 2421//1112 2367//1112 
f 2370//815 2368//815 2471//815 
f 2471//815 2472//815 2370//815 
f 2369//815 2371//815 2424//815 
f 2424//815 2423//815 2369//815 
f 2372//816 2370//816 2472//816 
f 2472//816 2474//816 2372//816 
f 2371//816 2373//816 2426//816 
f 2426//816 2424//816 2371//816 
f 2374//817 2372//817 2474//817 
f 2474//817 2475//817 2374//817 
f 2373//817 2375//817 2427//817 
f 2427//817 2426//817 2373//817 
f 2376//818 2374//818 2475//818 
f 2475//818 2477//818 2376//818 
f 2375//818 2377//818 2429//818 
f 2429//818 2427//818 2375//818 
f 2378//819 2376//819 2477//819 
f 2477//819 2479//819 2378//819 
f 2377//819 2379//819 2431//819 
f 2431//819 2429//819 2377//819 
f 2380//242 2378//242 2479//242 
f 2479//242 2440//242 2380//242 
f 2379//242 2381//242 2392//242 
f 2392//242 2431//242 2379//242 
f 2382//25 2380//25 2440//25 
f 2440//25 2437//25 2382//25 
f 2381//25 2383//25 2389//25 
f 2389//25 2392//25 2381//25 
f 2384//7 2382//7 2437//7 
f 2437//7 2439//7 2384//7 
f 2383//7 2385//7 2390//7 
f 2390//7 2389//7 2383//7 
f 2291//26 2384//26 2439//26 
f 2439//26 2438//26 2291//26 
f 2385//26 2290//26 2391//26 
f 2391//26 2390//26 2385//26 
f 2482//25 2485//25 2562//25 
f 2562//25 2561//25 2482//25 
f 2485//7 2487//7 2563//7 
f 2563//7 2562//7 2485//7 
f 2487//599 2489//599 2564//599 
f 2564//599 2563//599 2487//599 
f 2489//1113 2491//1113 2565//1113 
f 2565//1113 2564//1113 2489//1113 
f 2491//1114 2493//1114 2566//1114 
f 2566//1114 2565//1114 2491//1114 
f 2493//1115 2495//1115 2567//1115 
f 2567//1115 2566//1115 2493//1115 
f 2495//1116 2497//1116 2568//1116 
f 2568//1116 2567//1116 2495//1116 
f 2497//1117 2499//1117 2558//1117 
f 2558//1117 2568//1117 2497//1117 
f 2499//1118 2501//1118 2555//1118 
f 2555//1118 2558//1118 2499//1118 
f 2501//1119 2503//1119 2553//1119 
f 2553//1119 2555//1119 2501//1119 
f 2503//1120 2505//1120 2550//1120 
f 2550//1120 2553//1120 2503//1120 
f 2505//1121 2507//1121 2548//1121 
f 2548//1121 2550//1121 2505//1121 
f 2507//964 2509//964 2545//964 
f 2545//964 2548//964 2507//964 
f 2509//611 2511//611 2540//611 
f 2540//611 2545//611 2509//611 
f 2511//26 2513//26 2541//26 
f 2541//26 2540//26 2511//26 
f 2513//612 2515//612 2542//612 
f 2542//612 2541//612 2513//612 
f 2515//1122 2517//1122 2543//1122 
f 2543//1122 2542//1122 2515//1122 
f 2517//1123 2519//1123 2544//1123 
f 2544//1123 2543//1123 2517//1123 
f 2519//1124 2521//1124 2546//1124 
f 2546//1124 2544//1124 2519//1124 
f 2521//1125 2523//1125 2547//1125 
f 2547//1125 2546//1125 2521//1125 
f 2523//1126 2525//1126 2549//1126 
f 2549//1126 2547//1126 2523//1126 
f 2525//1127 2527//1127 2551//1127 
f 2551//1127 2549//1127 2525//1127 
f 2527//1128 2529//1128 2552//1128 
f 2552//1128 2551//1128 2527//1128 
f 2529//1129 2531//1129 2554//1129 
f 2554//1129 2552//1129 2529//1129 
f 2531//1130 2533//1130 2556//1130 
f 2556//1130 2554//1130 2531//1130 
f 2533//1131 2535//1131 2557//1131 
f 2557//1131 2556//1131 2533//1131 
f 2535//625 2537//625 2559//625 
f 2559//625 2557//625 2535//625 
f 2537//26 2539//26 2560//26 
f 2560//26 2559//26 2537//26 
f 2539//1 2482//1 2561//1 
f 2561//1 2560//1 2539//1 
f 2569//1 2572//1 2594//1 
f 2594//1 2593//1 2569//1 
f 2572//626 2574//626 2592//626 
f 2592//626 2594//626 2572//626 
f 2574//25 2576//25 2589//25 
f 2589//25 2592//25 2574//25 
f 2576//7 2578//7 2590//7 
f 2590//7 2589//7 2576//7 
f 2578//26 2580//26 2591//26 
f 2591//26 2590//26 2578//26 
f 2580//627 2569//627 2593//627 
f 2593//627 2591//627 2580//627 
f 2581//1 2584//1 2598//1 
f 2598//1 2597//1 2581//1 
f 2584//25 2586//25 2595//25 
f 2595//25 2598//25 2584//25 
f 2586//7 2588//7 2596//7 
f 2596//7 2595//7 2586//7 
f 2588//26 2581//26 2597//26 
f 2597//26 2596//26 2588//26 
f 2599//1 2602//1 2624//1 
f 2624//1 2623//1 2599//1 
f 2602//626 2604//626 2622//626 
f 2622//626 2624//626 2602//626 
f 2604//25 2606//25 2619//25 
f 2619//25 2622//25 2604//25 
f 2606//7 2608//7 2620//7 
f 2620//7 2619//7 2606//7 
f 2608//26 2610//26 2621//26 
f 2621//26 2620//26 2608//26 
f 2610//627 2599//627 2623//627 
f 2623//627 2621//627 2610//627 
f 2611//1 2614//1 2628//1 
f 2628//1 2627//1 2611//1 
f 2614//25 2616//25 2625//25 
f 2625//25 2628//25 2614//25 
f 2616//7 2618//7 2626//7 
f 2626//7 2625//7 2616//7 
f 2618//26 2611//26 2627//26 
f 2627//26 2626//26 2618//26 
# 5196 faces

