# 3ds Max Wavefront OBJ Exporter v0.99 - (c)2007 guruware
# File Created: 10.12.2025 12:25:24

mtllib p2-win.mtl

#
# object TextPlus002
#

v  -79.4514 0.0010 38.4215
v  -79.4514 0.0000 38.4215
v  -77.2330 0.0000 38.4215
v  -77.2330 0.0010 38.4215
v  -73.8627 0.0000 26.2148
v  -73.8627 0.0010 26.2148
v  -73.3729 0.0000 24.3312
v  -73.3729 0.0010 24.3312
v  -72.8549 0.0000 26.2113
v  -72.8549 0.0010 26.2113
v  -69.4932 0.0000 38.4215
v  -69.4932 0.0010 38.4215
v  -67.4190 0.0000 38.4215
v  -67.4190 0.0010 38.4215
v  -63.0604 0.0000 22.3965
v  -63.0604 0.0010 22.3965
v  -65.1909 0.0000 22.3965
v  -65.1909 0.0010 22.3965
v  -67.6889 0.0000 32.7019
v  -67.6889 0.0010 32.7019
v  -68.4979 0.0000 36.1805
v  -68.4979 0.0010 36.1805
v  -68.6432 0.0000 35.2862
v  -68.6432 0.0010 35.2862
v  -68.8138 0.0000 34.3716
v  -68.8138 0.0010 34.3716
v  -69.0096 0.0000 33.4367
v  -69.0096 0.0010 33.4367
v  -69.2307 0.0000 32.4815
v  -69.2307 0.0010 32.4815
v  -69.4770 0.0000 31.5060
v  -69.4770 0.0010 31.5060
v  -69.7487 0.0000 30.5102
v  -69.7487 0.0010 30.5102
v  -72.0401 0.0000 22.3965
v  -72.0401 0.0010 22.3965
v  -74.5963 0.0000 22.3965
v  -74.5963 0.0010 22.3965
v  -77.6405 0.0000 33.2246
v  -77.6405 0.0010 33.2246
v  -78.3729 0.0000 36.1805
v  -78.3729 0.0010 36.1805
v  -79.0561 0.0000 32.9051
v  -79.0561 0.0010 32.9051
v  -81.4635 0.0000 22.3965
v  -81.4635 0.0010 22.3965
v  -83.6604 0.0000 22.3965
v  -83.6604 0.0010 22.3965
v  -67.4190 3.0010 38.4215
v  -63.0604 3.0010 22.3965
v  -65.1909 3.0010 22.3965
v  -67.6889 3.0010 32.7019
v  -68.4979 3.0010 36.1805
v  -69.4932 3.0010 38.4215
v  -72.8549 3.0010 26.2113
v  -68.6432 3.0010 35.2862
v  -68.8138 3.0010 34.3716
v  -69.0096 3.0010 33.4367
v  -69.2307 3.0010 32.4815
v  -69.4770 3.0010 31.5060
v  -69.7487 3.0010 30.5102
v  -72.0401 3.0010 22.3965
v  -73.3729 3.0010 24.3312
v  -74.5963 3.0010 22.3965
v  -77.6405 3.0010 33.2246
v  -73.8627 3.0010 26.2148
v  -77.2330 3.0010 38.4215
v  -78.3729 3.0010 36.1805
v  -79.4514 3.0010 38.4215
v  -83.6604 3.0010 22.3965
v  -79.0561 3.0010 32.9051
v  -81.4635 3.0010 22.3965
v  -61.3354 0.0010 24.6465
v  -61.3354 0.0000 24.6465
v  -59.3604 0.0000 24.6465
v  -59.3604 0.0010 24.6465
v  -59.3604 0.0000 22.3965
v  -59.3604 0.0010 22.3965
v  -61.3354 0.0000 22.3965
v  -61.3354 0.0010 22.3965
v  -61.3354 0.0010 38.4215
v  -61.3354 0.0000 38.4215
v  -59.3604 0.0000 38.4215
v  -59.3604 0.0010 38.4215
v  -59.3604 0.0000 26.7965
v  -59.3604 0.0010 26.7965
v  -61.3354 0.0000 26.7965
v  -61.3354 0.0010 26.7965
v  -59.3604 3.0010 22.3965
v  -61.3354 3.0010 22.3965
v  -61.3354 3.0010 24.6465
v  -59.3604 3.0010 24.6465
v  -59.3604 3.0010 26.7965
v  -61.3354 3.0010 26.7965
v  -61.3354 3.0010 38.4215
v  -59.3604 3.0010 38.4215
v  -56.3604 0.0010 38.4215
v  -56.3604 0.0000 38.4215
v  -54.3854 0.0000 38.4215
v  -54.3854 0.0010 38.4215
v  -54.3854 0.0000 32.0758
v  -54.3854 0.0010 32.0758
v  -54.3601 0.0000 31.3716
v  -54.3601 0.0010 31.3716
v  -54.2844 0.0000 30.7470
v  -54.2844 0.0010 30.7470
v  -54.1582 0.0000 30.2021
v  -54.1582 0.0010 30.2021
v  -53.9815 0.0000 29.7368
v  -53.9815 0.0010 29.7368
v  -53.7543 0.0000 29.3511
v  -53.7543 0.0010 29.3511
v  -53.4766 0.0000 29.0451
v  -53.4766 0.0010 29.0451
v  -53.1641 0.0000 28.8011
v  -53.1641 0.0010 28.8011
v  -52.8326 0.0000 28.6014
v  -52.8326 0.0010 28.6014
v  -52.4820 0.0000 28.4461
v  -52.4820 0.0010 28.4461
v  -52.1124 0.0000 28.3352
v  -52.1124 0.0010 28.3352
v  -51.7236 0.0000 28.2687
v  -51.7236 0.0010 28.2687
v  -51.3159 0.0000 28.2465
v  -51.3159 0.0010 28.2465
v  -51.0602 0.0000 28.2564
v  -51.0602 0.0010 28.2564
v  -50.8158 0.0000 28.2860
v  -50.8158 0.0010 28.2860
v  -50.5826 0.0000 28.3354
v  -50.5826 0.0010 28.3354
v  -50.3605 0.0000 28.4046
v  -50.3605 0.0010 28.4046
v  -50.1496 0.0000 28.4935
v  -50.1496 0.0010 28.4935
v  -49.9498 0.0000 28.6021
v  -49.9498 0.0010 28.6021
v  -49.7655 0.0000 28.7274
v  -49.7655 0.0010 28.7274
v  -49.6009 0.0000 28.8660
v  -49.6009 0.0010 28.8660
v  -49.4559 0.0000 29.0179
v  -49.4559 0.0010 29.0179
v  -49.3306 0.0000 29.1832
v  -49.3306 0.0010 29.1832
v  -49.2249 0.0000 29.3619
v  -49.2249 0.0010 29.3619
v  -49.1389 0.0000 29.5539
v  -49.1389 0.0010 29.5539
v  -49.0691 0.0000 29.7695
v  -49.0691 0.0010 29.7695
v  -49.0119 0.0000 30.0188
v  -49.0119 0.0010 30.0188
v  -48.9675 0.0000 30.3018
v  -48.9675 0.0010 30.3018
v  -48.9358 0.0000 30.6187
v  -48.9358 0.0010 30.6187
v  -48.9167 0.0000 30.9692
v  -48.9167 0.0010 30.9692
v  -48.9104 0.0000 31.3535
v  -48.9104 0.0010 31.3535
v  -48.9104 0.0000 38.4215
v  -48.9104 0.0010 38.4215
v  -46.9354 0.0000 38.4215
v  -46.9354 0.0010 38.4215
v  -46.9354 0.0000 31.2812
v  -46.9354 0.0010 31.2812
v  -46.9384 0.0000 30.8484
v  -46.9384 0.0010 30.8484
v  -46.9475 0.0000 30.4611
v  -46.9475 0.0010 30.4611
v  -46.9626 0.0000 30.1194
v  -46.9626 0.0010 30.1194
v  -46.9838 0.0000 29.8233
v  -46.9838 0.0010 29.8233
v  -47.0111 0.0000 29.5726
v  -47.0111 0.0010 29.5726
v  -47.0444 0.0000 29.3676
v  -47.0444 0.0010 29.3676
v  -47.1098 0.0000 29.0933
v  -47.1098 0.0010 29.0933
v  -47.1899 0.0000 28.8319
v  -47.1899 0.0010 28.8319
v  -47.2845 0.0000 28.5831
v  -47.2845 0.0010 28.5831
v  -47.3936 0.0000 28.3471
v  -47.3936 0.0010 28.3471
v  -47.5173 0.0000 28.1238
v  -47.5173 0.0010 28.1238
v  -47.6555 0.0000 27.9133
v  -47.6555 0.0010 27.9133
v  -47.8133 0.0000 27.7156
v  -47.8133 0.0010 27.7156
v  -47.9956 0.0000 27.5311
v  -47.9956 0.0010 27.5311
v  -48.2025 0.0000 27.3596
v  -48.2025 0.0010 27.3596
v  -48.4340 0.0000 27.2012
v  -48.4340 0.0010 27.2012
v  -48.6900 0.0000 27.0559
v  -48.6900 0.0010 27.0559
v  -48.9705 0.0000 26.9236
v  -48.9705 0.0010 26.9236
v  -49.2681 0.0000 26.8084
v  -49.2681 0.0010 26.8084
v  -49.5750 0.0000 26.7141
v  -49.5750 0.0010 26.7141
v  -49.8913 0.0000 26.6408
v  -49.8913 0.0010 26.6408
v  -50.2171 0.0000 26.5884
v  -50.2171 0.0010 26.5884
v  -50.5522 0.0000 26.5570
v  -50.5522 0.0010 26.5570
v  -50.8967 0.0000 26.5465
v  -50.8967 0.0010 26.5465
v  -51.6691 0.0000 26.5992
v  -51.6691 0.0010 26.5992
v  -52.3784 0.0000 26.7575
v  -52.3784 0.0010 26.7575
v  -53.0247 0.0000 27.0214
v  -53.0247 0.0010 27.0214
v  -53.6080 0.0000 27.3908
v  -53.6080 0.0010 27.3908
v  -54.1282 0.0000 27.8657
v  -54.1282 0.0010 27.8657
v  -54.5854 0.0000 28.4461
v  -54.5854 0.0010 28.4461
v  -54.5854 0.0000 26.7965
v  -54.5854 0.0010 26.7965
v  -56.3604 0.0000 26.7965
v  -56.3604 0.0010 26.7965
v  -54.5854 3.0010 26.7965
v  -56.3604 3.0010 26.7965
v  -56.3604 3.0010 38.4215
v  -54.5854 3.0010 28.4461
v  -54.3854 3.0010 38.4215
v  -54.3854 3.0010 32.0758
v  -54.3601 3.0010 31.3716
v  -54.2844 3.0010 30.7470
v  -54.1582 3.0010 30.2021
v  -53.9815 3.0010 29.7368
v  -53.7543 3.0010 29.3511
v  -53.4766 3.0010 29.0451
v  -54.1282 3.0010 27.8657
v  -53.1641 3.0010 28.8011
v  -53.6080 3.0010 27.3908
v  -52.8326 3.0010 28.6014
v  -53.0247 3.0010 27.0214
v  -52.4820 3.0010 28.4461
v  -48.9104 3.0010 38.4215
v  -46.9354 3.0010 38.4215
v  -46.9354 3.0010 31.2812
v  -48.9104 3.0010 31.3535
v  -48.9167 3.0010 30.9692
v  -46.9384 3.0010 30.8484
v  -48.9358 3.0010 30.6187
v  -46.9475 3.0010 30.4611
v  -48.9675 3.0010 30.3018
v  -46.9626 3.0010 30.1194
v  -46.9838 3.0010 29.8233
v  -49.0119 3.0010 30.0188
v  -47.0111 3.0010 29.5726
v  -49.0691 3.0010 29.7695
v  -47.0444 3.0010 29.3676
v  -47.1098 3.0010 29.0933
v  -49.1389 3.0010 29.5539
v  -47.1899 3.0010 28.8319
v  -47.2845 3.0010 28.5831
v  -49.2249 3.0010 29.3619
v  -47.3936 3.0010 28.3471
v  -47.5173 3.0010 28.1238
v  -49.3306 3.0010 29.1832
v  -47.6555 3.0010 27.9133
v  -47.8133 3.0010 27.7156
v  -49.4559 3.0010 29.0179
v  -47.9956 3.0010 27.5311
v  -48.2025 3.0010 27.3596
v  -49.6009 3.0010 28.8660
v  -48.4340 3.0010 27.2012
v  -48.6900 3.0010 27.0559
v  -49.7655 3.0010 28.7274
v  -48.9705 3.0010 26.9236
v  -49.9498 3.0010 28.6021
v  -49.2681 3.0010 26.8084
v  -50.1496 3.0010 28.4935
v  -49.5750 3.0010 26.7141
v  -50.3605 3.0010 28.4046
v  -49.8913 3.0010 26.6408
v  -50.2171 3.0010 26.5884
v  -50.5826 3.0010 28.3354
v  -50.5522 3.0010 26.5570
v  -50.8158 3.0010 28.2860
v  -50.8967 3.0010 26.5465
v  -51.0602 3.0010 28.2564
v  -51.6691 3.0010 26.5992
v  -51.3159 3.0010 28.2465
v  -51.7236 3.0010 28.2687
v  -52.3784 3.0010 26.7575
v  -52.1124 3.0010 28.3352
v  -43.9104 0.0010 38.4215
v  -43.9104 0.0000 38.4215
v  -41.9354 0.0000 38.4215
v  -41.9354 0.0010 38.4215
v  -41.9354 0.0000 32.0758
v  -41.9354 0.0010 32.0758
v  -41.9101 0.0000 31.3716
v  -41.9101 0.0010 31.3716
v  -41.8344 0.0000 30.7470
v  -41.8344 0.0010 30.7470
v  -41.7082 0.0000 30.2021
v  -41.7082 0.0010 30.2021
v  -41.5315 0.0000 29.7368
v  -41.5315 0.0010 29.7368
v  -41.3043 0.0000 29.3511
v  -41.3043 0.0010 29.3511
v  -41.0266 0.0000 29.0451
v  -41.0266 0.0010 29.0451
v  -40.7141 0.0000 28.8011
v  -40.7141 0.0010 28.8011
v  -40.3826 0.0000 28.6014
v  -40.3826 0.0010 28.6014
v  -40.0320 0.0000 28.4461
v  -40.0320 0.0010 28.4461
v  -39.6624 0.0000 28.3352
v  -39.6624 0.0010 28.3352
v  -39.2736 0.0000 28.2687
v  -39.2736 0.0010 28.2687
v  -38.8659 0.0000 28.2465
v  -38.8659 0.0010 28.2465
v  -38.6102 0.0000 28.2564
v  -38.6102 0.0010 28.2564
v  -38.3658 0.0000 28.2860
v  -38.3658 0.0010 28.2860
v  -38.1326 0.0000 28.3354
v  -38.1326 0.0010 28.3354
v  -37.9105 0.0000 28.4046
v  -37.9105 0.0010 28.4046
v  -37.6996 0.0000 28.4935
v  -37.6996 0.0010 28.4935
v  -37.4998 0.0000 28.6021
v  -37.4998 0.0010 28.6021
v  -37.3155 0.0000 28.7274
v  -37.3155 0.0010 28.7274
v  -37.1509 0.0000 28.8660
v  -37.1509 0.0010 28.8660
v  -37.0059 0.0000 29.0179
v  -37.0059 0.0010 29.0179
v  -36.8806 0.0000 29.1832
v  -36.8806 0.0010 29.1832
v  -36.7749 0.0000 29.3619
v  -36.7749 0.0010 29.3619
v  -36.6889 0.0000 29.5539
v  -36.6889 0.0010 29.5539
v  -36.6191 0.0000 29.7695
v  -36.6191 0.0010 29.7695
v  -36.5619 0.0000 30.0188
v  -36.5619 0.0010 30.0188
v  -36.5175 0.0000 30.3018
v  -36.5175 0.0010 30.3018
v  -36.4858 0.0000 30.6187
v  -36.4858 0.0010 30.6187
v  -36.4667 0.0000 30.9692
v  -36.4667 0.0010 30.9692
v  -36.4604 0.0000 31.3535
v  -36.4604 0.0010 31.3535
v  -36.4604 0.0000 38.4215
v  -36.4604 0.0010 38.4215
v  -34.4854 0.0000 38.4215
v  -34.4854 0.0010 38.4215
v  -34.4854 0.0000 31.2812
v  -34.4854 0.0010 31.2812
v  -34.4884 0.0000 30.8484
v  -34.4884 0.0010 30.8484
v  -34.4975 0.0000 30.4611
v  -34.4975 0.0010 30.4611
v  -34.5126 0.0000 30.1194
v  -34.5126 0.0010 30.1194
v  -34.5338 0.0000 29.8233
v  -34.5338 0.0010 29.8233
v  -34.5611 0.0000 29.5726
v  -34.5611 0.0010 29.5726
v  -34.5944 0.0000 29.3676
v  -34.5944 0.0010 29.3676
v  -34.6598 0.0000 29.0933
v  -34.6598 0.0010 29.0933
v  -34.7399 0.0000 28.8319
v  -34.7399 0.0010 28.8319
v  -34.8345 0.0000 28.5831
v  -34.8345 0.0010 28.5831
v  -34.9436 0.0000 28.3471
v  -34.9436 0.0010 28.3471
v  -35.0673 0.0000 28.1238
v  -35.0673 0.0010 28.1238
v  -35.2055 0.0000 27.9133
v  -35.2055 0.0010 27.9133
v  -35.3633 0.0000 27.7156
v  -35.3633 0.0010 27.7156
v  -35.5456 0.0000 27.5311
v  -35.5456 0.0010 27.5311
v  -35.7525 0.0000 27.3596
v  -35.7525 0.0010 27.3596
v  -35.9840 0.0000 27.2012
v  -35.9840 0.0010 27.2012
v  -36.2400 0.0000 27.0559
v  -36.2400 0.0010 27.0559
v  -36.5205 0.0000 26.9236
v  -36.5205 0.0010 26.9236
v  -36.8181 0.0000 26.8084
v  -36.8181 0.0010 26.8084
v  -37.1250 0.0000 26.7141
v  -37.1250 0.0010 26.7141
v  -37.4413 0.0000 26.6408
v  -37.4413 0.0010 26.6408
v  -37.7671 0.0000 26.5884
v  -37.7671 0.0010 26.5884
v  -38.1022 0.0000 26.5570
v  -38.1022 0.0010 26.5570
v  -38.4467 0.0000 26.5465
v  -38.4467 0.0010 26.5465
v  -39.2191 0.0000 26.5992
v  -39.2191 0.0010 26.5992
v  -39.9284 0.0000 26.7575
v  -39.9284 0.0010 26.7575
v  -40.5747 0.0000 27.0214
v  -40.5747 0.0010 27.0214
v  -41.1580 0.0000 27.3908
v  -41.1580 0.0010 27.3908
v  -41.6782 0.0000 27.8657
v  -41.6782 0.0010 27.8657
v  -42.1354 0.0000 28.4461
v  -42.1354 0.0010 28.4461
v  -42.1354 0.0000 26.7965
v  -42.1354 0.0010 26.7965
v  -43.9104 0.0000 26.7965
v  -43.9104 0.0010 26.7965
v  -42.1354 3.0010 26.7965
v  -43.9104 3.0010 26.7965
v  -43.9104 3.0010 38.4215
v  -42.1354 3.0010 28.4461
v  -41.9354 3.0010 38.4215
v  -41.9354 3.0010 32.0758
v  -41.9101 3.0010 31.3716
v  -41.8344 3.0010 30.7470
v  -41.7082 3.0010 30.2021
v  -41.5315 3.0010 29.7368
v  -41.3043 3.0010 29.3511
v  -41.0266 3.0010 29.0451
v  -41.6782 3.0010 27.8657
v  -40.7141 3.0010 28.8011
v  -41.1580 3.0010 27.3908
v  -40.3826 3.0010 28.6014
v  -40.5747 3.0010 27.0214
v  -40.0320 3.0010 28.4461
v  -36.4604 3.0010 38.4215
v  -34.4854 3.0010 38.4215
v  -34.4854 3.0010 31.2812
v  -36.4604 3.0010 31.3535
v  -36.4667 3.0010 30.9692
v  -34.4884 3.0010 30.8484
v  -36.4858 3.0010 30.6187
v  -34.4975 3.0010 30.4611
v  -36.5175 3.0010 30.3018
v  -34.5126 3.0010 30.1194
v  -34.5338 3.0010 29.8233
v  -36.5619 3.0010 30.0188
v  -34.5611 3.0010 29.5726
v  -36.6191 3.0010 29.7695
v  -34.5944 3.0010 29.3676
v  -34.6598 3.0010 29.0933
v  -36.6889 3.0010 29.5539
v  -34.7399 3.0010 28.8319
v  -34.8345 3.0010 28.5831
v  -36.7749 3.0010 29.3619
v  -34.9436 3.0010 28.3471
v  -35.0673 3.0010 28.1238
v  -36.8806 3.0010 29.1832
v  -35.2055 3.0010 27.9133
v  -35.3633 3.0010 27.7156
v  -37.0059 3.0010 29.0179
v  -35.5456 3.0010 27.5311
v  -35.7525 3.0010 27.3596
v  -37.1509 3.0010 28.8660
v  -35.9840 3.0010 27.2012
v  -36.2400 3.0010 27.0559
v  -37.3155 3.0010 28.7274
v  -36.5205 3.0010 26.9236
v  -37.4998 3.0010 28.6021
v  -36.8181 3.0010 26.8084
v  -37.6996 3.0010 28.4935
v  -37.1250 3.0010 26.7141
v  -37.9105 3.0010 28.4046
v  -37.4413 3.0010 26.6408
v  -37.7671 3.0010 26.5884
v  -38.1326 3.0010 28.3354
v  -38.1022 3.0010 26.5570
v  -38.3658 3.0010 28.2860
v  -38.4467 3.0010 26.5465
v  -38.6102 3.0010 28.2564
v  -39.2191 3.0010 26.5992
v  -38.8659 3.0010 28.2465
v  -39.2736 3.0010 28.2687
v  -39.9284 3.0010 26.7575
v  -39.6624 3.0010 28.3352
v  -23.5073 0.0010 34.6715
v  -23.5073 0.0000 34.6715
v  -23.6657 0.0000 35.0667
v  -23.6657 0.0010 35.0667
v  -23.8417 0.0000 35.4243
v  -23.8417 0.0010 35.4243
v  -24.0354 0.0000 35.7445
v  -24.0354 0.0010 35.7445
v  -24.2467 0.0000 36.0271
v  -24.2467 0.0010 36.0271
v  -24.4757 0.0000 36.2723
v  -24.4757 0.0010 36.2723
v  -24.7223 0.0000 36.4799
v  -24.7223 0.0010 36.4799
v  -24.9865 0.0000 36.6530
v  -24.9865 0.0010 36.6530
v  -25.2684 0.0000 36.7947
v  -25.2684 0.0010 36.7947
v  -25.5679 0.0000 36.9048
v  -25.5679 0.0010 36.9048
v  -25.8850 0.0000 36.9835
v  -25.8850 0.0010 36.9835
v  -26.2197 0.0000 37.0307
v  -26.2197 0.0010 37.0307
v  -26.5721 0.0000 37.0465
v  -26.5721 0.0010 37.0465
v  -27.0439 0.0000 37.0184
v  -27.0439 0.0010 37.0184
v  -27.4889 0.0000 36.9341
v  -27.4889 0.0010 36.9341
v  -27.9073 0.0000 36.7937
v  -27.9073 0.0010 36.7937
v  -28.2988 0.0000 36.5971
v  -28.2988 0.0010 36.5971
v  -28.6637 0.0000 36.3443
v  -28.6637 0.0010 36.3443
v  -29.0018 0.0000 36.0353
v  -29.0018 0.0010 36.0353
v  -29.3025 0.0000 35.6735
v  -29.3025 0.0010 35.6735
v  -29.5552 0.0000 35.2622
v  -29.5552 0.0010 35.2622
v  -29.7598 0.0000 34.8013
v  -29.7598 0.0010 34.8013
v  -29.9164 0.0000 34.2909
v  -29.9164 0.0010 34.2909
v  -30.0249 0.0000 33.7310
v  -30.0249 0.0010 33.7310
v  -30.0854 0.0000 33.1215
v  -30.0854 0.0010 33.1215
v  -21.4213 0.0000 33.1215
v  -21.4213 0.0010 33.1215
v  -21.4104 0.0000 32.5965
v  -21.4104 0.0010 32.5965
v  -21.4514 0.0000 31.6732
v  -21.4514 0.0010 31.6732
v  -21.5743 0.0000 30.8217
v  -21.5743 0.0010 30.8217
v  -21.7792 0.0000 30.0419
v  -21.7792 0.0010 30.0419
v  -22.0661 0.0000 29.3338
v  -22.0661 0.0010 29.3338
v  -22.4350 0.0000 28.6974
v  -22.4350 0.0010 28.6974
v  -22.8858 0.0000 28.1328
v  -22.8858 0.0010 28.1328
v  -23.4013 0.0000 27.6481
v  -23.4013 0.0010 27.6481
v  -23.9641 0.0000 27.2515
v  -23.9641 0.0010 27.2515
v  -24.5743 0.0000 26.9431
v  -24.5743 0.0010 26.9431
v  -25.2320 0.0000 26.7227
v  -25.2320 0.0010 26.7227
v  -25.9369 0.0000 26.5905
v  -25.9369 0.0010 26.5905
v  -26.6893 0.0000 26.5465
v  -26.6893 0.0010 26.5465
v  -27.4659 0.0000 26.5914
v  -27.4659 0.0010 26.5914
v  -28.1928 0.0000 26.7261
v  -28.1928 0.0010 26.7261
v  -28.8699 0.0000 26.9506
v  -28.8699 0.0010 26.9506
v  -29.4971 0.0000 27.2650
v  -29.4971 0.0010 27.2650
v  -30.0745 0.0000 27.6691
v  -30.0745 0.0010 27.6691
v  -30.6022 0.0000 28.1631
v  -30.6022 0.0010 28.1631
v  -31.0630 0.0000 28.7384
v  -31.0630 0.0010 28.7384
v  -31.4401 0.0000 29.3865
v  -31.4401 0.0010 29.3865
v  -31.7333 0.0000 30.1075
v  -31.7333 0.0010 30.1075
v  -31.9428 0.0000 30.9013
v  -31.9428 0.0010 30.9013
v  -32.0685 0.0000 31.7679
v  -32.0685 0.0010 31.7679
v  -32.1104 0.0000 32.7074
v  -32.1104 0.0010 32.7074
v  -32.0689 0.0000 33.6153
v  -32.0689 0.0010 33.6153
v  -31.9446 0.0000 34.4532
v  -31.9446 0.0010 34.4532
v  -31.7374 0.0000 35.2210
v  -31.7374 0.0010 35.2210
v  -31.4474 0.0000 35.9187
v  -31.4474 0.0010 35.9187
v  -31.0744 0.0000 36.5463
v  -31.0744 0.0010 36.5463
v  -30.6186 0.0000 37.1039
v  -30.6186 0.0010 37.1039
v  -30.0920 0.0000 37.5829
v  -30.0920 0.0010 37.5829
v  -29.5068 0.0000 37.9748
v  -29.5068 0.0010 37.9748
v  -28.8630 0.0000 38.2796
v  -28.8630 0.0010 38.2796
v  -28.1606 0.0000 38.4973
v  -28.1606 0.0010 38.4973
v  -27.3996 0.0000 38.6279
v  -27.3996 0.0010 38.6279
v  -26.5799 0.0000 38.6715
v  -26.5799 0.0010 38.6715
v  -25.9260 0.0000 38.6441
v  -25.9260 0.0010 38.6441
v  -25.3121 0.0000 38.5621
v  -25.3121 0.0010 38.5621
v  -24.7384 0.0000 38.4255
v  -24.7384 0.0010 38.4255
v  -24.2046 0.0000 38.2342
v  -24.2046 0.0010 38.2342
v  -23.7110 0.0000 37.9882
v  -23.7110 0.0010 37.9882
v  -23.2575 0.0000 37.6875
v  -23.2575 0.0010 37.6875
v  -22.8467 0.0000 37.3373
v  -22.8467 0.0010 37.3373
v  -22.4815 0.0000 36.9428
v  -22.4815 0.0010 36.9428
v  -22.1618 0.0000 36.5040
v  -22.1618 0.0010 36.5040
v  -21.8877 0.0000 36.0208
v  -21.8877 0.0010 36.0208
v  -21.6591 0.0000 35.4933
v  -21.6591 0.0010 35.4933
v  -21.4760 0.0000 34.9215
v  -21.4760 0.0010 34.9215
v  -29.9854 0.0010 31.4965
v  -29.9854 0.0000 31.4965
v  -29.9295 0.0000 31.0084
v  -29.9295 0.0010 31.0084
v  -29.8276 0.0000 30.5541
v  -29.8276 0.0010 30.5541
v  -29.6797 0.0000 30.1338
v  -29.6797 0.0010 30.1338
v  -29.4859 0.0000 29.7474
v  -29.4859 0.0010 29.7474
v  -29.2461 0.0000 29.3949
v  -29.2461 0.0010 29.3949
v  -28.9604 0.0000 29.0764
v  -28.9604 0.0010 29.0764
v  -28.6396 0.0000 28.7999
v  -28.6396 0.0010 28.7999
v  -28.2948 0.0000 28.5736
v  -28.2948 0.0010 28.5736
v  -27.9260 0.0000 28.3977
v  -27.9260 0.0010 28.3977
v  -27.5331 0.0000 28.2720
v  -27.5331 0.0010 28.2720
v  -27.1162 0.0000 28.1966
v  -27.1162 0.0010 28.1966
v  -26.6752 0.0000 28.1715
v  -26.6752 0.0010 28.1715
v  -26.1901 0.0000 28.2030
v  -26.1901 0.0010 28.2030
v  -25.7361 0.0000 28.2974
v  -25.7361 0.0010 28.2974
v  -25.3131 0.0000 28.4549
v  -25.3131 0.0010 28.4549
v  -24.9212 0.0000 28.6753
v  -24.9212 0.0010 28.6753
v  -24.5604 0.0000 28.9587
v  -24.5604 0.0010 28.9587
v  -24.2307 0.0000 29.3051
v  -24.2307 0.0010 29.3051
v  -24.0395 0.0000 29.5689
v  -24.0395 0.0010 29.5689
v  -23.8751 0.0000 29.8732
v  -23.8751 0.0010 29.8732
v  -23.7375 0.0000 30.2182
v  -23.7375 0.0010 30.2182
v  -23.6267 0.0000 30.6037
v  -23.6267 0.0010 30.6037
v  -23.5426 0.0000 31.0298
v  -23.5426 0.0010 31.0298
v  -23.4854 0.0000 31.4965
v  -23.4854 0.0010 31.4965
v  -21.6591 3.0010 35.4933
v  -21.4760 3.0010 34.9215
v  -23.5073 3.0010 34.6715
v  -29.9854 3.0010 31.4965
v  -30.0854 3.0010 33.1215
v  -21.4213 3.0010 33.1215
v  -23.4854 3.0010 31.4965
v  -21.4104 3.0010 32.5965
v  -21.4514 3.0010 31.6732
v  -21.5743 3.0010 30.8217
v  -23.5426 3.0010 31.0298
v  -21.7792 3.0010 30.0419
v  -23.6267 3.0010 30.6037
v  -22.0661 3.0010 29.3338
v  -23.7375 3.0010 30.2182
v  -23.8751 3.0010 29.8732
v  -22.4350 3.0010 28.6974
v  -24.0395 3.0010 29.5689
v  -22.8858 3.0010 28.1328
v  -24.2307 3.0010 29.3051
v  -23.4013 3.0010 27.6481
v  -24.5604 3.0010 28.9587
v  -23.9641 3.0010 27.2515
v  -24.9212 3.0010 28.6753
v  -24.5743 3.0010 26.9431
v  -25.3131 3.0010 28.4549
v  -25.2320 3.0010 26.7227
v  -25.7361 3.0010 28.2974
v  -25.9369 3.0010 26.5905
v  -26.1901 3.0010 28.2030
v  -26.6893 3.0010 26.5465
v  -26.6752 3.0010 28.1715
v  -27.4659 3.0010 26.5914
v  -27.1162 3.0010 28.1966
v  -23.6657 3.0010 35.0667
v  -21.8877 3.0010 36.0208
v  -27.5331 3.0010 28.2720
v  -28.1928 3.0010 26.7261
v  -27.9260 3.0010 28.3977
v  -28.8699 3.0010 26.9506
v  -28.2948 3.0010 28.5736
v  -29.4971 3.0010 27.2650
v  -28.6396 3.0010 28.7999
v  -30.0745 3.0010 27.6691
v  -28.9604 3.0010 29.0764
v  -30.6022 3.0010 28.1631
v  -29.2461 3.0010 29.3949
v  -31.0630 3.0010 28.7384
v  -29.4859 3.0010 29.7474
v  -31.4401 3.0010 29.3865
v  -29.6797 3.0010 30.1338
v  -23.8417 3.0010 35.4243
v  -22.1618 3.0010 36.5040
v  -22.4815 3.0010 36.9428
v  -24.0354 3.0010 35.7445
v  -22.8467 3.0010 37.3373
v  -24.2467 3.0010 36.0271
v  -23.2575 3.0010 37.6875
v  -24.4757 3.0010 36.2723
v  -23.7110 3.0010 37.9882
v  -24.7223 3.0010 36.4799
v  -24.2046 3.0010 38.2342
v  -24.9865 3.0010 36.6530
v  -24.7384 3.0010 38.4255
v  -25.2684 3.0010 36.7947
v  -25.3121 3.0010 38.5621
v  -25.5679 3.0010 36.9048
v  -25.8850 3.0010 36.9835
v  -25.9260 3.0010 38.6441
v  -26.2197 3.0010 37.0307
v  -26.5799 3.0010 38.6715
v  -26.5721 3.0010 37.0465
v  -27.3996 3.0010 38.6279
v  -27.0439 3.0010 37.0184
v  -27.4889 3.0010 36.9341
v  -28.1606 3.0010 38.4973
v  -27.9073 3.0010 36.7937
v  -28.8630 3.0010 38.2796
v  -28.2988 3.0010 36.5971
v  -29.5068 3.0010 37.9748
v  -28.6637 3.0010 36.3443
v  -30.0920 3.0010 37.5829
v  -29.0018 3.0010 36.0353
v  -30.6186 3.0010 37.1039
v  -29.3025 3.0010 35.6735
v  -31.0744 3.0010 36.5463
v  -29.5552 3.0010 35.2622
v  -31.4474 3.0010 35.9187
v  -29.7598 3.0010 34.8013
v  -31.7374 3.0010 35.2210
v  -29.9164 3.0010 34.2909
v  -31.9446 3.0010 34.4532
v  -30.0249 3.0010 33.7310
v  -32.0689 3.0010 33.6153
v  -32.1104 3.0010 32.7074
v  -32.0685 3.0010 31.7679
v  -31.9428 3.0010 30.9013
v  -29.9295 3.0010 31.0084
v  -31.7333 3.0010 30.1075
v  -29.8276 3.0010 30.5541
v  -19.0354 0.0010 38.4215
v  -19.0354 0.0000 38.4215
v  -17.0604 0.0000 38.4215
v  -17.0604 0.0010 38.4215
v  -17.0604 0.0000 32.3363
v  -17.0604 0.0010 32.3363
v  -17.0513 0.0000 31.9259
v  -17.0513 0.0010 31.9259
v  -17.0240 0.0000 31.5264
v  -17.0240 0.0010 31.5264
v  -16.9785 0.0000 31.1379
v  -16.9785 0.0010 31.1379
v  -16.9149 0.0000 30.7603
v  -16.9149 0.0010 30.7603
v  -16.8331 0.0000 30.3936
v  -16.8331 0.0010 30.3936
v  -16.7330 0.0000 30.0379
v  -16.7330 0.0010 30.0379
v  -16.6523 0.0000 29.8164
v  -16.6523 0.0010 29.8164
v  -16.5555 0.0000 29.6117
v  -16.5555 0.0010 29.6117
v  -16.4425 0.0000 29.4237
v  -16.4425 0.0010 29.4237
v  -16.3133 0.0000 29.2524
v  -16.3133 0.0010 29.2524
v  -16.1681 0.0000 29.0978
v  -16.1681 0.0010 29.0978
v  -16.0067 0.0000 28.9600
v  -16.0067 0.0010 28.9600
v  -15.8336 0.0000 28.8413
v  -15.8336 0.0010 28.8413
v  -15.6534 0.0000 28.7441
v  -15.6534 0.0010 28.7441
v  -15.4659 0.0000 28.6686
v  -15.4659 0.0010 28.6686
v  -15.2713 0.0000 28.6146
v  -15.2713 0.0010 28.6146
v  -15.0694 0.0000 28.5823
v  -15.0694 0.0010 28.5823
v  -14.8604 0.0000 28.5715
v  -14.8604 0.0010 28.5715
v  -14.6224 0.0000 28.5829
v  -14.6224 0.0010 28.5829
v  -14.3844 0.0000 28.6173
v  -14.3844 0.0010 28.6173
v  -14.1464 0.0000 28.6745
v  -14.1464 0.0010 28.6745
v  -13.9085 0.0000 28.7546
v  -13.9085 0.0010 28.7546
v  -13.6706 0.0000 28.8577
v  -13.6706 0.0010 28.8577
v  -13.4327 0.0000 28.9836
v  -13.4327 0.0010 28.9836
v  -12.7354 0.0000 27.1691
v  -12.7354 0.0010 27.1691
v  -13.0761 0.0000 26.9789
v  -13.0761 0.0010 26.9789
v  -13.4151 0.0000 26.8232
v  -13.4151 0.0010 26.8232
v  -13.7522 0.0000 26.7021
v  -13.7522 0.0010 26.7021
v  -14.0875 0.0000 26.6157
v  -14.0875 0.0010 26.6157
v  -14.4209 0.0000 26.5638
v  -14.4209 0.0010 26.5638
v  -14.7526 0.0000 26.5465
v  -14.7526 0.0010 26.5465
v  -14.9783 0.0000 26.5574
v  -14.9783 0.0010 26.5574
v  -15.1977 0.0000 26.5900
v  -15.1977 0.0010 26.5900
v  -15.4107 0.0000 26.6445
v  -15.4107 0.0010 26.6445
v  -15.6174 0.0000 26.7207
v  -15.6174 0.0010 26.7207
v  -15.8178 0.0000 26.8187
v  -15.8178 0.0010 26.8187
v  -16.0118 0.0000 26.9385
v  -16.0118 0.0010 26.9385
v  -16.2055 0.0000 27.0924
v  -16.2055 0.0010 27.0924
v  -16.4049 0.0000 27.2929
v  -16.4049 0.0010 27.2929
v  -16.6101 0.0000 27.5400
v  -16.6101 0.0010 27.5400
v  -16.8211 0.0000 27.8336
v  -16.8211 0.0010 27.8336
v  -17.0379 0.0000 28.1738
v  -17.0379 0.0010 28.1738
v  -17.2604 0.0000 28.5605
v  -17.2604 0.0010 28.5605
v  -17.2604 0.0000 26.7965
v  -17.2604 0.0010 26.7965
v  -19.0354 0.0000 26.7965
v  -19.0354 0.0010 26.7965
v  -13.6706 3.0010 28.8577
v  -13.4327 3.0010 28.9836
v  -12.7354 3.0010 27.1691
v  -17.2604 3.0010 26.7965
v  -19.0354 3.0010 26.7965
v  -19.0354 3.0010 38.4215
v  -17.2604 3.0010 28.5605
v  -17.0604 3.0010 38.4215
v  -17.0604 3.0010 32.3363
v  -17.0513 3.0010 31.9259
v  -17.0240 3.0010 31.5264
v  -16.9785 3.0010 31.1379
v  -16.9149 3.0010 30.7603
v  -16.8331 3.0010 30.3936
v  -16.7330 3.0010 30.0379
v  -16.6523 3.0010 29.8164
v  -16.5555 3.0010 29.6117
v  -16.4425 3.0010 29.4237
v  -16.3133 3.0010 29.2524
v  -13.0761 3.0010 26.9789
v  -13.9085 3.0010 28.7546
v  -13.4151 3.0010 26.8232
v  -14.1464 3.0010 28.6745
v  -13.7522 3.0010 26.7021
v  -14.3844 3.0010 28.6173
v  -14.0875 3.0010 26.6157
v  -14.6224 3.0010 28.5829
v  -14.4209 3.0010 26.5638
v  -14.7526 3.0010 26.5465
v  -14.8604 3.0010 28.5715
v  -14.9783 3.0010 26.5574
v  -15.1977 3.0010 26.5900
v  -15.0694 3.0010 28.5823
v  -15.4107 3.0010 26.6445
v  -15.6174 3.0010 26.7207
v  -15.8178 3.0010 26.8187
v  -15.2713 3.0010 28.6146
v  -16.0118 3.0010 26.9385
v  -16.2055 3.0010 27.0924
v  -15.4659 3.0010 28.6686
v  -16.4049 3.0010 27.2929
v  -16.6101 3.0010 27.5400
v  -15.6534 3.0010 28.7441
v  -16.8211 3.0010 27.8336
v  -15.8336 3.0010 28.8413
v  -17.0379 3.0010 28.1738
v  -16.0067 3.0010 28.9600
v  -16.1681 3.0010 29.0978
v  -4.8354 0.0010 33.6215
v  -4.8354 0.0000 33.6215
v  1.2146 0.0000 33.6215
v  1.2146 0.0010 33.6215
v  1.2146 0.0000 31.6465
v  1.2146 0.0010 31.6465
v  -4.8354 0.0000 31.6465
v  -4.8354 0.0010 31.6465
v  1.2146 3.0010 31.6465
v  -4.8354 3.0010 31.6465
v  -4.8354 3.0010 33.6215
v  1.2146 3.0010 33.6215
v  11.1396 0.0010 38.4215
v  11.1396 0.0000 38.4215
v  13.2646 0.0000 38.4215
v  13.2646 0.0010 38.4215
v  13.2646 0.0000 31.9215
v  13.2646 0.0010 31.9215
v  17.3701 0.0000 31.9215
v  17.3701 0.0010 31.9215
v  18.4438 0.0000 31.8821
v  18.4438 0.0010 31.8821
v  19.4010 0.0000 31.7639
v  19.4010 0.0010 31.7639
v  20.2417 0.0000 31.5670
v  20.2417 0.0010 31.5670
v  20.9660 0.0000 31.2914
v  20.9660 0.0010 31.2914
v  21.5738 0.0000 30.9369
v  21.5738 0.0010 30.9369
v  22.0652 0.0000 30.5037
v  22.0652 0.0010 30.5037
v  22.4622 0.0000 30.0136
v  22.4622 0.0010 30.0136
v  22.7871 0.0000 29.4886
v  22.7871 0.0010 29.4886
v  23.0398 0.0000 28.9286
v  23.0398 0.0010 28.9286
v  23.2202 0.0000 28.3336
v  23.2202 0.0010 28.3336
v  23.3285 0.0000 27.7036
v  23.3285 0.0010 27.7036
v  23.3646 0.0000 27.0387
v  23.3646 0.0010 27.0387
v  23.3511 0.0000 26.6464
v  23.3511 0.0010 26.6464
v  23.3106 0.0000 26.2650
v  23.3106 0.0010 26.2650
v  23.2431 0.0000 25.8946
v  23.2431 0.0010 25.8946
v  23.1486 0.0000 25.5351
v  23.1486 0.0010 25.5351
v  23.0270 0.0000 25.1866
v  23.0270 0.0010 25.1866
v  22.8785 0.0000 24.8490
v  22.8785 0.0010 24.8490
v  22.7078 0.0000 24.5292
v  22.7078 0.0010 24.5292
v  22.5198 0.0000 24.2341
v  22.5198 0.0010 24.2341
v  22.3145 0.0000 23.9636
v  22.3145 0.0010 23.9636
v  22.0919 0.0000 23.7177
v  22.0919 0.0010 23.7177
v  21.8521 0.0000 23.4964
v  21.8521 0.0010 23.4964
v  21.5949 0.0000 23.2998
v  21.5949 0.0010 23.2998
v  21.3184 0.0000 23.1254
v  21.3184 0.0010 23.1254
v  21.0207 0.0000 22.9707
v  21.0207 0.0010 22.9707
v  20.7018 0.0000 22.8358
v  20.7018 0.0010 22.8358
v  20.3616 0.0000 22.7206
v  20.3616 0.0010 22.7206
v  20.0001 0.0000 22.6252
v  20.0001 0.0010 22.6252
v  19.6174 0.0000 22.5496
v  19.6174 0.0010 22.5496
v  19.3161 0.0000 22.5028
v  19.3161 0.0010 22.5028
v  18.9729 0.0000 22.4645
v  18.9729 0.0010 22.4645
v  18.5878 0.0000 22.4348
v  18.5878 0.0010 22.4348
v  18.1608 0.0000 22.4135
v  18.1608 0.0010 22.4135
v  17.6918 0.0000 22.4007
v  17.6918 0.0010 22.4007
v  17.1810 0.0000 22.3965
v  17.1810 0.0010 22.3965
v  11.1396 0.0000 22.3965
v  11.1396 0.0010 22.3965
v  13.2646 0.0010 30.0215
v  13.2646 0.0000 30.0215
v  13.2646 0.0000 24.2965
v  13.2646 0.0010 24.2965
v  17.3638 0.0000 24.2965
v  17.3638 0.0010 24.2965
v  17.8196 0.0000 24.3004
v  17.8196 0.0010 24.3004
v  18.2250 0.0000 24.3123
v  18.2250 0.0010 24.3123
v  18.5799 0.0000 24.3320
v  18.5799 0.0010 24.3320
v  18.8845 0.0000 24.3597
v  18.8845 0.0010 24.3597
v  19.1386 0.0000 24.3952
v  19.1386 0.0010 24.3952
v  19.3424 0.0000 24.4387
v  19.3424 0.0010 24.4387
v  19.6103 0.0000 24.5286
v  19.6103 0.0010 24.5286
v  19.8604 0.0000 24.6456
v  19.8604 0.0010 24.6456
v  20.0925 0.0000 24.7895
v  20.0925 0.0010 24.7895
v  20.3068 0.0000 24.9605
v  20.3068 0.0010 24.9605
v  20.5030 0.0000 25.1586
v  20.5030 0.0010 25.1586
v  20.6814 0.0000 25.3836
v  20.6814 0.0010 25.3836
v  20.8367 0.0000 25.6302
v  20.8367 0.0010 25.6302
v  20.9637 0.0000 25.8928
v  20.9637 0.0010 25.8928
v  21.0626 0.0000 26.1716
v  21.0626 0.0010 26.1716
v  21.1331 0.0000 26.4664
v  21.1331 0.0010 26.4664
v  21.1755 0.0000 26.7773
v  21.1755 0.0010 26.7773
v  21.1896 0.0000 27.1043
v  21.1896 0.0010 27.1043
v  21.1656 0.0000 27.5495
v  21.1656 0.0010 27.5495
v  21.0937 0.0000 27.9601
v  21.0937 0.0010 27.9601
v  20.9737 0.0000 28.3361
v  20.9737 0.0010 28.3361
v  20.8058 0.0000 28.6776
v  20.8058 0.0010 28.6776
v  20.5900 0.0000 28.9844
v  20.5900 0.0010 28.9844
v  20.3261 0.0000 29.2566
v  20.3261 0.0010 29.2566
v  20.0052 0.0000 29.4903
v  20.0052 0.0010 29.4903
v  19.6181 0.0000 29.6815
v  19.6181 0.0010 29.6815
v  19.1648 0.0000 29.8303
v  19.1648 0.0010 29.8303
v  18.6452 0.0000 29.9365
v  18.6452 0.0010 29.9365
v  18.0595 0.0000 30.0002
v  18.0595 0.0010 30.0002
v  17.4076 0.0000 30.0215
v  17.4076 0.0010 30.0215
v  11.1396 3.0010 22.3965
v  11.1396 3.0010 38.4215
v  13.2646 3.0010 30.0215
v  13.2646 3.0010 24.2965
v  17.1810 3.0010 22.3965
v  17.3638 3.0010 24.2965
v  17.6918 3.0010 22.4007
v  17.8196 3.0010 24.3004
v  18.1608 3.0010 22.4135
v  18.2250 3.0010 24.3123
v  18.5878 3.0010 22.4348
v  18.5799 3.0010 24.3320
v  18.9729 3.0010 22.4645
v  18.8845 3.0010 24.3597
v  19.3161 3.0010 22.5028
v  19.1386 3.0010 24.3952
v  19.6174 3.0010 22.5496
v  19.3424 3.0010 24.4387
v  20.0001 3.0010 22.6252
v  19.6103 3.0010 24.5286
v  20.3616 3.0010 22.7206
v  13.2646 3.0010 38.4215
v  13.2646 3.0010 31.9215
v  17.4076 3.0010 30.0215
v  17.3701 3.0010 31.9215
v  18.4438 3.0010 31.8821
v  18.0595 3.0010 30.0002
v  18.6452 3.0010 29.9365
v  19.4010 3.0010 31.7639
v  19.1648 3.0010 29.8303
v  20.2417 3.0010 31.5670
v  19.6181 3.0010 29.6815
v  20.9660 3.0010 31.2914
v  20.0052 3.0010 29.4903
v  21.5738 3.0010 30.9369
v  20.3261 3.0010 29.2566
v  22.0652 3.0010 30.5037
v  20.5900 3.0010 28.9844
v  22.4622 3.0010 30.0136
v  20.8058 3.0010 28.6776
v  22.7871 3.0010 29.4886
v  20.9737 3.0010 28.3361
v  23.0398 3.0010 28.9286
v  21.0937 3.0010 27.9601
v  23.2202 3.0010 28.3336
v  23.3285 3.0010 27.7036
v  21.1656 3.0010 27.5495
v  23.3646 3.0010 27.0387
v  21.1896 3.0010 27.1043
v  23.3511 3.0010 26.6464
v  21.1755 3.0010 26.7773
v  23.3106 3.0010 26.2650
v  21.1331 3.0010 26.4664
v  23.2431 3.0010 25.8946
v  21.0626 3.0010 26.1716
v  23.1486 3.0010 25.5351
v  23.0270 3.0010 25.1866
v  20.9637 3.0010 25.8928
v  22.8785 3.0010 24.8490
v  20.8367 3.0010 25.6302
v  22.7078 3.0010 24.5292
v  22.5198 3.0010 24.2341
v  20.6814 3.0010 25.3836
v  22.3145 3.0010 23.9636
v  20.5030 3.0010 25.1586
v  22.0919 3.0010 23.7177
v  21.8521 3.0010 23.4964
v  20.3068 3.0010 24.9605
v  21.5949 3.0010 23.2998
v  21.3184 3.0010 23.1254
v  20.0925 3.0010 24.7895
v  21.0207 3.0010 22.9707
v  19.8604 3.0010 24.6456
v  20.7018 3.0010 22.8358
v  25.7646 0.0010 38.4215
v  25.7646 0.0000 38.4215
v  27.7396 0.0000 38.4215
v  27.7396 0.0010 38.4215
v  27.7396 0.0000 22.3965
v  27.7396 0.0010 22.3965
v  25.7646 0.0000 22.3965
v  25.7646 0.0010 22.3965
v  27.7396 3.0010 22.3965
v  25.7646 3.0010 22.3965
v  25.7646 3.0010 38.4215
v  27.7396 3.0010 38.4215
v  38.3896 0.0010 36.9715
v  38.3896 0.0000 36.9715
v  38.4255 0.0000 37.2423
v  38.4255 0.0010 37.2423
v  38.4736 0.0000 37.5015
v  38.4736 0.0010 37.5015
v  38.5341 0.0000 37.7490
v  38.5341 0.0010 37.7490
v  38.6070 0.0000 37.9848
v  38.6070 0.0010 37.9848
v  38.6921 0.0000 38.2090
v  38.6921 0.0010 38.2090
v  38.7896 0.0000 38.4215
v  38.7896 0.0010 38.4215
v  40.8146 0.0000 38.4215
v  40.8146 0.0010 38.4215
v  40.7019 0.0000 38.1954
v  40.7019 0.0010 38.1954
v  40.6024 0.0000 37.9660
v  40.6024 0.0010 37.9660
v  40.5160 0.0000 37.7332
v  40.5160 0.0010 37.7332
v  40.4427 0.0000 37.4970
v  40.4427 0.0010 37.4970
v  40.3826 0.0000 37.2574
v  40.3826 0.0010 37.2574
v  40.3357 0.0000 37.0144
v  40.3357 0.0010 37.0144
v  40.2987 0.0000 36.7141
v  40.2987 0.0010 36.7141
v  40.2684 0.0000 36.3026
v  40.2684 0.0010 36.3026
v  40.2449 0.0000 35.7797
v  40.2449 0.0010 35.7797
v  40.2281 0.0000 35.1455
v  40.2281 0.0010 35.1455
v  40.2180 0.0000 34.4001
v  40.2180 0.0010 34.4001
v  40.2146 0.0000 33.5434
v  40.2146 0.0010 33.5434
v  40.2146 0.0000 30.9262
v  40.2146 0.0010 30.9262
v  40.2119 0.0000 30.5124
v  40.2119 0.0010 30.5124
v  40.2037 0.0000 30.1433
v  40.2037 0.0010 30.1433
v  40.1900 0.0000 29.8190
v  40.1900 0.0010 29.8190
v  40.1709 0.0000 29.5395
v  40.1709 0.0010 29.5395
v  40.1463 0.0000 29.3048
v  40.1463 0.0010 29.3048
v  40.1162 0.0000 29.1148
v  40.1162 0.0010 29.1148
v  40.0504 0.0000 28.8530
v  40.0504 0.0010 28.8530
v  39.9700 0.0000 28.6067
v  39.9700 0.0010 28.6067
v  39.8751 0.0000 28.3759
v  39.8751 0.0010 28.3759
v  39.7655 0.0000 28.1605
v  39.7655 0.0010 28.1605
v  39.6413 0.0000 27.9606
v  39.6413 0.0010 27.9606
v  39.5025 0.0000 27.7762
v  39.5025 0.0010 27.7762
v  39.3427 0.0000 27.6045
v  39.3427 0.0010 27.6045
v  39.1556 0.0000 27.4428
v  39.1556 0.0010 27.4428
v  38.9410 0.0000 27.2912
v  38.9410 0.0010 27.2912
v  38.6991 0.0000 27.1495
v  38.6991 0.0010 27.1495
v  38.4298 0.0000 27.0179
v  38.4298 0.0010 27.0179
v  38.1332 0.0000 26.8963
v  38.1332 0.0010 26.8963
v  37.8073 0.0000 26.7894
v  37.8073 0.0010 26.7894
v  37.4504 0.0000 26.7019
v  37.4504 0.0010 26.7019
v  37.0624 0.0000 26.6339
v  37.0624 0.0010 26.6339
v  36.6434 0.0000 26.5853
v  36.6434 0.0010 26.5853
v  36.1934 0.0000 26.5562
v  36.1934 0.0010 26.5562
v  35.7123 0.0000 26.5465
v  35.7123 0.0010 26.5465
v  35.2219 0.0000 26.5579
v  35.2219 0.0010 26.5579
v  34.7517 0.0000 26.5920
v  34.7517 0.0010 26.5920
v  34.3016 0.0000 26.6490
v  34.3016 0.0010 26.6490
v  33.8716 0.0000 26.7287
v  33.8716 0.0010 26.7287
v  33.4616 0.0000 26.8312
v  33.4616 0.0010 26.8312
v  33.0718 0.0000 26.9564
v  33.0718 0.0010 26.9564
v  32.7070 0.0000 27.1028
v  32.7070 0.0010 27.1028
v  32.3720 0.0000 27.2686
v  32.3720 0.0010 27.2686
v  32.0668 0.0000 27.4538
v  32.0668 0.0010 27.4538
v  31.7914 0.0000 27.6585
v  31.7914 0.0010 27.6585
v  31.5458 0.0000 27.8826
v  31.5458 0.0010 27.8826
v  31.3300 0.0000 28.1262
v  31.3300 0.0010 28.1262
v  31.1386 0.0000 28.3926
v  31.1386 0.0010 28.3926
v  30.9661 0.0000 28.6855
v  30.9661 0.0010 28.6855
v  30.8124 0.0000 29.0049
v  30.8124 0.0010 29.0049
v  30.6776 0.0000 29.3506
v  30.6776 0.0010 29.3506
v  30.5617 0.0000 29.7228
v  30.5617 0.0010 29.7228
v  30.4646 0.0000 30.1215
v  30.4646 0.0010 30.1215
v  32.3896 0.0000 30.3715
v  32.3896 0.0010 30.3715
v  32.5058 0.0000 29.9819
v  32.5058 0.0010 29.9819
v  32.6412 0.0000 29.6338
v  32.6412 0.0010 29.6338
v  32.7960 0.0000 29.3272
v  32.7960 0.0010 29.3272
v  32.9701 0.0000 29.0620
v  32.9701 0.0010 29.0620
v  33.1635 0.0000 28.8383
v  33.1635 0.0010 28.8383
v  33.3761 0.0000 28.6560
v  33.3761 0.0010 28.6560
v  33.6188 0.0000 28.5080
v  33.6188 0.0010 28.5080
v  33.9022 0.0000 28.3868
v  33.9022 0.0010 28.3868
v  34.2263 0.0000 28.2926
v  34.2263 0.0010 28.2926
v  34.5911 0.0000 28.2253
v  34.5911 0.0010 28.2253
v  34.9966 0.0000 28.1849
v  34.9966 0.0010 28.1849
v  35.4427 0.0000 28.1715
v  35.4427 0.0010 28.1715
v  35.9220 0.0000 28.1900
v  35.9220 0.0010 28.1900
v  36.3601 0.0000 28.2456
v  36.3601 0.0010 28.2456
v  36.7573 0.0000 28.3382
v  36.7573 0.0010 28.3382
v  37.1134 0.0000 28.4678
v  37.1134 0.0010 28.4678
v  37.4285 0.0000 28.6345
v  37.4285 0.0010 28.6345
v  37.7025 0.0000 28.8383
v  37.7025 0.0010 28.8383
v  37.8743 0.0000 29.0220
v  37.8743 0.0010 29.0220
v  38.0148 0.0000 29.2451
v  38.0148 0.0010 29.2451
v  38.1241 0.0000 29.5078
v  38.1241 0.0010 29.5078
v  38.2022 0.0000 29.8100
v  38.2022 0.0010 29.8100
v  38.2490 0.0000 30.1516
v  38.2490 0.0010 30.1516
v  38.2646 0.0000 30.5328
v  38.2646 0.0010 30.5328
v  38.2537 0.0000 31.0465
v  38.2537 0.0010 31.0465
v  37.8404 0.0000 31.1746
v  37.8404 0.0010 31.1746
v  37.3567 0.0000 31.2966
v  37.3567 0.0010 31.2966
v  36.8026 0.0000 31.4125
v  36.8026 0.0010 31.4125
v  36.1782 0.0000 31.5223
v  36.1782 0.0010 31.5223
v  35.4833 0.0000 31.6261
v  35.4833 0.0010 31.6261
v  34.7181 0.0000 31.7238
v  34.7181 0.0010 31.7238
v  34.3419 0.0000 31.7714
v  34.3419 0.0010 31.7714
v  33.9987 0.0000 31.8196
v  33.9987 0.0010 31.8196
v  33.6885 0.0000 31.8685
v  33.6885 0.0010 31.8685
v  33.4114 0.0000 31.9179
v  33.4114 0.0010 31.9179
v  33.1672 0.0000 31.9680
v  33.1672 0.0010 31.9680
v  32.9560 0.0000 32.0187
v  32.9560 0.0010 32.0187
v  32.6961 0.0000 32.0973
v  32.6961 0.0010 32.0973
v  32.4451 0.0000 32.1874
v  32.4451 0.0010 32.1874
v  32.2030 0.0000 32.2891
v  32.2030 0.0010 32.2891
v  31.9697 0.0000 32.4023
v  31.9697 0.0010 32.4023
v  31.7454 0.0000 32.5270
v  31.7454 0.0010 32.5270
v  31.5299 0.0000 32.6633
v  31.5299 0.0010 32.6633
v  31.3255 0.0000 32.8131
v  31.3255 0.0010 32.8131
v  31.1346 0.0000 32.9783
v  31.1346 0.0010 32.9783
v  30.9572 0.0000 33.1590
v  30.9572 0.0010 33.1590
v  30.7932 0.0000 33.3552
v  30.7932 0.0010 33.3552
v  30.6427 0.0000 33.5668
v  30.6427 0.0010 33.5668
v  30.5056 0.0000 33.7939
v  30.5056 0.0010 33.7939
v  30.3862 0.0000 34.0329
v  30.3862 0.0010 34.0329
v  30.2884 0.0000 34.2800
v  30.2884 0.0010 34.2800
v  30.2124 0.0000 34.5353
v  30.2124 0.0010 34.5353
v  30.1581 0.0000 34.7988
v  30.1581 0.0010 34.7988
v  30.1255 0.0000 35.0705
v  30.1255 0.0010 35.0705
v  30.1146 0.0000 35.3504
v  30.1146 0.0010 35.3504
v  30.1434 0.0000 35.8203
v  30.1434 0.0010 35.8203
v  30.2296 0.0000 36.2615
v  30.2296 0.0010 36.2615
v  30.3734 0.0000 36.6737
v  30.3734 0.0010 36.6737
v  30.5746 0.0000 37.0572
v  30.5746 0.0010 37.0572
v  30.8333 0.0000 37.4117
v  30.8333 0.0010 37.4117
v  31.1496 0.0000 37.7375
v  31.1496 0.0010 37.7375
v  31.5193 0.0000 38.0229
v  31.5193 0.0010 38.0229
v  31.9386 0.0000 38.2564
v  31.9386 0.0010 38.2564
v  32.4074 0.0000 38.4380
v  32.4074 0.0010 38.4380
v  32.9258 0.0000 38.5677
v  32.9258 0.0010 38.5677
v  33.4937 0.0000 38.6455
v  33.4937 0.0010 38.6455
v  34.1111 0.0000 38.6715
v  34.1111 0.0010 38.6715
v  34.4960 0.0000 38.6608
v  34.4960 0.0010 38.6608
v  34.8727 0.0000 38.6288
v  34.8727 0.0010 38.6288
v  35.2411 0.0000 38.5755
v  35.2411 0.0010 38.5755
v  35.6012 0.0000 38.5009
v  35.6012 0.0010 38.5009
v  35.9531 0.0000 38.4050
v  35.9531 0.0010 38.4050
v  36.2966 0.0000 38.2877
v  36.2966 0.0010 38.2877
v  36.6377 0.0000 38.1445
v  36.6377 0.0010 38.1445
v  36.9818 0.0000 37.9709
v  36.9818 0.0010 37.9709
v  37.3291 0.0000 37.7667
v  37.3291 0.0010 37.7667
v  37.6795 0.0000 37.5321
v  37.6795 0.0010 37.5321
v  38.0330 0.0000 37.2670
v  38.0330 0.0010 37.2670
v  38.2146 0.0010 32.5965
v  38.2146 0.0000 32.5965
v  38.2537 0.0000 33.3137
v  38.2537 0.0010 33.3137
v  38.2448 0.0000 33.7272
v  38.2448 0.0010 33.7272
v  38.2181 0.0000 34.1056
v  38.2181 0.0010 34.1056
v  38.1736 0.0000 34.4491
v  38.1736 0.0010 34.4491
v  38.1113 0.0000 34.7576
v  38.1113 0.0010 34.7576
v  38.0312 0.0000 35.0311
v  38.0312 0.0010 35.0311
v  37.9334 0.0000 35.2695
v  37.9334 0.0010 35.2695
v  37.7803 0.0000 35.5456
v  37.7803 0.0010 35.5456
v  37.6009 0.0000 35.8015
v  37.6009 0.0010 35.8015
v  37.3951 0.0000 36.0374
v  37.3951 0.0010 36.0374
v  37.1630 0.0000 36.2532
v  37.1630 0.0010 36.2532
v  36.9044 0.0000 36.4489
v  36.9044 0.0010 36.4489
v  36.6195 0.0000 36.6246
v  36.6195 0.0010 36.6246
v  36.3143 0.0000 36.7764
v  36.3143 0.0010 36.7764
v  35.9951 0.0000 36.9006
v  35.9951 0.0010 36.9006
v  35.6617 0.0000 36.9973
v  35.6617 0.0010 36.9973
v  35.3143 0.0000 37.0663
v  35.3143 0.0010 37.0663
v  34.9527 0.0000 37.1077
v  34.9527 0.0010 37.1077
v  34.5771 0.0000 37.1215
v  34.5771 0.0010 37.1215
v  34.2063 0.0000 37.1070
v  34.2063 0.0010 37.1070
v  33.8664 0.0000 37.0635
v  33.8664 0.0010 37.0635
v  33.5574 0.0000 36.9910
v  33.5574 0.0010 36.9910
v  33.2795 0.0000 36.8894
v  33.2795 0.0010 36.8894
v  33.0324 0.0000 36.7589
v  33.0324 0.0010 36.7589
v  32.8164 0.0000 36.5994
v  32.8164 0.0010 36.5994
v  32.6325 0.0000 36.4181
v  32.6325 0.0010 36.4181
v  32.4821 0.0000 36.2223
v  32.4821 0.0010 36.2223
v  32.3651 0.0000 36.0121
v  32.3651 0.0010 36.0121
v  32.2815 0.0000 35.7873
v  32.2815 0.0010 35.7873
v  32.2313 0.0000 35.5479
v  32.2313 0.0010 35.5479
v  32.2146 0.0000 35.2941
v  32.2146 0.0010 35.2941
v  32.2222 0.0000 35.1263
v  32.2222 0.0010 35.1263
v  32.2451 0.0000 34.9635
v  32.2451 0.0010 34.9635
v  32.2832 0.0000 34.8060
v  32.2832 0.0010 34.8060
v  32.3365 0.0000 34.6535
v  32.3365 0.0010 34.6535
v  32.4050 0.0000 34.5062
v  32.4050 0.0010 34.5062
v  32.4888 0.0000 34.3641
v  32.4888 0.0010 34.3641
v  32.5866 0.0000 34.2301
v  32.5866 0.0010 34.2301
v  32.6972 0.0000 34.1072
v  32.6972 0.0010 34.1072
v  32.8206 0.0000 33.9956
v  32.8206 0.0010 33.9956
v  32.9568 0.0000 33.8951
v  32.9568 0.0010 33.8951
v  33.1058 0.0000 33.8058
v  33.1058 0.0010 33.8058
v  33.2675 0.0000 33.7277
v  33.2675 0.0010 33.7277
v  33.4555 0.0000 33.6564
v  33.4555 0.0010 33.6564
v  33.6831 0.0000 33.5875
v  33.6831 0.0010 33.5875
v  33.9503 0.0000 33.5211
v  33.9503 0.0010 33.5211
v  34.2571 0.0000 33.4571
v  34.2571 0.0010 33.4571
v  34.6036 0.0000 33.3955
v  34.6036 0.0010 33.3955
v  34.9896 0.0000 33.3363
v  34.9896 0.0010 33.3363
v  35.6764 0.0000 33.2311
v  35.6764 0.0010 33.2311
v  36.3035 0.0000 33.1187
v  36.3035 0.0010 33.1187
v  36.8709 0.0000 32.9990
v  36.8709 0.0010 32.9990
v  37.3785 0.0000 32.8721
v  37.3785 0.0010 32.8721
v  37.8264 0.0000 32.7379
v  37.8264 0.0010 32.7379
v  38.3896 3.0010 36.9715
v  38.2537 3.0010 33.3137
v  38.2448 3.0010 33.7272
v  38.2181 3.0010 34.1056
v  38.1736 3.0010 34.4491
v  38.1113 3.0010 34.7576
v  38.0312 3.0010 35.0311
v  37.9334 3.0010 35.2695
v  37.7803 3.0010 35.5456
v  37.6009 3.0010 35.8015
v  38.7896 3.0010 38.4215
v  40.8146 3.0010 38.4215
v  40.7019 3.0010 38.1954
v  40.6024 3.0010 37.9660
v  37.3951 3.0010 36.0374
v  38.0330 3.0010 37.2670
v  37.1630 3.0010 36.2532
v  30.5617 3.0010 29.7228
v  30.4646 3.0010 30.1215
v  32.3896 3.0010 30.3715
v  40.5160 3.0010 37.7332
v  37.6795 3.0010 37.5321
v  36.9044 3.0010 36.4489
v  32.5058 3.0010 29.9819
v  30.6776 3.0010 29.3506
v  30.8124 3.0010 29.0049
v  32.6412 3.0010 29.6338
v  30.9661 3.0010 28.6855
v  32.7960 3.0010 29.3272
v  31.1386 3.0010 28.3926
v  31.3300 3.0010 28.1262
v  32.9701 3.0010 29.0620
v  31.5458 3.0010 27.8826
v  31.7914 3.0010 27.6585
v  33.1635 3.0010 28.8383
v  32.0668 3.0010 27.4538
v  32.3720 3.0010 27.2686
v  33.3761 3.0010 28.6560
v  32.7070 3.0010 27.1028
v  33.6188 3.0010 28.5080
v  33.0718 3.0010 26.9564
v  33.9022 3.0010 28.3868
v  33.4616 3.0010 26.8312
v  37.3291 3.0010 37.7667
v  36.6195 3.0010 36.6246
v  33.8716 3.0010 26.7287
v  34.2263 3.0010 28.2926
v  34.3016 3.0010 26.6490
v  34.5911 3.0010 28.2253
v  34.7517 3.0010 26.5920
v  34.9966 3.0010 28.1849
v  35.2219 3.0010 26.5579
v  35.4427 3.0010 28.1715
v  35.7123 3.0010 26.5465
v  35.9220 3.0010 28.1900
v  36.1934 3.0010 26.5562
v  36.3601 3.0010 28.2456
v  36.6434 3.0010 26.5853
v  36.9818 3.0010 37.9709
v  36.3143 3.0010 36.7764
v  36.6377 3.0010 38.1445
v  35.9951 3.0010 36.9006
v  36.2966 3.0010 38.2877
v  35.6617 3.0010 36.9973
v  35.9531 3.0010 38.4050
v  35.3143 3.0010 37.0663
v  35.6012 3.0010 38.5009
v  35.2411 3.0010 38.5755
v  34.9527 3.0010 37.1077
v  34.8727 3.0010 38.6288
v  34.5771 3.0010 37.1215
v  34.4960 3.0010 38.6608
v  34.2063 3.0010 37.1070
v  34.1111 3.0010 38.6715
v  33.4937 3.0010 38.6455
v  33.8664 3.0010 37.0635
v  33.5574 3.0010 36.9910
v  32.9258 3.0010 38.5677
v  33.2795 3.0010 36.8894
v  32.4074 3.0010 38.4380
v  33.0324 3.0010 36.7589
v  31.9386 3.0010 38.2564
v  32.8164 3.0010 36.5994
v  31.5193 3.0010 38.0229
v  32.6325 3.0010 36.4181
v  31.1496 3.0010 37.7375
v  30.8333 3.0010 37.4117
v  32.4821 3.0010 36.2223
v  30.5746 3.0010 37.0572
v  32.3651 3.0010 36.0121
v  30.3734 3.0010 36.6737
v  32.2815 3.0010 35.7873
v  30.2296 3.0010 36.2615
v  30.1434 3.0010 35.8203
v  32.2313 3.0010 35.5479
v  30.1146 3.0010 35.3504
v  32.2146 3.0010 35.2941
v  30.1255 3.0010 35.0705
v  32.2222 3.0010 35.1263
v  30.1581 3.0010 34.7988
v  30.2124 3.0010 34.5353
v  32.2451 3.0010 34.9635
v  30.2884 3.0010 34.2800
v  32.2832 3.0010 34.8060
v  30.3862 3.0010 34.0329
v  30.5056 3.0010 33.7939
v  32.3365 3.0010 34.6535
v  30.6427 3.0010 33.5668
v  32.4050 3.0010 34.5062
v  30.7932 3.0010 33.3552
v  32.4888 3.0010 34.3641
v  30.9572 3.0010 33.1590
v  31.1346 3.0010 32.9783
v  32.5866 3.0010 34.2301
v  31.3255 3.0010 32.8131
v  32.6972 3.0010 34.1072
v  31.5299 3.0010 32.6633
v  31.7454 3.0010 32.5270
v  32.8206 3.0010 33.9956
v  31.9697 3.0010 32.4023
v  32.9568 3.0010 33.8951
v  32.2030 3.0010 32.2891
v  33.1058 3.0010 33.8058
v  32.4451 3.0010 32.1874
v  33.2675 3.0010 33.7277
v  32.6961 3.0010 32.0973
v  32.9560 3.0010 32.0187
v  33.4555 3.0010 33.6564
v  33.1672 3.0010 31.9680
v  33.6831 3.0010 33.5875
v  33.4114 3.0010 31.9179
v  33.9503 3.0010 33.5211
v  33.6885 3.0010 31.8685
v  34.2571 3.0010 33.4571
v  33.9987 3.0010 31.8196
v  34.6036 3.0010 33.3955
v  34.3419 3.0010 31.7714
v  34.7181 3.0010 31.7238
v  34.9896 3.0010 33.3363
v  35.4833 3.0010 31.6261
v  35.6764 3.0010 33.2311
v  36.3035 3.0010 33.1187
v  36.1782 3.0010 31.5223
v  36.8709 3.0010 32.9990
v  36.8026 3.0010 31.4125
v  37.3785 3.0010 32.8721
v  37.3567 3.0010 31.2966
v  37.8264 3.0010 32.7379
v  37.8404 3.0010 31.1746
v  38.2146 3.0010 32.5965
v  38.2537 3.0010 31.0465
v  38.6921 3.0010 38.2090
v  40.4427 3.0010 37.4970
v  38.6070 3.0010 37.9848
v  40.3826 3.0010 37.2574
v  38.5341 3.0010 37.7490
v  38.4736 3.0010 37.5015
v  40.3357 3.0010 37.0144
v  38.4255 3.0010 37.2423
v  40.2987 3.0010 36.7141
v  40.2684 3.0010 36.3026
v  40.2449 3.0010 35.7797
v  40.2281 3.0010 35.1455
v  40.2180 3.0010 34.4001
v  40.2146 3.0010 33.5434
v  40.2146 3.0010 30.9262
v  38.2646 3.0010 30.5328
v  40.2119 3.0010 30.5124
v  40.2037 3.0010 30.1433
v  38.2490 3.0010 30.1516
v  40.1900 3.0010 29.8190
v  38.2022 3.0010 29.8100
v  40.1709 3.0010 29.5395
v  40.1463 3.0010 29.3048
v  38.1241 3.0010 29.5078
v  40.1162 3.0010 29.1148
v  40.0504 3.0010 28.8530
v  39.9700 3.0010 28.6067
v  38.0148 3.0010 29.2451
v  39.8751 3.0010 28.3759
v  39.7655 3.0010 28.1605
v  39.6413 3.0010 27.9606
v  37.8743 3.0010 29.0220
v  39.5025 3.0010 27.7762
v  39.3427 3.0010 27.6045
v  39.1556 3.0010 27.4428
v  37.7025 3.0010 28.8383
v  38.9410 3.0010 27.2912
v  38.6991 3.0010 27.1495
v  37.4285 3.0010 28.6345
v  38.4298 3.0010 27.0179
v  38.1332 3.0010 26.8963
v  37.1134 3.0010 28.4678
v  37.8073 3.0010 26.7894
v  37.4504 3.0010 26.7019
v  36.7573 3.0010 28.3382
v  37.0624 3.0010 26.6339
v  43.1646 0.0010 42.8828
v  43.1646 0.0000 42.8828
v  43.3943 0.0000 42.9557
v  43.3943 0.0010 42.9557
v  43.6167 0.0000 43.0154
v  43.6167 0.0010 43.0154
v  43.8318 0.0000 43.0618
v  43.8318 0.0010 43.0618
v  44.0396 0.0000 43.0950
v  44.0396 0.0010 43.0950
v  44.2401 0.0000 43.1148
v  44.2401 0.0010 43.1148
v  44.4334 0.0000 43.1215
v  44.4334 0.0010 43.1215
v  44.7396 0.0000 43.1089
v  44.7396 0.0010 43.1089
v  45.0313 0.0000 43.0713
v  45.0313 0.0010 43.0713
v  45.3083 0.0000 43.0085
v  45.3083 0.0010 43.0085
v  45.5708 0.0000 42.9207
v  45.5708 0.0010 42.9207
v  45.8186 0.0000 42.8078
v  45.8186 0.0010 42.8078
v  46.0519 0.0000 42.6697
v  46.0519 0.0010 42.6697
v  46.2736 0.0000 42.5048
v  46.2736 0.0010 42.5048
v  46.4869 0.0000 42.3111
v  46.4869 0.0010 42.3111
v  46.6916 0.0000 42.0886
v  46.6916 0.0010 42.0886
v  46.8879 0.0000 41.8374
v  46.8879 0.0010 41.8374
v  47.0756 0.0000 41.5575
v  47.0756 0.0010 41.5575
v  47.2548 0.0000 41.2488
v  47.2548 0.0010 41.2488
v  47.3949 0.0000 40.9764
v  47.3949 0.0010 40.9764
v  47.5526 0.0000 40.6381
v  47.5526 0.0010 40.6381
v  47.7279 0.0000 40.2338
v  47.7279 0.0010 40.2338
v  47.9208 0.0000 39.7636
v  47.9208 0.0010 39.7636
v  48.1314 0.0000 39.2274
v  48.1314 0.0010 39.2274
v  48.3595 0.0000 38.6254
v  48.3595 0.0010 38.6254
v  52.7552 0.0000 26.7965
v  52.7552 0.0010 26.7965
v  50.7896 0.0000 26.7965
v  50.7896 0.0010 26.7965
v  48.3130 0.0000 33.5832
v  48.3130 0.0010 33.5832
v  48.1598 0.0000 34.0134
v  48.1598 0.0010 34.0134
v  48.0135 0.0000 34.4447
v  48.0135 0.0010 34.4447
v  47.8742 0.0000 34.8772
v  47.8742 0.0010 34.8772
v  47.7419 0.0000 35.3110
v  47.7419 0.0010 35.3110
v  47.6165 0.0000 35.7459
v  47.6165 0.0010 35.7459
v  47.4982 0.0000 36.1820
v  47.4982 0.0010 36.1820
v  47.3710 0.0000 35.7169
v  47.3710 0.0010 35.7169
v  47.2383 0.0000 35.2591
v  47.2383 0.0010 35.2591
v  47.1001 0.0000 34.8085
v  47.1001 0.0010 34.8085
v  46.9564 0.0000 34.3652
v  46.9564 0.0010 34.3652
v  46.8072 0.0000 33.9291
v  46.8072 0.0010 33.9291
v  46.6525 0.0000 33.5004
v  46.6525 0.0010 33.5004
v  44.2256 0.0000 26.7965
v  44.2256 0.0010 26.7965
v  42.1146 0.0000 26.7965
v  42.1146 0.0010 26.7965
v  46.5396 0.0000 38.4414
v  46.5396 0.0010 38.4414
v  46.3646 0.0000 38.9230
v  46.3646 0.0010 38.9230
v  46.2323 0.0000 39.2891
v  46.2323 0.0010 39.2891
v  46.1128 0.0000 39.6065
v  46.1128 0.0010 39.6065
v  46.0061 0.0000 39.8753
v  46.0061 0.0010 39.8753
v  45.9122 0.0000 40.0954
v  45.9122 0.0010 40.0954
v  45.8310 0.0000 40.2670
v  45.8310 0.0010 40.2670
v  45.7627 0.0000 40.3898
v  45.7627 0.0010 40.3898
v  45.6749 0.0000 40.5162
v  45.6749 0.0010 40.5162
v  45.5791 0.0000 40.6329
v  45.5791 0.0010 40.6329
v  45.4755 0.0000 40.7399
v  45.4755 0.0010 40.7399
v  45.3640 0.0000 40.8371
v  45.3640 0.0010 40.8371
v  45.2445 0.0000 40.9247
v  45.2445 0.0010 40.9247
v  45.1172 0.0000 41.0025
v  45.1172 0.0010 41.0025
v  44.9785 0.0000 41.0694
v  44.9785 0.0010 41.0694
v  44.8253 0.0000 41.1242
v  44.8253 0.0010 41.1242
v  44.6575 0.0000 41.1667
v  44.6575 0.0010 41.1667
v  44.4751 0.0000 41.1972
v  44.4751 0.0010 41.1972
v  44.2781 0.0000 41.2154
v  44.2781 0.0010 41.2154
v  44.0666 0.0000 41.2215
v  44.0666 0.0010 41.2215
v  43.9016 0.0000 41.2166
v  43.9016 0.0010 41.2166
v  43.7275 0.0000 41.2021
v  43.7275 0.0010 41.2021
v  43.5442 0.0000 41.1778
v  43.5442 0.0010 41.1778
v  43.3518 0.0000 41.1439
v  43.3518 0.0010 41.1439
v  43.1503 0.0000 41.1002
v  43.1503 0.0010 41.1002
v  42.9396 0.0000 41.0469
v  42.9396 0.0010 41.0469
v  43.1503 3.0010 41.1002
v  42.9396 3.0010 41.0469
v  43.1646 3.0010 42.8828
v  44.2256 3.0010 26.7965
v  42.1146 3.0010 26.7965
v  46.5396 3.0010 38.4414
v  46.6525 3.0010 33.5004
v  46.8072 3.0010 33.9291
v  46.9564 3.0010 34.3652
v  47.1001 3.0010 34.8085
v  47.2383 3.0010 35.2591
v  47.3710 3.0010 35.7169
v  47.4982 3.0010 36.1820
v  48.3595 3.0010 38.6254
v  52.7552 3.0010 26.7965
v  50.7896 3.0010 26.7965
v  48.3130 3.0010 33.5832
v  48.1598 3.0010 34.0134
v  48.0135 3.0010 34.4447
v  47.8742 3.0010 34.8772
v  47.7419 3.0010 35.3110
v  47.6165 3.0010 35.7459
v  48.1314 3.0010 39.2274
v  43.3518 3.0010 41.1439
v  46.3646 3.0010 38.9230
v  47.9208 3.0010 39.7636
v  46.2323 3.0010 39.2891
v  47.7279 3.0010 40.2338
v  46.1128 3.0010 39.6065
v  43.5442 3.0010 41.1778
v  47.5526 3.0010 40.6381
v  46.0061 3.0010 39.8753
v  45.9122 3.0010 40.0954
v  47.3949 3.0010 40.9764
v  45.8310 3.0010 40.2670
v  47.2548 3.0010 41.2488
v  45.7627 3.0010 40.3898
v  47.0756 3.0010 41.5575
v  45.6749 3.0010 40.5162
v  45.5791 3.0010 40.6329
v  46.8879 3.0010 41.8374
v  45.4755 3.0010 40.7399
v  46.6916 3.0010 42.0886
v  45.3640 3.0010 40.8371
v  46.4869 3.0010 42.3111
v  45.2445 3.0010 40.9247
v  46.2736 3.0010 42.5048
v  45.1172 3.0010 41.0025
v  46.0519 3.0010 42.6697
v  45.8186 3.0010 42.8078
v  44.9785 3.0010 41.0694
v  45.5708 3.0010 42.9207
v  44.8253 3.0010 41.1242
v  45.3083 3.0010 43.0085
v  45.0313 3.0010 43.0713
v  44.6575 3.0010 41.1667
v  44.7396 3.0010 43.1089
v  44.4751 3.0010 41.1972
v  44.4334 3.0010 43.1215
v  44.2781 3.0010 41.2154
v  44.2401 3.0010 43.1148
v  44.0396 3.0010 43.0950
v  44.0666 3.0010 41.2215
v  43.8318 3.0010 43.0618
v  43.9016 3.0010 41.2166
v  43.6167 3.0010 43.0154
v  43.3943 3.0010 42.9557
v  43.7275 3.0010 41.2021
v  62.3927 0.0010 34.6715
v  62.3927 0.0000 34.6715
v  62.2343 0.0000 35.0667
v  62.2343 0.0010 35.0667
v  62.0583 0.0000 35.4243
v  62.0583 0.0010 35.4243
v  61.8646 0.0000 35.7445
v  61.8646 0.0010 35.7445
v  61.6532 0.0000 36.0271
v  61.6532 0.0010 36.0271
v  61.4243 0.0000 36.2723
v  61.4243 0.0010 36.2723
v  61.1777 0.0000 36.4799
v  61.1777 0.0010 36.4799
v  60.9135 0.0000 36.6530
v  60.9135 0.0010 36.6530
v  60.6316 0.0000 36.7947
v  60.6316 0.0010 36.7947
v  60.3321 0.0000 36.9048
v  60.3321 0.0010 36.9048
v  60.0150 0.0000 36.9835
v  60.0150 0.0010 36.9835
v  59.6803 0.0000 37.0307
v  59.6803 0.0010 37.0307
v  59.3279 0.0000 37.0465
v  59.3279 0.0010 37.0465
v  58.8561 0.0000 37.0184
v  58.8561 0.0010 37.0184
v  58.4111 0.0000 36.9341
v  58.4111 0.0010 36.9341
v  57.9927 0.0000 36.7937
v  57.9927 0.0010 36.7937
v  57.6012 0.0000 36.5971
v  57.6012 0.0010 36.5971
v  57.2363 0.0000 36.3443
v  57.2363 0.0010 36.3443
v  56.8982 0.0000 36.0353
v  56.8982 0.0010 36.0353
v  56.5975 0.0000 35.6735
v  56.5975 0.0010 35.6735
v  56.3448 0.0000 35.2622
v  56.3448 0.0010 35.2622
v  56.1402 0.0000 34.8013
v  56.1402 0.0010 34.8013
v  55.9836 0.0000 34.2909
v  55.9836 0.0010 34.2909
v  55.8751 0.0000 33.7310
v  55.8751 0.0010 33.7310
v  55.8146 0.0000 33.1215
v  55.8146 0.0010 33.1215
v  64.4787 0.0000 33.1215
v  64.4787 0.0010 33.1215
v  64.4896 0.0000 32.5965
v  64.4896 0.0010 32.5965
v  64.4486 0.0000 31.6732
v  64.4486 0.0010 31.6732
v  64.3257 0.0000 30.8217
v  64.3257 0.0010 30.8217
v  64.1208 0.0000 30.0419
v  64.1208 0.0010 30.0419
v  63.8339 0.0000 29.3338
v  63.8339 0.0010 29.3338
v  63.4650 0.0000 28.6974
v  63.4650 0.0010 28.6974
v  63.0142 0.0000 28.1328
v  63.0142 0.0010 28.1328
v  62.4987 0.0000 27.6481
v  62.4987 0.0010 27.6481
v  61.9359 0.0000 27.2515
v  61.9359 0.0010 27.2515
v  61.3256 0.0000 26.9431
v  61.3256 0.0010 26.9431
v  60.6680 0.0000 26.7227
v  60.6680 0.0010 26.7227
v  59.9631 0.0000 26.5905
v  59.9631 0.0010 26.5905
v  59.2107 0.0000 26.5465
v  59.2107 0.0010 26.5465
v  58.4340 0.0000 26.5914
v  58.4340 0.0010 26.5914
v  57.7072 0.0000 26.7261
v  57.7072 0.0010 26.7261
v  57.0301 0.0000 26.9506
v  57.0301 0.0010 26.9506
v  56.4029 0.0000 27.2650
v  56.4029 0.0010 27.2650
v  55.8255 0.0000 27.6691
v  55.8255 0.0010 27.6691
v  55.2978 0.0000 28.1631
v  55.2978 0.0010 28.1631
v  54.8370 0.0000 28.7384
v  54.8370 0.0010 28.7384
v  54.4599 0.0000 29.3865
v  54.4599 0.0010 29.3865
v  54.1667 0.0000 30.1075
v  54.1667 0.0010 30.1075
v  53.9572 0.0000 30.9013
v  53.9572 0.0010 30.9013
v  53.8315 0.0000 31.7679
v  53.8315 0.0010 31.7679
v  53.7896 0.0000 32.7074
v  53.7896 0.0010 32.7074
v  53.8310 0.0000 33.6153
v  53.8310 0.0010 33.6153
v  53.9554 0.0000 34.4532
v  53.9554 0.0010 34.4532
v  54.1626 0.0000 35.2210
v  54.1626 0.0010 35.2210
v  54.4526 0.0000 35.9187
v  54.4526 0.0010 35.9187
v  54.8256 0.0000 36.5463
v  54.8256 0.0010 36.5463
v  55.2814 0.0000 37.1039
v  55.2814 0.0010 37.1039
v  55.8080 0.0000 37.5829
v  55.8080 0.0010 37.5829
v  56.3932 0.0000 37.9748
v  56.3932 0.0010 37.9748
v  57.0370 0.0000 38.2796
v  57.0370 0.0010 38.2796
v  57.7394 0.0000 38.4973
v  57.7394 0.0010 38.4973
v  58.5004 0.0000 38.6279
v  58.5004 0.0010 38.6279
v  59.3201 0.0000 38.6715
v  59.3201 0.0010 38.6715
v  59.9740 0.0000 38.6441
v  59.9740 0.0010 38.6441
v  60.5879 0.0000 38.5621
v  60.5879 0.0010 38.5621
v  61.1616 0.0000 38.4255
v  61.1616 0.0010 38.4255
v  61.6953 0.0000 38.2342
v  61.6953 0.0010 38.2342
v  62.1890 0.0000 37.9882
v  62.1890 0.0010 37.9882
v  62.6425 0.0000 37.6875
v  62.6425 0.0010 37.6875
v  63.0533 0.0000 37.3373
v  63.0533 0.0010 37.3373
v  63.4185 0.0000 36.9428
v  63.4185 0.0010 36.9428
v  63.7382 0.0000 36.5040
v  63.7382 0.0010 36.5040
v  64.0123 0.0000 36.0208
v  64.0123 0.0010 36.0208
v  64.2409 0.0000 35.4933
v  64.2409 0.0010 35.4933
v  64.4240 0.0000 34.9215
v  64.4240 0.0010 34.9215
v  55.9146 0.0010 31.4965
v  55.9146 0.0000 31.4965
v  55.9705 0.0000 31.0084
v  55.9705 0.0010 31.0084
v  56.0724 0.0000 30.5541
v  56.0724 0.0010 30.5541
v  56.2203 0.0000 30.1338
v  56.2203 0.0010 30.1338
v  56.4141 0.0000 29.7474
v  56.4141 0.0010 29.7474
v  56.6539 0.0000 29.3949
v  56.6539 0.0010 29.3949
v  56.9396 0.0000 29.0764
v  56.9396 0.0010 29.0764
v  57.2604 0.0000 28.7999
v  57.2604 0.0010 28.7999
v  57.6052 0.0000 28.5736
v  57.6052 0.0010 28.5736
v  57.9740 0.0000 28.3977
v  57.9740 0.0010 28.3977
v  58.3669 0.0000 28.2720
v  58.3669 0.0010 28.2720
v  58.7838 0.0000 28.1966
v  58.7838 0.0010 28.1966
v  59.2248 0.0000 28.1715
v  59.2248 0.0010 28.1715
v  59.7099 0.0000 28.2030
v  59.7099 0.0010 28.2030
v  60.1639 0.0000 28.2974
v  60.1639 0.0010 28.2974
v  60.5869 0.0000 28.4549
v  60.5869 0.0010 28.4549
v  60.9788 0.0000 28.6753
v  60.9788 0.0010 28.6753
v  61.3396 0.0000 28.9587
v  61.3396 0.0010 28.9587
v  61.6693 0.0000 29.3051
v  61.6693 0.0010 29.3051
v  61.8605 0.0000 29.5689
v  61.8605 0.0010 29.5689
v  62.0249 0.0000 29.8732
v  62.0249 0.0010 29.8732
v  62.1625 0.0000 30.2182
v  62.1625 0.0010 30.2182
v  62.2733 0.0000 30.6037
v  62.2733 0.0010 30.6037
v  62.3573 0.0000 31.0298
v  62.3573 0.0010 31.0298
v  62.4146 0.0000 31.4965
v  62.4146 0.0010 31.4965
v  64.2409 3.0010 35.4933
v  64.4240 3.0010 34.9215
v  62.3927 3.0010 34.6715
v  55.9146 3.0010 31.4965
v  55.8146 3.0010 33.1215
v  64.4787 3.0010 33.1215
v  62.4146 3.0010 31.4965
v  64.4896 3.0010 32.5965
v  64.4486 3.0010 31.6732
v  64.3257 3.0010 30.8217
v  62.3573 3.0010 31.0298
v  64.1208 3.0010 30.0419
v  62.2733 3.0010 30.6037
v  63.8339 3.0010 29.3338
v  62.1625 3.0010 30.2182
v  62.0249 3.0010 29.8732
v  63.4650 3.0010 28.6974
v  61.8605 3.0010 29.5689
v  63.0142 3.0010 28.1328
v  61.6693 3.0010 29.3051
v  62.4987 3.0010 27.6481
v  61.3396 3.0010 28.9587
v  61.9359 3.0010 27.2515
v  60.9788 3.0010 28.6753
v  61.3256 3.0010 26.9431
v  60.5869 3.0010 28.4549
v  60.6680 3.0010 26.7227
v  60.1639 3.0010 28.2974
v  59.9631 3.0010 26.5905
v  59.7099 3.0010 28.2030
v  59.2107 3.0010 26.5465
v  59.2248 3.0010 28.1715
v  58.4340 3.0010 26.5914
v  58.7838 3.0010 28.1966
v  62.2343 3.0010 35.0667
v  64.0123 3.0010 36.0208
v  58.3669 3.0010 28.2720
v  57.7072 3.0010 26.7261
v  57.9740 3.0010 28.3977
v  57.0301 3.0010 26.9506
v  57.6052 3.0010 28.5736
v  56.4029 3.0010 27.2650
v  57.2604 3.0010 28.7999
v  55.8255 3.0010 27.6691
v  56.9396 3.0010 29.0764
v  55.2978 3.0010 28.1631
v  56.6539 3.0010 29.3949
v  54.8370 3.0010 28.7384
v  56.4141 3.0010 29.7474
v  54.4599 3.0010 29.3865
v  56.2203 3.0010 30.1338
v  62.0583 3.0010 35.4243
v  63.7382 3.0010 36.5040
v  63.4185 3.0010 36.9428
v  61.8646 3.0010 35.7445
v  63.0533 3.0010 37.3373
v  61.6532 3.0010 36.0271
v  62.6425 3.0010 37.6875
v  61.4243 3.0010 36.2723
v  62.1890 3.0010 37.9882
v  61.1777 3.0010 36.4799
v  61.6953 3.0010 38.2342
v  60.9135 3.0010 36.6530
v  61.1616 3.0010 38.4255
v  60.6316 3.0010 36.7947
v  60.5879 3.0010 38.5621
v  60.3321 3.0010 36.9048
v  60.0150 3.0010 36.9835
v  59.9740 3.0010 38.6441
v  59.6803 3.0010 37.0307
v  59.3201 3.0010 38.6715
v  59.3279 3.0010 37.0465
v  58.5004 3.0010 38.6279
v  58.8561 3.0010 37.0184
v  58.4111 3.0010 36.9341
v  57.7394 3.0010 38.4973
v  57.9927 3.0010 36.7937
v  57.0370 3.0010 38.2796
v  57.6012 3.0010 36.5971
v  56.3932 3.0010 37.9748
v  57.2363 3.0010 36.3443
v  55.8080 3.0010 37.5829
v  56.8982 3.0010 36.0353
v  55.2814 3.0010 37.1039
v  56.5975 3.0010 35.6735
v  54.8256 3.0010 36.5463
v  56.3448 3.0010 35.2622
v  54.4526 3.0010 35.9187
v  56.1402 3.0010 34.8013
v  54.1626 3.0010 35.2210
v  55.9836 3.0010 34.2909
v  53.9554 3.0010 34.4532
v  55.8751 3.0010 33.7310
v  53.8310 3.0010 33.6153
v  53.7896 3.0010 32.7074
v  53.8315 3.0010 31.7679
v  53.9572 3.0010 30.9013
v  55.9705 3.0010 31.0084
v  54.1667 3.0010 30.1075
v  56.0724 3.0010 30.5541
v  66.8646 0.0010 38.4215
v  66.8646 0.0000 38.4215
v  68.8396 0.0000 38.4215
v  68.8396 0.0010 38.4215
v  68.8396 0.0000 32.3363
v  68.8396 0.0010 32.3363
v  68.8487 0.0000 31.9259
v  68.8487 0.0010 31.9259
v  68.8760 0.0000 31.5264
v  68.8760 0.0010 31.5264
v  68.9214 0.0000 31.1379
v  68.9214 0.0010 31.1379
v  68.9851 0.0000 30.7603
v  68.9851 0.0010 30.7603
v  69.0669 0.0000 30.3936
v  69.0669 0.0010 30.3936
v  69.1670 0.0000 30.0379
v  69.1670 0.0010 30.0379
v  69.2477 0.0000 29.8164
v  69.2477 0.0010 29.8164
v  69.3445 0.0000 29.6117
v  69.3445 0.0010 29.6117
v  69.4575 0.0000 29.4237
v  69.4575 0.0010 29.4237
v  69.5867 0.0000 29.2524
v  69.5867 0.0010 29.2524
v  69.7319 0.0000 29.0978
v  69.7319 0.0010 29.0978
v  69.8933 0.0000 28.9600
v  69.8933 0.0010 28.9600
v  70.0664 0.0000 28.8413
v  70.0664 0.0010 28.8413
v  70.2466 0.0000 28.7441
v  70.2466 0.0010 28.7441
v  70.4341 0.0000 28.6686
v  70.4341 0.0010 28.6686
v  70.6287 0.0000 28.6146
v  70.6287 0.0010 28.6146
v  70.8306 0.0000 28.5823
v  70.8306 0.0010 28.5823
v  71.0396 0.0000 28.5715
v  71.0396 0.0010 28.5715
v  71.2776 0.0000 28.5829
v  71.2776 0.0010 28.5829
v  71.5156 0.0000 28.6173
v  71.5156 0.0010 28.6173
v  71.7536 0.0000 28.6745
v  71.7536 0.0010 28.6745
v  71.9915 0.0000 28.7546
v  71.9915 0.0010 28.7546
v  72.2294 0.0000 28.8577
v  72.2294 0.0010 28.8577
v  72.4673 0.0000 28.9836
v  72.4673 0.0010 28.9836
v  73.1646 0.0000 27.1691
v  73.1646 0.0010 27.1691
v  72.8239 0.0000 26.9789
v  72.8239 0.0010 26.9789
v  72.4849 0.0000 26.8232
v  72.4849 0.0010 26.8232
v  72.1478 0.0000 26.7021
v  72.1478 0.0010 26.7021
v  71.8125 0.0000 26.6157
v  71.8125 0.0010 26.6157
v  71.4791 0.0000 26.5638
v  71.4791 0.0010 26.5638
v  71.1474 0.0000 26.5465
v  71.1474 0.0010 26.5465
v  70.9217 0.0000 26.5574
v  70.9217 0.0010 26.5574
v  70.7023 0.0000 26.5900
v  70.7023 0.0010 26.5900
v  70.4893 0.0000 26.6445
v  70.4893 0.0010 26.6445
v  70.2826 0.0000 26.7207
v  70.2826 0.0010 26.7207
v  70.0822 0.0000 26.8187
v  70.0822 0.0010 26.8187
v  69.8882 0.0000 26.9385
v  69.8882 0.0010 26.9385
v  69.6945 0.0000 27.0924
v  69.6945 0.0010 27.0924
v  69.4951 0.0000 27.2929
v  69.4951 0.0010 27.2929
v  69.2898 0.0000 27.5400
v  69.2898 0.0010 27.5400
v  69.0789 0.0000 27.8336
v  69.0789 0.0010 27.8336
v  68.8621 0.0000 28.1738
v  68.8621 0.0010 28.1738
v  68.6396 0.0000 28.5605
v  68.6396 0.0010 28.5605
v  68.6396 0.0000 26.7965
v  68.6396 0.0010 26.7965
v  66.8646 0.0000 26.7965
v  66.8646 0.0010 26.7965
v  72.2294 3.0010 28.8577
v  72.4673 3.0010 28.9836
v  73.1646 3.0010 27.1691
v  68.6396 3.0010 26.7965
v  66.8646 3.0010 26.7965
v  66.8646 3.0010 38.4215
v  68.6396 3.0010 28.5605
v  68.8396 3.0010 38.4215
v  68.8396 3.0010 32.3363
v  68.8487 3.0010 31.9259
v  68.8760 3.0010 31.5264
v  68.9214 3.0010 31.1379
v  68.9851 3.0010 30.7603
v  69.0669 3.0010 30.3936
v  69.1670 3.0010 30.0379
v  69.2477 3.0010 29.8164
v  69.3445 3.0010 29.6117
v  69.4575 3.0010 29.4237
v  69.5867 3.0010 29.2524
v  72.8239 3.0010 26.9789
v  71.9915 3.0010 28.7546
v  72.4849 3.0010 26.8232
v  71.7536 3.0010 28.6745
v  72.1478 3.0010 26.7021
v  71.5156 3.0010 28.6173
v  71.8125 3.0010 26.6157
v  71.2776 3.0010 28.5829
v  71.4791 3.0010 26.5638
v  71.1474 3.0010 26.5465
v  71.0396 3.0010 28.5715
v  70.9217 3.0010 26.5574
v  70.7023 3.0010 26.5900
v  70.8306 3.0010 28.5823
v  70.4893 3.0010 26.6445
v  70.2826 3.0010 26.7207
v  70.0822 3.0010 26.8187
v  70.6287 3.0010 28.6146
v  69.8882 3.0010 26.9385
v  69.6945 3.0010 27.0924
v  70.4341 3.0010 28.6686
v  69.4951 3.0010 27.2929
v  69.2898 3.0010 27.5400
v  70.2466 3.0010 28.7441
v  69.0789 3.0010 27.8336
v  70.0664 3.0010 28.8413
v  68.8621 3.0010 28.1738
v  69.8933 3.0010 28.9600
v  69.7319 3.0010 29.0978
v  91.6396 0.0010 36.5215
v  91.6396 0.0000 36.5215
v  83.7607 0.0000 36.5215
v  83.7607 0.0010 36.5215
v  83.8753 0.0000 36.3430
v  83.8753 0.0010 36.3430
v  83.9997 0.0000 36.1648
v  83.9997 0.0010 36.1648
v  84.1339 0.0000 35.9870
v  84.1339 0.0010 35.9870
v  84.2778 0.0000 35.8094
v  84.2778 0.0010 35.8094
v  84.4315 0.0000 35.6322
v  84.4315 0.0010 35.6322
v  84.5949 0.0000 35.4553
v  84.5949 0.0010 35.4553
v  84.7985 0.0000 35.2519
v  84.7985 0.0010 35.2519
v  85.0727 0.0000 34.9954
v  85.0727 0.0010 34.9954
v  85.4176 0.0000 34.6858
v  85.4176 0.0010 34.6858
v  85.8331 0.0000 34.3230
v  85.8331 0.0010 34.3230
v  86.3192 0.0000 33.9070
v  86.3192 0.0010 33.9070
v  86.8759 0.0000 33.4379
v  86.8759 0.0010 33.4379
v  87.5494 0.0000 32.8614
v  87.5494 0.0010 32.8614
v  88.1559 0.0000 32.3274
v  88.1559 0.0010 32.3274
v  88.6954 0.0000 31.8360
v  88.6954 0.0010 31.8360
v  89.1678 0.0000 31.3872
v  89.1678 0.0010 31.3872
v  89.5731 0.0000 30.9809
v  89.5731 0.0010 30.9809
v  89.9115 0.0000 30.6172
v  89.9115 0.0010 30.6172
v  90.2018 0.0000 30.2775
v  90.2018 0.0010 30.2775
v  90.4633 0.0000 29.9432
v  90.4633 0.0010 29.9432
v  90.6959 0.0000 29.6144
v  90.6959 0.0010 29.6144
v  90.8996 0.0000 29.2911
v  90.8996 0.0010 29.2911
v  91.0744 0.0000 28.9732
v  91.0744 0.0010 28.9732
v  91.2203 0.0000 28.6607
v  91.2203 0.0010 28.6607
v  91.3408 0.0000 28.3501
v  91.3408 0.0010 28.3501
v  91.4393 0.0000 28.0377
v  91.4393 0.0010 28.0377
v  91.5160 0.0000 27.7235
v  91.5160 0.0010 27.7235
v  91.5708 0.0000 27.4074
v  91.5708 0.0010 27.4074
v  91.6036 0.0000 27.0896
v  91.6036 0.0010 27.0896
v  91.6146 0.0000 26.7699
v  91.6146 0.0010 26.7699
v  91.5772 0.0000 26.1566
v  91.5772 0.0010 26.1566
v  91.4648 0.0000 25.5773
v  91.4648 0.0010 25.5773
v  91.2776 0.0000 25.0320
v  91.2776 0.0010 25.0320
v  91.0155 0.0000 24.5207
v  91.0155 0.0010 24.5207
v  90.6785 0.0000 24.0434
v  90.6785 0.0010 24.0434
v  90.2665 0.0000 23.6002
v  90.2665 0.0010 23.6002
v  89.7904 0.0000 23.2095
v  89.7904 0.0010 23.2095
v  89.2607 0.0000 22.8898
v  89.2607 0.0010 22.8898
v  88.6775 0.0000 22.6412
v  88.6775 0.0010 22.6412
v  88.0407 0.0000 22.4636
v  88.0407 0.0010 22.4636
v  87.3503 0.0000 22.3570
v  87.3503 0.0010 22.3570
v  86.6064 0.0000 22.3215
v  86.6064 0.0010 22.3215
v  85.8687 0.0000 22.3544
v  85.8687 0.0010 22.3544
v  85.1828 0.0000 22.4530
v  85.1828 0.0010 22.4530
v  84.5487 0.0000 22.6174
v  84.5487 0.0010 22.6174
v  83.9663 0.0000 22.8475
v  83.9663 0.0010 22.8475
v  83.4357 0.0000 23.1434
v  83.4357 0.0010 23.1434
v  82.9568 0.0000 23.5051
v  82.9568 0.0010 23.5051
v  82.5358 0.0000 23.9294
v  82.5358 0.0010 23.9294
v  82.1787 0.0000 24.4135
v  82.1787 0.0010 24.4135
v  81.8855 0.0000 24.9572
v  81.8855 0.0010 24.9572
v  81.6563 0.0000 25.5606
v  81.6563 0.0010 25.5606
v  81.4910 0.0000 26.2237
v  81.4910 0.0010 26.2237
v  81.3896 0.0000 26.9465
v  81.3896 0.0010 26.9465
v  83.4146 0.0000 27.1465
v  83.4146 0.0010 27.1465
v  83.4417 0.0000 26.6640
v  83.4417 0.0010 26.6640
v  83.5157 0.0000 26.2177
v  83.5157 0.0010 26.2177
v  83.6367 0.0000 25.8078
v  83.6367 0.0010 25.8078
v  83.8045 0.0000 25.4341
v  83.8045 0.0010 25.4341
v  84.0193 0.0000 25.0966
v  84.0193 0.0010 25.0966
v  84.2810 0.0000 24.7955
v  84.2810 0.0010 24.7955
v  84.5820 0.0000 24.5361
v  84.5820 0.0010 24.5361
v  84.9147 0.0000 24.3238
v  84.9147 0.0010 24.3238
v  85.2791 0.0000 24.1587
v  85.2791 0.0010 24.1587
v  85.6751 0.0000 24.0408
v  85.6751 0.0010 24.0408
v  86.1028 0.0000 23.9701
v  86.1028 0.0010 23.9701
v  86.5623 0.0000 23.9465
v  86.5623 0.0010 23.9465
v  86.9978 0.0000 23.9688
v  86.9978 0.0010 23.9688
v  87.4051 0.0000 24.0358
v  87.4051 0.0010 24.0358
v  87.7839 0.0000 24.1475
v  87.7839 0.0010 24.1475
v  88.1345 0.0000 24.3038
v  88.1345 0.0010 24.3038
v  88.4567 0.0000 24.5047
v  88.4567 0.0010 24.5047
v  88.7505 0.0000 24.7504
v  88.7505 0.0010 24.7504
v  89.0069 0.0000 25.0285
v  89.0069 0.0010 25.0285
v  89.2167 0.0000 25.3270
v  89.2167 0.0010 25.3270
v  89.3798 0.0000 25.6459
v  89.3798 0.0010 25.6459
v  89.4964 0.0000 25.9851
v  89.4964 0.0010 25.9851
v  89.5663 0.0000 26.3447
v  89.5663 0.0010 26.3447
v  89.5896 0.0000 26.7246
v  89.5896 0.0010 26.7246
v  89.5640 0.0000 27.1022
v  89.5640 0.0010 27.1022
v  89.4873 0.0000 27.4870
v  89.4873 0.0010 27.4870
v  89.3594 0.0000 27.8791
v  89.3594 0.0010 27.8791
v  89.1804 0.0000 28.2784
v  89.1804 0.0010 28.2784
v  88.9502 0.0000 28.6850
v  88.9502 0.0010 28.6850
v  88.6689 0.0000 29.0988
v  88.6689 0.0010 29.0988
v  88.3149 0.0000 29.5411
v  88.3149 0.0010 29.5411
v  87.8666 0.0000 30.0332
v  87.8666 0.0010 30.0332
v  87.3242 0.0000 30.5751
v  87.3242 0.0010 30.5751
v  86.6875 0.0000 31.1667
v  86.6875 0.0010 31.1667
v  85.9565 0.0000 31.8081
v  85.9565 0.0010 31.8081
v  85.1314 0.0000 32.4992
v  85.1314 0.0010 32.4992
v  84.5913 0.0000 32.9471
v  84.5913 0.0010 32.9471
v  84.0952 0.0000 33.3770
v  84.0952 0.0010 33.3770
v  83.6428 0.0000 33.7892
v  83.6428 0.0010 33.7892
v  83.2343 0.0000 34.1834
v  83.2343 0.0010 34.1834
v  82.8697 0.0000 34.5598
v  82.8697 0.0010 34.5598
v  82.5490 0.0000 34.9184
v  82.5490 0.0010 34.9184
v  82.2637 0.0000 35.2690
v  82.2637 0.0010 35.2690
v  82.0057 0.0000 35.6216
v  82.0057 0.0010 35.6216
v  81.7749 0.0000 35.9762
v  81.7749 0.0010 35.9762
v  81.5712 0.0000 36.3328
v  81.5712 0.0010 36.3328
v  81.3947 0.0000 36.6914
v  81.3947 0.0010 36.6914
v  81.2455 0.0000 37.0519
v  81.2455 0.0010 37.0519
v  81.1688 0.0000 37.2726
v  81.1688 0.0010 37.2726
v  81.1075 0.0000 37.4963
v  81.1075 0.0010 37.4963
v  81.0614 0.0000 37.7230
v  81.0614 0.0010 37.7230
v  81.0305 0.0000 37.9528
v  81.0305 0.0010 37.9528
v  81.0149 0.0000 38.1856
v  81.0149 0.0010 38.1856
v  81.0146 0.0000 38.4215
v  81.0146 0.0010 38.4215
v  91.6396 0.0000 38.4215
v  91.6396 0.0010 38.4215
v  81.3896 3.0010 26.9465
v  83.4146 3.0010 27.1465
v  83.4417 3.0010 26.6640
v  81.4910 3.0010 26.2237
v  83.5157 3.0010 26.2177
v  81.6563 3.0010 25.5606
v  83.6367 3.0010 25.8078
v  81.8855 3.0010 24.9572
v  82.1787 3.0010 24.4135
v  83.8045 3.0010 25.4341
v  82.5358 3.0010 23.9294
v  84.0193 3.0010 25.0966
v  82.9568 3.0010 23.5051
v  84.2810 3.0010 24.7955
v  83.4357 3.0010 23.1434
v  84.5820 3.0010 24.5361
v  83.9663 3.0010 22.8475
v  84.9147 3.0010 24.3238
v  84.5487 3.0010 22.6174
v  85.2791 3.0010 24.1587
v  85.1828 3.0010 22.4530
v  85.6751 3.0010 24.0408
v  85.8687 3.0010 22.3544
v  86.1028 3.0010 23.9701
v  86.6064 3.0010 22.3215
v  86.5623 3.0010 23.9465
v  87.3503 3.0010 22.3570
v  86.9978 3.0010 23.9688
v  87.4051 3.0010 24.0358
v  88.0407 3.0010 22.4636
v  87.7839 3.0010 24.1475
v  88.6775 3.0010 22.6412
v  88.1345 3.0010 24.3038
v  89.2607 3.0010 22.8898
v  88.4567 3.0010 24.5047
v  89.7904 3.0010 23.2095
v  88.7505 3.0010 24.7504
v  90.2665 3.0010 23.6002
v  89.0069 3.0010 25.0285
v  90.6785 3.0010 24.0434
v  89.2167 3.0010 25.3270
v  91.0155 3.0010 24.5207
v  89.3798 3.0010 25.6459
v  91.2776 3.0010 25.0320
v  89.4964 3.0010 25.9851
v  91.4648 3.0010 25.5773
v  91.5772 3.0010 26.1566
v  89.5663 3.0010 26.3447
v  91.6146 3.0010 26.7699
v  89.5896 3.0010 26.7246
v  91.6036 3.0010 27.0896
v  89.5640 3.0010 27.1022
v  91.5708 3.0010 27.4074
v  91.5160 3.0010 27.7235
v  89.4873 3.0010 27.4870
v  91.4393 3.0010 28.0377
v  91.3408 3.0010 28.3501
v  89.3594 3.0010 27.8791
v  91.2203 3.0010 28.6607
v  91.0744 3.0010 28.9732
v  89.1804 3.0010 28.2784
v  90.8996 3.0010 29.2911
v  90.6959 3.0010 29.6144
v  88.9502 3.0010 28.6850
v  90.4633 3.0010 29.9432
v  88.6689 3.0010 29.0988
v  90.2018 3.0010 30.2775
v  89.9115 3.0010 30.6172
v  88.3149 3.0010 29.5411
v  89.5731 3.0010 30.9809
v  87.8666 3.0010 30.0332
v  89.1678 3.0010 31.3872
v  87.3242 3.0010 30.5751
v  88.6954 3.0010 31.8360
v  88.1559 3.0010 32.3274
v  86.6875 3.0010 31.1667
v  87.5494 3.0010 32.8614
v  85.9565 3.0010 31.8081
v  86.8759 3.0010 33.4379
v  85.1314 3.0010 32.4992
v  86.3192 3.0010 33.9070
v  81.0149 3.0010 38.1856
v  81.0146 3.0010 38.4215
v  91.6396 3.0010 38.4215
v  81.0305 3.0010 37.9528
v  81.0614 3.0010 37.7230
v  81.1075 3.0010 37.4963
v  81.1688 3.0010 37.2726
v  81.2455 3.0010 37.0519
v  81.3947 3.0010 36.6914
v  81.5712 3.0010 36.3328
v  91.6396 3.0010 36.5215
v  83.7607 3.0010 36.5215
v  81.7749 3.0010 35.9762
v  82.0057 3.0010 35.6216
v  82.2637 3.0010 35.2690
v  83.8753 3.0010 36.3430
v  82.5490 3.0010 34.9184
v  83.9997 3.0010 36.1648
v  84.1339 3.0010 35.9870
v  82.8697 3.0010 34.5598
v  84.2778 3.0010 35.8094
v  83.2343 3.0010 34.1834
v  84.4315 3.0010 35.6322
v  84.5949 3.0010 35.4553
v  83.6428 3.0010 33.7892
v  84.7985 3.0010 35.2519
v  85.0727 3.0010 34.9954
v  84.0952 3.0010 33.3770
v  85.4176 3.0010 34.6858
v  84.5913 3.0010 32.9471
v  85.8331 3.0010 34.3230
v  102.8396 0.0010 34.4465
v  102.8396 0.0000 34.4465
v  104.0896 0.0000 34.4465
v  104.0896 0.0010 34.4465
v  104.6646 0.0000 25.9504
v  104.6646 0.0010 25.9504
v  104.6646 0.0000 22.3965
v  104.6646 0.0010 22.3965
v  102.2396 0.0000 22.3965
v  102.2396 0.0010 22.3965
v  102.2396 0.0000 25.9504
v  102.2396 0.0010 25.9504
v  102.3146 0.0010 38.4215
v  102.3146 0.0000 38.4215
v  104.5646 0.0000 38.4215
v  104.5646 0.0010 38.4215
v  104.5646 0.0000 36.1715
v  104.5646 0.0010 36.1715
v  102.3146 0.0000 36.1715
v  102.3146 0.0010 36.1715
v  104.6646 3.0010 22.3965
v  102.2396 3.0010 22.3965
v  102.2396 3.0010 25.9504
v  104.6646 3.0010 25.9504
v  102.8396 3.0010 34.4465
v  104.0896 3.0010 34.4465
v  104.5646 3.0010 36.1715
v  102.3146 3.0010 36.1715
v  102.3146 3.0010 38.4215
v  104.5646 3.0010 38.4215
v  109.0646 0.0010 34.4465
v  109.0646 0.0000 34.4465
v  110.3146 0.0000 34.4465
v  110.3146 0.0010 34.4465
v  110.8896 0.0000 25.9504
v  110.8896 0.0010 25.9504
v  110.8896 0.0000 22.3965
v  110.8896 0.0010 22.3965
v  108.4646 0.0000 22.3965
v  108.4646 0.0010 22.3965
v  108.4646 0.0000 25.9504
v  108.4646 0.0010 25.9504
v  108.5396 0.0010 38.4215
v  108.5396 0.0000 38.4215
v  110.7896 0.0000 38.4215
v  110.7896 0.0010 38.4215
v  110.7896 0.0000 36.1715
v  110.7896 0.0010 36.1715
v  108.5396 0.0000 36.1715
v  108.5396 0.0010 36.1715
v  110.8896 3.0010 22.3965
v  108.4646 3.0010 22.3965
v  108.4646 3.0010 25.9504
v  110.8896 3.0010 25.9504
v  109.0646 3.0010 34.4465
v  110.3146 3.0010 34.4465
v  110.7896 3.0010 36.1715
v  108.5396 3.0010 36.1715
v  108.5396 3.0010 38.4215
v  110.7896 3.0010 38.4215
# 2829 vertices

vn 0.0000 0.0000 1.0000
vn 0.9639 0.0000 0.2661
vn 0.9678 0.0000 0.2517
vn -0.9641 0.0000 0.2656
vn -0.9641 0.0000 0.2654
vn 0.9649 0.0000 0.2625
vn 0.0000 0.0000 -1.0000
vn -0.9719 0.0000 -0.2356
vn -0.9740 0.0000 -0.2265
vn 0.9871 0.0000 -0.1604
vn 0.9851 0.0000 -0.1719
vn 0.9810 0.0000 -0.1942
vn 0.9766 0.0000 -0.2153
vn 0.9720 0.0000 -0.2352
vn 0.9672 0.0000 -0.2540
vn 0.9648 0.0000 -0.2631
vn 0.9624 0.0000 -0.2718
vn -0.9627 0.0000 -0.2706
vn -0.9706 0.0000 -0.2405
vn 0.9789 0.0000 -0.2042
vn 0.9747 0.0000 -0.2233
vn -0.9672 0.0000 0.2540
vn 0.0000 1.0000 -0.0000
vn 0.0000 -1.0000 -0.0000
vn 1.0000 0.0000 -0.0000
vn -1.0000 0.0000 -0.0000
vn 0.9994 0.0000 0.0358
vn 0.9969 0.0000 0.0782
vn 0.9849 0.0000 0.1733
vn 0.9567 0.0000 0.2910
vn 0.9015 0.0000 0.4329
vn 0.8053 0.0000 0.5929
vn 0.6805 0.0000 0.7327
vn 0.5667 0.0000 0.8239
vn 0.4614 0.0000 0.8872
vn 0.3469 0.0000 0.9379
vn 0.2285 0.0000 0.9735
vn 0.1117 0.0000 0.9937
vn 0.0079 0.0000 1.0000
vn -0.0796 0.0000 0.9968
vn -0.1639 0.0000 0.9865
vn -0.2525 0.0000 0.9676
vn -0.3433 0.0000 0.9392
vn -0.4338 0.0000 0.9010
vn -0.5206 0.0000 0.8538
vn -0.6038 0.0000 0.7971
vn -0.6848 0.0000 0.7288
vn -0.7614 0.0000 0.6483
vn -0.8302 0.0000 0.5575
vn -0.8881 0.0000 0.4596
vn -0.9334 0.0000 0.3590
vn -0.9640 0.0000 0.2660
vn -0.9819 0.0000 0.1893
vn -0.9918 0.0000 0.1274
vn -0.9970 0.0000 0.0770
vn -0.9994 0.0000 0.0354
vn -0.9999 0.0000 0.0165
vn 1.0000 0.0000 -0.0070
vn 0.9999 0.0000 -0.0152
vn 0.9994 0.0000 -0.0338
vn 0.9983 0.0000 -0.0578
vn 0.9960 0.0000 -0.0897
vn 0.9909 0.0000 -0.1342
vn 0.9871 0.0000 -0.1603
vn 0.9727 0.0000 -0.2322
vn 0.9649 0.0000 -0.2626
vn 0.9460 0.0000 -0.3242
vn 0.9218 0.0000 -0.3878
vn 0.8918 0.0000 -0.4524
vn 0.8559 0.0000 -0.5171
vn 0.8096 0.0000 -0.5870
vn 0.7475 0.0000 -0.6643
vn 0.6756 0.0000 -0.7373
vn 0.6021 0.0000 -0.7984
vn 0.5297 0.0000 -0.8482
vn 0.4604 0.0000 -0.8877
vn 0.3940 0.0000 -0.9191
vn 0.3276 0.0000 -0.9448
vn 0.2599 0.0000 -0.9656
vn 0.1924 0.0000 -0.9813
vn 0.1261 0.0000 -0.9920
vn 0.0619 0.0000 -0.9981
vn -0.0189 0.0000 -0.9998
vn -0.1434 0.0000 -0.9897
vn -0.2989 0.0000 -0.9543
vn -0.4583 0.0000 -0.8888
vn -0.6070 0.0000 -0.7947
vn -0.7323 0.0000 -0.6809
vn -0.7856 0.0000 -0.6188
vn 0.4613 0.0000 0.8872
vn -0.6847 0.0000 0.7288
vn -0.9333 0.0000 0.3590
vn 0.9994 0.0000 -0.0339
vn 0.9909 0.0000 -0.1343
vn -0.9282 0.0000 -0.3721
vn -0.9134 0.0000 -0.4072
vn -0.8772 0.0000 -0.4801
vn -0.8292 0.0000 -0.5589
vn -0.7670 0.0000 -0.6416
vn -0.6887 0.0000 -0.7251
vn -0.5971 0.0000 -0.8021
vn -0.4994 0.0000 -0.8664
vn -0.3978 0.0000 -0.9175
vn -0.2935 0.0000 -0.9560
vn -0.1905 0.0000 -0.9817
vn -0.0923 0.0000 -0.9957
vn 0.0074 0.0000 -1.0000
vn 0.1230 0.0000 -0.9924
vn 0.2527 0.0000 -0.9675
vn 0.3844 0.0000 -0.9231
vn 0.5104 0.0000 -0.8600
vn 0.6234 0.0000 -0.7819
vn 0.7235 0.0000 -0.6903
vn 0.8126 0.0000 -0.5828
vn 0.8850 0.0000 -0.4656
vn 0.9367 0.0000 -0.3502
vn 0.9702 0.0000 -0.2421
vn 0.9895 0.0000 -0.1447
vn 0.9951 0.0000 -0.0988
vn 0.9998 0.0000 0.0208
vn 0.9999 0.0000 -0.0118
vn 0.9956 0.0000 -0.0937
vn 0.9800 0.0000 -0.1988
vn 0.9800 0.0000 -0.1989
vn 0.9489 0.0000 -0.3155
vn 0.8982 0.0000 -0.4396
vn 0.8256 0.0000 -0.5643
vn 0.7351 0.0000 -0.6779
vn 0.6321 0.0000 -0.7749
vn 0.5149 0.0000 -0.8572
vn 0.3854 0.0000 -0.9227
vn 0.2516 0.0000 -0.9678
vn 0.1216 0.0000 -0.9926
vn 0.0004 0.0000 -1.0000
vn -0.1202 0.0000 -0.9927
vn -0.2491 0.0000 -0.9685
vn -0.3824 0.0000 -0.9240
vn -0.5121 0.0000 -0.8589
vn -0.6300 0.0000 -0.7766
vn -0.7338 0.0000 -0.6793
vn -0.8247 0.0000 -0.5656
vn -0.8976 0.0000 -0.4409
vn -0.9486 0.0000 -0.3166
vn -0.9799 0.0000 -0.1997
vn -0.9956 0.0000 -0.0942
vn -1.0000 0.0000 0.0005
vn -0.9954 0.0000 0.0963
vn -0.9790 0.0000 0.2040
vn -0.9464 0.0000 0.3229
vn -0.8938 0.0000 0.4485
vn -0.8192 0.0000 0.5735
vn -0.7255 0.0000 0.6882
vn -0.6163 0.0000 0.7875
vn -0.4935 0.0000 0.8697
vn -0.3629 0.0000 0.9318
vn -0.2331 0.0000 0.9724
vn -0.1113 0.0000 0.9938
vn -0.0057 0.0000 1.0000
vn -0.0056 0.0000 1.0000
vn 0.0872 0.0000 0.9962
vn 0.1823 0.0000 0.9832
vn 0.2850 0.0000 0.9585
vn 0.3924 0.0000 0.9198
vn 0.5002 0.0000 0.8659
vn 0.6017 0.0000 0.7987
vn 0.6925 0.0000 0.7214
vn 0.7724 0.0000 0.6352
vn 0.8404 0.0000 0.5420
vn 0.8949 0.0000 0.4462
vn 0.9361 0.0000 0.3517
vn 0.9524 0.0000 0.3049
vn 0.1222 0.0000 -0.9925
vn 0.9935 0.0000 0.1138
vn 0.9860 0.0000 0.1666
vn 0.9612 0.0000 0.2758
vn 0.9204 0.0000 0.3909
vn 0.8622 0.0000 0.5065
vn 0.7874 0.0000 0.6164
vn 0.7001 0.0000 0.7140
vn 0.6020 0.0000 0.7985
vn 0.4907 0.0000 0.8713
vn 0.3685 0.0000 0.9296
vn 0.2418 0.0000 0.9703
vn 0.1177 0.0000 0.9931
vn -0.0039 0.0000 1.0000
vn -0.1346 0.0000 0.9909
vn -0.2771 0.0000 0.9609
vn -0.4208 0.0000 0.9071
vn -0.5556 0.0000 0.8314
vn -0.6727 0.0000 0.7399
vn -0.7687 0.0000 0.6396
vn -0.8466 0.0000 0.5322
vn -0.9059 0.0000 0.4236
vn -0.9461 0.0000 0.3238
vn -0.9720 0.0000 0.2351
vn -0.9875 0.0000 0.1578
vn -0.9926 0.0000 0.1218
vn 0.9998 0.0000 0.0221
vn 0.9990 0.0000 0.0452
vn 0.9957 0.0000 0.0922
vn 0.9900 0.0000 0.1413
vn 0.9814 0.0000 0.1921
vn 0.9697 0.0000 0.2443
vn 0.9518 0.0000 0.3068
vn 0.9227 0.0000 0.3855
vn 0.8816 0.0000 0.4720
vn 0.8290 0.0000 0.5593
vn 0.7647 0.0000 0.6443
vn 0.6901 0.0000 0.7237
vn 0.6084 0.0000 0.7936
vn 0.5207 0.0000 0.8537
vn 0.4247 0.0000 0.9053
vn 0.3209 0.0000 0.9471
vn 0.2131 0.0000 0.9770
vn 0.1051 0.0000 0.9945
vn 0.0018 0.0000 1.0000
vn -0.0955 0.0000 0.9954
vn -0.1885 0.0000 0.9821
vn -0.2768 0.0000 0.9609
vn -0.3586 0.0000 0.9335
vn -0.4329 0.0000 0.9014
vn -0.4678 0.0000 0.8838
vn 0.9334 0.0000 0.3587
vn 0.4875 0.0000 -0.8731
vn 0.4528 0.0000 -0.8916
vn 0.3780 0.0000 -0.9258
vn 0.2942 0.0000 -0.9557
vn 0.2020 0.0000 -0.9794
vn 0.1031 0.0000 -0.9947
vn 0.0020 0.0000 -1.0000
vn -0.0978 0.0000 -0.9952
vn -0.1977 0.0000 -0.9803
vn -0.2972 0.0000 -0.9548
vn -0.3932 0.0000 -0.9195
vn -0.4829 0.0000 -0.8756
vn -0.5748 0.0000 -0.8183
vn -0.6667 0.0000 -0.7453
vn -0.7398 0.0000 -0.6728
vn -0.7912 0.0000 -0.6116
vn -0.8281 0.0000 -0.5607
vn -0.8553 0.0000 -0.5182
vn -0.8668 0.0000 -0.4987
vn 0.0367 0.0000 0.9993
vn 0.0797 0.0000 0.9968
vn 0.1755 0.0000 0.9845
vn 0.2925 0.0000 0.9563
vn 0.4312 0.0000 0.9023
vn 0.5853 0.0000 0.8108
vn 0.7217 0.0000 0.6922
vn 0.8153 0.0000 0.5790
vn 0.8828 0.0000 0.4697
vn 0.9362 0.0000 0.3515
vn 0.9731 0.0000 0.2303
vn 0.9937 0.0000 0.1120
vn 1.0000 0.0000 0.0099
vn 0.9975 0.0000 -0.0701
vn 0.9898 0.0000 -0.1426
vn 0.9762 0.0000 -0.2170
vn 0.9564 0.0000 -0.2920
vn 0.9305 0.0000 -0.3663
vn 0.8994 0.0000 -0.4371
vn 0.8635 0.0000 -0.5044
vn 0.8207 0.0000 -0.5713
vn 0.7697 0.0000 -0.6384
vn 0.7104 0.0000 -0.7038
vn 0.6434 0.0000 -0.7655
vn 0.5711 0.0000 -0.8209
vn 0.4978 0.0000 -0.8673
vn 0.4256 0.0000 -0.9049
vn 0.3553 0.0000 -0.9347
vn 0.2881 0.0000 -0.9576
vn 0.2246 0.0000 -0.9744
vn 0.1939 0.0000 -0.9810
vn 0.1535 0.0000 -0.9882
vn 0.1322 0.0000 -0.9912
vn 0.0940 0.0000 -0.9956
vn 0.0634 0.0000 -0.9980
vn 0.0385 0.0000 -0.9993
vn 0.0178 0.0000 -0.9998
vn 0.0083 0.0000 -1.0000
vn -0.0087 0.0000 1.0000
vn -0.0189 0.0000 0.9998
vn -0.0424 0.0000 0.9991
vn -0.0730 0.0000 0.9973
vn -0.1145 0.0000 0.9934
vn -0.1737 0.0000 0.9848
vn -0.2086 0.0000 0.9780
vn -0.3182 0.0000 0.9480
vn -0.3715 0.0000 0.9284
vn -0.4762 0.0000 0.8793
vn -0.5765 0.0000 0.8171
vn -0.6682 0.0000 0.7440
vn -0.7481 0.0000 0.6636
vn -0.8161 0.0000 0.5779
vn -0.8746 0.0000 0.4849
vn -0.9228 0.0000 0.3854
vn -0.9589 0.0000 0.2839
vn -0.9829 0.0000 0.1841
vn -0.9960 0.0000 0.0891
vn -1.0000 0.0000 -0.0053
vn -0.9935 0.0000 -0.1134
vn -0.9711 0.0000 -0.2388
vn -0.9276 0.0000 -0.3736
vn -0.8602 0.0000 -0.5099
vn -0.7703 0.0000 -0.6376
vn -0.6558 0.0000 -0.7549
vn -0.5176 0.0000 -0.8556
vn -0.3782 0.0000 -0.9257
vn -0.2564 0.0000 -0.9666
vn -0.1544 0.0000 -0.9880
vn -0.0704 0.0000 -0.9975
vn -0.0326 0.0000 -0.9995
vn -0.9914 0.0000 0.1312
vn -0.9876 0.0000 0.1570
vn -0.9777 0.0000 0.2102
vn -0.9639 0.0000 0.2664
vn -0.9456 0.0000 0.3253
vn -0.9224 0.0000 0.3863
vn -0.9089 0.0000 0.4170
vn 0.8949 0.0000 -0.4462
vn 0.9065 0.0000 -0.4223
vn 0.9278 0.0000 -0.3731
vn 0.9467 0.0000 -0.3222
vn 0.9629 0.0000 -0.2698
vn 0.9763 0.0000 -0.2166
vn 0.9877 0.0000 -0.1561
vn 0.9952 0.0000 -0.0978
vn 0.9982 0.0000 -0.0592
vn 0.9994 0.0000 -0.0358
vn 0.9998 0.0000 -0.0200
vn 1.0000 0.0000 -0.0087
vn 1.0000 0.0000 -0.0039
vn 1.0000 0.0000 -0.0066
vn 0.9999 0.0000 -0.0144
vn 0.9995 0.0000 -0.0322
vn 0.9985 0.0000 -0.0552
vn 0.9963 0.0000 -0.0863
vn 0.9915 0.0000 -0.1304
vn 0.9877 0.0000 -0.1564
vn 0.9699 0.0000 -0.2436
vn 0.9608 0.0000 -0.2771
vn 0.9384 0.0000 -0.3456
vn 0.9088 0.0000 -0.4173
vn 0.8711 0.0000 -0.4910
vn 0.8251 0.0000 -0.5651
vn 0.7666 0.0000 -0.6422
vn 0.6939 0.0000 -0.7201
vn 0.6162 0.0000 -0.7876
vn 0.5417 0.0000 -0.8405
vn 0.4725 0.0000 -0.8813
vn 0.4094 0.0000 -0.9123
vn 0.3457 0.0000 -0.9383
vn 0.2750 0.0000 -0.9614
vn 0.2054 0.0000 -0.9787
vn 0.1440 0.0000 -0.9896
vn 0.0899 0.0000 -0.9959
vn 0.0424 0.0000 -0.9991
vn -0.0015 0.0000 -1.0000
vn -0.0479 0.0000 -0.9989
vn -0.0990 0.0000 -0.9951
vn -0.1539 0.0000 -0.9881
vn -0.2125 0.0000 -0.9772
vn -0.2744 0.0000 -0.9616
vn -0.3394 0.0000 -0.9407
vn -0.4083 0.0000 -0.9129
vn -0.4816 0.0000 -0.8764
vn -0.5583 0.0000 -0.8297
vn -0.6361 0.0000 -0.7716
vn -0.7123 0.0000 -0.7019
vn -0.7814 0.0000 -0.6241
vn -0.8378 0.0000 -0.5460
vn -0.8821 0.0000 -0.4710
vn -0.9171 0.0000 -0.3987
vn -0.9438 0.0000 -0.3305
vn -0.9637 0.0000 -0.2671
vn -0.9716 0.0000 -0.2366
vn -0.1288 0.0000 0.9917
vn 0.9583 0.0000 0.2858
vn 0.9459 0.0000 0.3245
vn 0.9134 0.0000 0.4071
vn 0.8657 0.0000 0.5005
vn 0.7980 0.0000 0.6027
vn 0.7056 0.0000 0.7086
vn 0.5877 0.0000 0.8091
vn 0.4581 0.0000 0.8889
vn 0.3367 0.0000 0.9416
vn 0.2306 0.0000 0.9730
vn 0.1404 0.0000 0.9901
vn 0.0647 0.0000 0.9979
vn -0.0042 0.0000 1.0000
vn -0.0823 0.0000 0.9966
vn -0.1767 0.0000 0.9843
vn -0.2851 0.0000 0.9585
vn -0.4058 0.0000 0.9139
vn -0.5337 0.0000 0.8457
vn -0.6662 0.0000 0.7458
vn -0.7919 0.0000 0.6107
vn -0.8879 0.0000 0.4601
vn -0.9481 0.0000 0.3179
vn -0.9811 0.0000 0.1933
vn -0.9961 0.0000 0.0885
vn -1.0000 0.0000 0.0098
vn -0.9998 0.0000 -0.0213
vn -0.2960 0.0000 -0.9552
vn -0.2704 0.0000 -0.9628
vn -0.2247 0.0000 -0.9744
vn -0.1891 0.0000 -0.9820
vn -0.1605 0.0000 -0.9870
vn -0.1372 0.0000 -0.9905
vn -0.1261 0.0000 -0.9920
vn -0.1323 0.0000 -0.9912
vn -0.1473 0.0000 -0.9891
vn -0.1656 0.0000 -0.9862
vn -0.1884 0.0000 -0.9821
vn -0.2173 0.0000 -0.9761
vn -0.2336 0.0000 -0.9723
vn -0.2894 0.0000 -0.9572
vn -0.3137 0.0000 -0.9495
vn -0.3626 0.0000 -0.9319
vn -0.4120 0.0000 -0.9112
vn -0.4614 0.0000 -0.8872
vn -0.5104 0.0000 -0.8599
vn -0.5632 0.0000 -0.8263
vn -0.6234 0.0000 -0.7819
vn -0.6846 0.0000 -0.7289
vn -0.7410 0.0000 -0.6715
vn -0.7917 0.0000 -0.6109
vn -0.8361 0.0000 -0.5485
vn -0.8760 0.0000 -0.4824
vn -0.9130 0.0000 -0.4079
vn -0.9450 0.0000 -0.3269
vn -0.9698 0.0000 -0.2439
vn -0.9870 0.0000 -0.1606
vn -0.9969 0.0000 -0.0790
vn -0.9999 0.0000 0.0112
vn -0.9919 0.0000 0.1267
vn -0.9653 0.0000 0.2612
vn -0.9174 0.0000 0.3981
vn -0.8489 0.0000 0.5285
vn -0.7645 0.0000 0.6446
vn -0.6660 0.0000 0.7460
vn -0.6659 0.0000 0.7460
vn -0.5503 0.0000 0.8350
vn -0.4249 0.0000 0.9052
vn -0.3026 0.0000 0.9531
vn -0.1896 0.0000 0.9819
vn -0.0890 0.0000 0.9960
vn -0.0072 0.0000 1.0000
vn 0.0562 0.0000 0.9984
vn 0.1140 0.0000 0.9935
vn 0.1731 0.0000 0.9849
vn 0.2331 0.0000 0.9725
vn 0.2932 0.0000 0.9561
vn 0.3553 0.0000 0.9348
vn 0.4191 0.0000 0.9080
vn 0.4789 0.0000 0.8779
vn 0.5318 0.0000 0.8469
vn 0.5784 0.0000 0.8158
vn 0.6192 0.0000 0.7852
vn 0.6381 0.0000 0.7700
vn -0.9985 0.0000 0.0544
vn -0.9998 0.0000 -0.0215
vn -0.9989 0.0000 -0.0459
vn -0.9950 0.0000 -0.0994
vn -0.9866 0.0000 -0.1633
vn -0.9708 0.0000 -0.2397
vn -0.9437 0.0000 -0.3308
vn -0.9014 0.0000 -0.4330
vn -0.8479 0.0000 -0.5302
vn -0.7873 0.0000 -0.6166
vn -0.7182 0.0000 -0.6959
vn -0.6430 0.0000 -0.7658
vn -0.5648 0.0000 -0.8252
vn -0.4856 0.0000 -0.8742
vn -0.4044 0.0000 -0.9146
vn -0.3208 0.0000 -0.9471
vn -0.2368 0.0000 -0.9716
vn -0.0753 0.0000 -0.9972
vn 0.0012 0.0000 -1.0000
vn 0.0831 0.0000 -0.9965
vn 0.1780 0.0000 -0.9840
vn 0.2863 0.0000 -0.9581
vn 0.4060 0.0000 -0.9139
vn 0.5321 0.0000 -0.8467
vn 0.6497 0.0000 -0.7602
vn 0.7493 0.0000 -0.6623
vn 0.8357 0.0000 -0.5492
vn 0.9082 0.0000 -0.4186
vn 0.9607 0.0000 -0.2776
vn 0.9907 0.0000 -0.1357
vn 0.9999 0.0000 -0.0102
vn 0.9957 0.0000 0.0923
vn 0.9823 0.0000 0.1872
vn 0.9592 0.0000 0.2829
vn 0.9264 0.0000 0.3765
vn 0.8851 0.0000 0.4654
vn 0.8356 0.0000 0.5493
vn 0.7764 0.0000 0.6302
vn 0.7079 0.0000 0.7063
vn 0.6331 0.0000 0.7741
vn 0.5545 0.0000 0.8322
vn 0.4749 0.0000 0.8800
vn 0.3951 0.0000 0.9186
vn 0.3224 0.0000 0.9466
vn 0.2656 0.0000 0.9641
vn 0.2228 0.0000 0.9749
vn 0.1897 0.0000 0.9818
vn 0.1633 0.0000 0.9866
vn 0.1514 0.0000 0.9885
vn 0.1639 0.0000 0.9865
vn 0.1915 0.0000 0.9815
vn 0.2245 0.0000 0.9745
vn 0.2648 0.0000 0.9643
vn 0.3148 0.0000 0.9492
vn 0.3423 0.0000 0.9396
vn -0.2809 0.0000 0.9597
vn -0.2351 0.0000 0.9720
vn -0.1843 0.0000 0.9829
vn -0.1282 0.0000 0.9918
vn -0.0665 0.0000 0.9978
vn 0.0033 0.0000 1.0000
vn 0.0846 0.0000 0.9964
vn 0.1746 0.0000 0.9846
vn 0.2695 0.0000 0.9630
vn 0.3665 0.0000 0.9304
vn 0.4626 0.0000 0.8866
vn 0.5538 0.0000 0.8326
vn 0.6354 0.0000 0.7722
vn 0.7048 0.0000 0.7094
vn 0.7625 0.0000 0.6469
vn 0.8098 0.0000 0.5867
vn 0.8481 0.0000 0.5299
vn 0.8773 0.0000 0.4799
vn 0.8980 0.0000 0.4399
vn 0.9120 0.0000 0.4102
vn 0.9214 0.0000 0.3887
vn 0.9280 0.0000 0.3726
vn 0.9330 0.0000 0.3600
vn 0.9351 0.0000 0.3544
vn 0.9374 0.0000 0.3483
vn -0.9394 0.0000 -0.3428
vn -0.9420 0.0000 -0.3357
vn -0.9445 0.0000 -0.3284
vn -0.9495 0.0000 -0.3139
vn -0.9542 0.0000 -0.2992
vn -0.9587 0.0000 -0.2843
vn -0.9630 0.0000 -0.2694
vn -0.9651 0.0000 -0.2619
vn 0.9646 0.0000 -0.2638
vn 0.9625 0.0000 -0.2711
vn 0.9583 0.0000 -0.2858
vn 0.9537 0.0000 -0.3008
vn 0.9487 0.0000 -0.3160
vn 0.9434 0.0000 -0.3315
vn 0.9407 0.0000 -0.3393
vn 0.9403 0.0000 -0.3404
vn -0.9348 0.0000 0.3552
vn -0.9399 0.0000 -0.3415
vn -0.9405 0.0000 -0.3399
vn -0.9382 0.0000 -0.3461
vn -0.9327 0.0000 -0.3607
vn -0.9247 0.0000 -0.3808
vn -0.9120 0.0000 -0.4102
vn -0.8894 0.0000 -0.4572
vn -0.8486 0.0000 -0.5290
vn -0.7978 0.0000 -0.6029
vn -0.7463 0.0000 -0.6656
vn -0.6883 0.0000 -0.7254
vn -0.6247 0.0000 -0.7808
vn -0.5568 0.0000 -0.8306
vn -0.4787 0.0000 -0.8780
vn -0.3861 0.0000 -0.9225
vn -0.2915 0.0000 -0.9566
vn -0.2054 0.0000 -0.9787
vn -0.1284 0.0000 -0.9917
vn -0.0605 0.0000 -0.9982
vn 0.0003 0.0000 -1.0000
vn 0.0564 0.0000 -0.9984
vn 0.1073 0.0000 -0.9942
vn 0.1525 0.0000 -0.9883
vn 0.1928 0.0000 -0.9812
vn 0.2286 0.0000 -0.9735
vn 0.2455 0.0000 -0.9694
vn -0.9926 0.0000 0.1216
vn -0.0922 0.0000 -0.9957
vn 0.6235 0.0000 -0.7819
vn 0.9951 0.0000 -0.0987
vn -0.9956 0.0000 -0.0941
vn -0.6164 0.0000 0.7875
vn 0.7874 0.0000 0.6165
vn 0.9998 0.0000 0.0222
vn 0.9990 0.0000 0.0451
vn 0.9697 0.0000 0.2444
vn 0.3210 0.0000 0.9471
vn -0.3932 0.0000 -0.9194
vn -0.4830 0.0000 -0.8756
vn -0.7911 0.0000 -0.6116
vn -0.8553 0.0000 -0.5181
vn 0.8414 0.0000 0.5404
vn 0.8308 0.0000 0.5566
vn 0.8093 0.0000 0.5874
vn 0.7877 0.0000 0.6160
vn 0.7663 0.0000 0.6425
vn 0.7452 0.0000 0.6669
vn 0.7208 0.0000 0.6932
vn 0.6950 0.0000 0.7191
vn 0.6756 0.0000 0.7372
vn 0.6629 0.0000 0.7487
vn 0.6540 0.0000 0.7565
vn 0.6473 0.0000 0.7623
vn 0.6473 0.0000 0.7622
vn 0.6556 0.0000 0.7551
vn 0.6671 0.0000 0.7449
vn 0.6811 0.0000 0.7321
vn 0.6984 0.0000 0.7157
vn 0.7202 0.0000 0.6938
vn 0.7463 0.0000 0.6656
vn 0.7741 0.0000 0.6331
vn 0.8023 0.0000 0.5970
vn 0.8316 0.0000 0.5554
vn 0.8616 0.0000 0.5076
vn 0.8917 0.0000 0.4527
vn 0.9197 0.0000 0.3926
vn 0.9435 0.0000 0.3315
vn 0.9631 0.0000 0.2691
vn 0.9790 0.0000 0.2040
vn 0.9906 0.0000 0.1369
vn 0.9976 0.0000 0.0686
vn 0.9999 0.0000 -0.0133
vn 0.9920 0.0000 -0.1259
vn 0.9661 0.0000 -0.2582
vn 0.9202 0.0000 -0.3915
vn 0.8555 0.0000 -0.5178
vn 0.7764 0.0000 -0.6302
vn 0.6850 0.0000 -0.7285
vn 0.5770 0.0000 -0.8167
vn 0.4555 0.0000 -0.8902
vn 0.3311 0.0000 -0.9436
vn 0.2110 0.0000 -0.9775
vn 0.1003 0.0000 -0.9950
vn 0.0016 0.0000 -1.0000
vn -0.0935 0.0000 -0.9956
vn -0.1969 0.0000 -0.9804
vn -0.3098 0.0000 -0.9508
vn -0.4282 0.0000 -0.9037
vn -0.5461 0.0000 -0.8377
vn -0.5462 0.0000 -0.8377
vn -0.6580 0.0000 -0.7531
vn -0.7593 0.0000 -0.6507
vn -0.8446 0.0000 -0.5355
vn -0.9095 0.0000 -0.4158
vn -0.9542 0.0000 -0.2990
vn -0.9817 0.0000 -0.1907
vn -0.9903 0.0000 -0.1389
vn -0.0983 0.0000 0.9952
vn 0.9984 0.0000 0.0561
vn 0.9939 0.0000 0.1100
vn 0.9747 0.0000 0.2237
vn 0.9378 0.0000 0.3471
vn 0.8802 0.0000 0.4746
vn 0.8014 0.0000 0.5981
vn 0.7057 0.0000 0.7085
vn 0.5969 0.0000 0.8023
vn 0.4765 0.0000 0.8792
vn 0.3498 0.0000 0.9368
vn 0.2247 0.0000 0.9744
vn 0.1074 0.0000 0.9942
vn -0.1069 0.0000 0.9943
vn -0.2229 0.0000 0.9748
vn -0.3457 0.0000 0.9383
vn -0.4694 0.0000 0.8830
vn -0.5867 0.0000 0.8098
vn -0.6898 0.0000 0.7240
vn -0.7784 0.0000 0.6277
vn -0.8563 0.0000 0.5165
vn -0.9203 0.0000 0.3912
vn -0.9660 0.0000 0.2585
vn -0.9920 0.0000 0.1263
vn -1.0000 0.0000 -0.0032
vn -0.9913 0.0000 -0.1318
vn -0.9674 0.0000 -0.2532
vn -0.9329 0.0000 -0.3601
vn -0.8923 0.0000 -0.4514
vn -0.8493 0.0000 -0.5279
vn -0.8045 0.0000 -0.5940
vn -0.7604 0.0000 -0.6495
vn -0.7232 0.0000 -0.6906
vn -0.6938 0.0000 -0.7202
vn -0.6702 0.0000 -0.7422
vn -0.6509 0.0000 -0.7592
vn -0.6402 0.0000 -0.7682
vn -0.6466 0.0000 -0.7628
vn -0.6642 0.0000 -0.7475
vn -0.6841 0.0000 -0.7294
vn -0.7065 0.0000 -0.7077
vn -0.7319 0.0000 -0.6814
vn -0.7607 0.0000 -0.6491
vn -0.7916 0.0000 -0.6110
vn -0.8228 0.0000 -0.5683
vn -0.8536 0.0000 -0.5210
vn -0.8832 0.0000 -0.4690
vn -0.9111 0.0000 -0.4122
vn -0.9240 0.0000 -0.3825
vn -0.9447 0.0000 -0.3280
vn -0.9551 0.0000 -0.2964
vn -0.9727 0.0000 -0.2320
vn -0.9861 0.0000 -0.1663
vn -0.9950 0.0000 -0.1000
vn -0.9994 0.0000 -0.0341
vn -1.0000 0.0000 -0.0014
vn 0.9977 0.0000 0.0675
vn -0.9975 0.0000 0.0704
vn 0.9830 0.0000 -0.1833
vn 0.9788 0.0000 -0.2050
vn 0.9742 0.0000 -0.2255
vn 0.9696 0.0000 -0.2448
vn 0.9927 0.0000 0.1204
vn 0.9742 0.0000 0.2257
vn 0.9348 0.0000 0.3551
vn 0.7406 0.0000 0.6720
vn 0.6155 0.0000 0.7881
vn 0.5159 0.0000 0.8566
vn 0.4050 0.0000 0.9143
vn 0.2874 0.0000 0.9578
vn 0.1688 0.0000 0.9857
vn 0.0543 0.0000 0.9985
vn -0.0386 0.0000 0.9993
vn -0.1204 0.0000 0.9927
vn -0.2072 0.0000 0.9783
vn -0.2973 0.0000 0.9548
vn -0.3885 0.0000 0.9215
vn -0.4779 0.0000 0.8784
vn -0.5620 0.0000 0.8271
vn -0.6440 0.0000 0.7650
vn -0.7235 0.0000 0.6903
vn -0.7969 0.0000 0.6042
vn -0.8607 0.0000 0.5091
vn -0.9127 0.0000 0.4087
vn -0.9513 0.0000 0.3081
vn -0.9747 0.0000 0.2234
vn -0.9879 0.0000 0.1551
vn -0.9950 0.0000 0.0997
vn -0.9985 0.0000 0.0542
vn 0.9997 0.0000 -0.0234
vn 0.9990 0.0000 -0.0443
vn 0.9975 0.0000 -0.0714
vn 0.9941 0.0000 -0.1081
vn 0.9562 0.0000 -0.2927
vn 0.9347 0.0000 -0.3554
vn 0.9077 0.0000 -0.4197
vn 0.8748 0.0000 -0.4846
vn 0.8359 0.0000 -0.5489
vn 0.7815 0.0000 -0.6239
vn 0.7114 0.0000 -0.7028
vn 0.6381 0.0000 -0.7699
vn 0.5648 0.0000 -0.8252
vn 0.4937 0.0000 -0.8696
vn 0.4264 0.0000 -0.9045
vn 0.3612 0.0000 -0.9325
vn 0.2936 0.0000 -0.9559
vn 0.2258 0.0000 -0.9742
vn 0.1588 0.0000 -0.9873
vn 0.0934 0.0000 -0.9956
vn 0.0304 0.0000 -0.9995
vn -0.0682 0.0000 -0.9977
vn -0.2178 0.0000 -0.9760
vn -0.3779 0.0000 -0.9258
vn -0.5350 0.0000 -0.8448
vn -0.6742 0.0000 -0.7385
vn 0.9742 0.0000 0.2256
vn 0.9348 0.0000 0.3550
vn -0.6440 0.0000 0.7651
vn -0.8607 0.0000 0.5090
vn -0.9126 0.0000 0.4088
vn 0.9997 0.0000 -0.0235
vn 0.9975 0.0000 -0.0713
vn 0.8747 0.0000 -0.4846
vn -0.8972 0.0000 -0.4416
vn -0.8556 0.0000 -0.5176
vn -0.8009 0.0000 -0.5988
vn -0.7308 0.0000 -0.6826
vn -0.6441 0.0000 -0.7650
vn -0.5481 0.0000 -0.8364
vn -0.4490 0.0000 -0.8935
vn -0.3453 0.0000 -0.9385
vn -0.2409 0.0000 -0.9706
vn -0.1397 0.0000 -0.9902
vn -0.0446 0.0000 -0.9990
vn 0.0594 0.0000 -0.9982
vn 0.1860 0.0000 -0.9825
vn 0.3183 0.0000 -0.9480
vn 0.4487 0.0000 -0.8937
vn 0.5695 0.0000 -0.8220
vn 0.6746 0.0000 -0.7382
vn 0.7691 0.0000 -0.6392
vn 0.8521 0.0000 -0.5234
vn 0.9140 0.0000 -0.4058
vn 0.9560 0.0000 -0.2933
vn 0.9817 0.0000 -0.1903
vn 0.9897 0.0000 -0.1429
vn 0.9672 0.0000 -0.2542
vn 0.9268 0.0000 -0.3755
vn 0.8652 0.0000 -0.5015
vn 0.5760 0.0000 -0.8175
vn 0.4511 0.0000 -0.8925
vn 0.3177 0.0000 -0.9482
vn 0.1843 0.0000 -0.9829
vn 0.0585 0.0000 -0.9983
vn -0.0577 0.0000 -0.9983
vn -0.1822 0.0000 -0.9833
vn -0.3148 0.0000 -0.9492
vn -0.4480 0.0000 -0.8940
vn -0.5734 0.0000 -0.8193
vn -0.6834 0.0000 -0.7300
vn -0.7805 0.0000 -0.6252
vn -0.8644 0.0000 -0.5028
vn -0.9263 0.0000 -0.3768
vn -0.9669 0.0000 -0.2551
vn -0.9896 0.0000 -0.1435
vn -0.9990 0.0000 -0.0446
vn -0.9990 0.0000 0.0456
vn -0.9892 0.0000 0.1468
vn -0.9655 0.0000 0.2605
vn -0.9234 0.0000 0.3839
vn -0.8597 0.0000 0.5108
vn -0.7742 0.0000 0.6329
vn -0.6729 0.0000 0.7397
vn -0.5564 0.0000 0.8309
vn -0.4279 0.0000 0.9038
vn -0.2961 0.0000 0.9552
vn -0.1692 0.0000 0.9856
vn -0.0531 0.0000 0.9986
vn 0.0418 0.0000 0.9991
vn 0.1324 0.0000 0.9912
vn 0.2317 0.0000 0.9728
vn 0.3375 0.0000 0.9413
vn 0.4460 0.0000 0.8950
vn 0.5525 0.0000 0.8335
vn 0.6487 0.0000 0.7610
vn 0.7338 0.0000 0.6793
vn 0.8083 0.0000 0.5888
vn 0.8698 0.0000 0.4935
vn 0.9175 0.0000 0.3976
vn 0.9758 0.0000 0.2189
vn 0.9433 0.0000 0.3318
vn 0.8939 0.0000 0.4484
vn 0.8268 0.0000 0.5624
vn 0.7444 0.0000 0.6677
vn 0.6529 0.0000 0.7574
vn 0.5486 0.0000 0.8361
vn 0.4306 0.0000 0.9026
vn 0.3047 0.0000 0.9525
vn 0.1780 0.0000 0.9840
vn 0.0569 0.0000 0.9984
vn -0.0648 0.0000 0.9979
vn -0.2037 0.0000 0.9790
vn -0.3488 0.0000 0.9372
vn -0.4902 0.0000 0.8716
vn -0.6177 0.0000 0.7864
vn -0.7243 0.0000 0.6895
vn -0.8097 0.0000 0.5868
vn -0.8799 0.0000 0.4752
vn -0.9288 0.0000 0.3705
vn -0.9611 0.0000 0.2763
vn -0.9811 0.0000 0.1935
vn 0.9977 0.0000 0.0681
vn 0.9932 0.0000 0.1162
vn 0.9861 0.0000 0.1662
vn 0.9760 0.0000 0.2178
vn 0.9627 0.0000 0.2707
vn 0.9395 0.0000 0.3425
vn 0.9039 0.0000 0.4276
vn 0.8571 0.0000 0.5151
vn 0.7985 0.0000 0.6020
vn 0.7287 0.0000 0.6848
vn 0.6495 0.0000 0.7604
vn 0.5656 0.0000 0.8247
vn 0.4743 0.0000 0.8804
vn 0.3738 0.0000 0.9275
vn 0.2671 0.0000 0.9637
vn 0.1584 0.0000 0.9874
vn 0.0516 0.0000 0.9987
vn -0.0480 0.0000 0.9988
vn -0.1428 0.0000 0.9897
vn -0.2339 0.0000 0.9723
vn -0.3192 0.0000 0.9477
vn -0.3974 0.0000 0.9177
vn 0.4174 0.0000 -0.9087
vn 0.3380 0.0000 -0.9411
vn 0.2498 0.0000 -0.9683
vn 0.1537 0.0000 -0.9881
vn 0.0521 0.0000 -0.9986
vn -0.0482 0.0000 -0.9988
vn -0.2476 0.0000 -0.9689
vn -0.3460 0.0000 -0.9382
vn -0.4394 0.0000 -0.8983
vn -0.5253 0.0000 -0.8509
vn -0.6222 0.0000 -0.7829
vn -0.7089 0.0000 -0.7053
vn -0.7692 0.0000 -0.6390
vn -0.8121 0.0000 -0.5835
vn -0.8434 0.0000 -0.5373
vn 0.1225 0.0000 0.9925
vn 0.2280 0.0000 0.9737
vn 0.3557 0.0000 0.9346
vn 0.5037 0.0000 0.8639
vn 0.6613 0.0000 0.7501
vn 0.7770 0.0000 0.6295
vn 0.8504 0.0000 0.5261
vn 0.9115 0.0000 0.4112
vn 0.9569 0.0000 0.2903
vn 0.9855 0.0000 0.1694
vn 0.9985 0.0000 0.0542
vn 0.9994 0.0000 -0.0344
vn 0.9944 0.0000 -0.1056
vn 0.9838 0.0000 -0.1793
vn 0.9671 0.0000 -0.2543
vn 0.9442 0.0000 -0.3293
vn 0.9153 0.0000 -0.4028
vn 0.8822 0.0000 -0.4709
vn 0.8434 0.0000 -0.5372
vn 0.7966 0.0000 -0.6045
vn 0.7414 0.0000 -0.6711
vn 0.6780 0.0000 -0.7351
vn 0.6074 0.0000 -0.7944
vn 0.5336 0.0000 -0.8457
vn 0.4610 0.0000 -0.8874
vn 0.3896 0.0000 -0.9210
vn 0.3206 0.0000 -0.9472
vn 0.2552 0.0000 -0.9669
vn 0.1109 0.0000 -0.9938
vn 0.0771 0.0000 -0.9970
vn 0.0497 0.0000 -0.9988
vn 0.0272 0.0000 -0.9996
vn -0.0292 0.0000 0.9996
vn -0.0555 0.0000 0.9985
vn -0.0904 0.0000 0.9959
vn -0.1385 0.0000 0.9904
vn -0.4237 0.0000 0.9058
vn -0.5271 0.0000 0.8498
vn -0.6239 0.0000 0.7815
vn -0.7102 0.0000 0.7040
vn -0.7837 0.0000 0.6212
vn -0.8462 0.0000 0.5329
vn -0.9002 0.0000 0.4354
vn -0.9425 0.0000 0.3341
vn -0.9725 0.0000 0.2328
vn -0.9908 0.0000 0.1350
vn -0.9991 0.0000 0.0431
vn -0.9986 0.0000 -0.0538
vn -0.9850 0.0000 -0.1726
vn -0.9527 0.0000 -0.3039
vn -0.8974 0.0000 -0.4413
vn -0.8179 0.0000 -0.5754
vn -0.7181 0.0000 -0.6959
vn -0.5887 0.0000 -0.8084
vn -0.4428 0.0000 -0.8966
vn -0.3117 0.0000 -0.9502
vn -0.2003 0.0000 -0.9797
vn -0.1082 0.0000 -0.9941
vn -0.9832 0.0000 0.1828
vn -0.9714 0.0000 0.2375
vn -0.9555 0.0000 0.2951
vn -0.9348 0.0000 0.3551
vn 0.9174 0.0000 -0.3980
vn 0.9375 0.0000 -0.3479
vn 0.9551 0.0000 -0.2962
vn 0.9700 0.0000 -0.2433
vn 0.9818 0.0000 -0.1897
vn 0.9925 0.0000 -0.1223
vn 0.9973 0.0000 -0.0733
vn 0.9990 0.0000 -0.0450
vn 0.9996 0.0000 -0.0265
vn 0.9999 0.0000 -0.0135
vn 0.9998 0.0000 -0.0222
vn 0.9991 0.0000 -0.0421
vn 0.9977 0.0000 -0.0683
vn 0.9945 0.0000 -0.1043
vn 0.9507 0.0000 -0.3102
vn 0.9248 0.0000 -0.3805
vn 0.8913 0.0000 -0.4535
vn 0.8494 0.0000 -0.5277
vn 0.7990 0.0000 -0.6013
vn 0.7320 0.0000 -0.6813
vn 0.6537 0.0000 -0.7568
vn 0.5772 0.0000 -0.8166
vn 0.5053 0.0000 -0.8630
vn 0.4391 0.0000 -0.8984
vn 0.3793 0.0000 -0.9253
vn 0.3117 0.0000 -0.9502
vn 0.2380 0.0000 -0.9713
vn 0.1727 0.0000 -0.9850
vn 0.1152 0.0000 -0.9933
vn 0.0646 0.0000 -0.9979
vn 0.0202 0.0000 -0.9998
vn -0.0232 0.0000 -0.9997
vn -0.0725 0.0000 -0.9974
vn -0.1255 0.0000 -0.9921
vn -0.1823 0.0000 -0.9832
vn -0.2426 0.0000 -0.9701
vn -0.3059 0.0000 -0.9521
vn -0.3723 0.0000 -0.9281
vn -0.4436 0.0000 -0.8962
vn -0.5188 0.0000 -0.8549
vn -0.5965 0.0000 -0.8026
vn -0.6741 0.0000 -0.7387
vn -0.7485 0.0000 -0.6631
vn -0.8122 0.0000 -0.5834
vn -0.8616 0.0000 -0.5076
vn -0.9011 0.0000 -0.4336
vn -0.9317 0.0000 -0.3632
vn -0.9548 0.0000 -0.2974
vn 0.9319 0.0000 0.3627
vn 0.8927 0.0000 0.4506
vn 0.8360 0.0000 0.5488
vn 0.7565 0.0000 0.6539
vn 0.6507 0.0000 0.7593
vn 0.5208 0.0000 0.8537
vn 0.3931 0.0000 0.9195
vn 0.2792 0.0000 0.9602
vn 0.1814 0.0000 0.9834
vn 0.0991 0.0000 0.9951
vn 0.0302 0.0000 0.9995
vn -0.1258 0.0000 0.9921
vn -0.2271 0.0000 0.9739
vn -0.3421 0.0000 0.9397
vn -0.4677 0.0000 0.8839
vn -0.5967 0.0000 0.8025
vn -0.7304 0.0000 0.6830
vn -0.8462 0.0000 0.5328
vn -0.9233 0.0000 0.3842
vn -0.9682 0.0000 0.2501
vn -0.9907 0.0000 0.1358
vn -0.9992 0.0000 0.0409
vn -0.2446 0.0000 -0.9696
vn -0.2048 0.0000 -0.9788
vn -0.1733 0.0000 -0.9849
vn -0.1477 0.0000 -0.9890
vn -0.1267 0.0000 -0.9919
vn -0.1391 0.0000 -0.9903
vn -0.1555 0.0000 -0.9878
vn -0.1757 0.0000 -0.9844
vn -0.2010 0.0000 -0.9796
vn -0.3379 0.0000 -0.9412
vn -0.3871 0.0000 -0.9220
vn -0.4366 0.0000 -0.8997
vn -0.4859 0.0000 -0.8740
vn -0.5345 0.0000 -0.8452
vn -0.5912 0.0000 -0.8065
vn -0.6545 0.0000 -0.7560
vn -0.7136 0.0000 -0.7006
vn -0.7673 0.0000 -0.6413
vn -0.8149 0.0000 -0.5796
vn -0.8562 0.0000 -0.5167
vn -0.8944 0.0000 -0.4473
vn -0.9299 0.0000 -0.3678
vn -0.9584 0.0000 -0.2854
vn -0.9794 0.0000 -0.2019
vn -0.9929 0.0000 -0.1191
vn -0.9992 0.0000 -0.0388
vn -0.9981 0.0000 0.0611
vn -0.9814 0.0000 0.1919
vn -0.9443 0.0000 0.3292
vn -0.8855 0.0000 0.4647
vn -0.8078 0.0000 0.5894
vn -0.7175 0.0000 0.6966
vn -0.6110 0.0000 0.7916
vn -0.4865 0.0000 0.8737
vn -0.3612 0.0000 0.9325
vn -0.2428 0.0000 0.9701
vn -0.1358 0.0000 0.9907
vn -0.0420 0.0000 0.9991
vn 0.0277 0.0000 0.9996
vn 0.1432 0.0000 0.9897
vn 0.2029 0.0000 0.9792
vn 0.2631 0.0000 0.9648
vn 0.3230 0.0000 0.9464
vn 0.3871 0.0000 0.9220
vn 0.4505 0.0000 0.8928
vn 0.5068 0.0000 0.8621
vn 0.5564 0.0000 0.8309
vn 0.5999 0.0000 0.8000
vn -0.9975 0.0000 -0.0703
vn -0.9917 0.0000 -0.1284
vn -0.9802 0.0000 -0.1979
vn -0.9597 0.0000 -0.2810
vn -0.9251 0.0000 -0.3797
vn -0.8746 0.0000 -0.4849
vn -0.8189 0.0000 -0.5740
vn -0.7535 0.0000 -0.6574
vn -0.6808 0.0000 -0.7324
vn -0.6036 0.0000 -0.7973
vn -0.5248 0.0000 -0.8512
vn -0.4454 0.0000 -0.8953
vn -0.2784 0.0000 -0.9605
vn -0.1948 0.0000 -0.9808
vn -0.1138 0.0000 -0.9935
vn -0.0367 0.0000 -0.9993
vn 0.0391 0.0000 -0.9992
vn 0.1270 0.0000 -0.9919
vn 0.2285 0.0000 -0.9735
vn 0.3430 0.0000 -0.9393
vn 0.4672 0.0000 -0.8842
vn 0.5940 0.0000 -0.8045
vn 0.7021 0.0000 -0.7121
vn 0.7929 0.0000 -0.6093
vn 0.8738 0.0000 -0.4862
vn 0.9373 0.0000 -0.3485
vn 0.9787 0.0000 -0.2051
vn 0.9978 0.0000 -0.0657
vn 0.9990 0.0000 0.0453
vn 0.9903 0.0000 0.1391
vn 0.9720 0.0000 0.2349
vn 0.9439 0.0000 0.3301
vn 0.9066 0.0000 0.4220
vn 0.8615 0.0000 0.5078
vn 0.8077 0.0000 0.5896
vn 0.7431 0.0000 0.6692
vn 0.6709 0.0000 0.7415
vn 0.5937 0.0000 0.8047
vn 0.5141 0.0000 0.8577
vn 0.4348 0.0000 0.9005
vn 0.3547 0.0000 0.9350
vn 0.2897 0.0000 0.9571
vn 0.2413 0.0000 0.9704
vn 0.2043 0.0000 0.9789
vn 0.1750 0.0000 0.9846
vn 0.1515 0.0000 0.9885
vn 0.1765 0.0000 0.9843
vn 0.2064 0.0000 0.9785
vn 0.2426 0.0000 0.9701
vn 0.2870 0.0000 0.9579
vn -0.2591 0.0000 0.9658
vn -0.2109 0.0000 0.9775
vn -0.1575 0.0000 0.9875
vn -0.0987 0.0000 0.9951
vn -0.0343 0.0000 0.9994
vn 0.0409 0.0000 0.9992
vn 0.1280 0.0000 0.9918
vn 0.2209 0.0000 0.9753
vn 0.3174 0.0000 0.9483
vn 0.4146 0.0000 0.9100
vn 0.5093 0.0000 0.8606
vn 0.6724 0.0000 0.7402
vn 0.7358 0.0000 0.6772
vn 0.7880 0.0000 0.6156
vn 0.8305 0.0000 0.5570
vn 0.8648 0.0000 0.5022
vn 0.8893 0.0000 0.4572
vn 0.9064 0.0000 0.4224
vn 0.9175 0.0000 0.3978
vn 0.9252 0.0000 0.3796
vn 0.9308 0.0000 0.3655
vn -0.9470 0.0000 -0.3212
vn -0.9519 0.0000 -0.3065
vn -0.9565 0.0000 -0.2918
vn -0.9609 0.0000 -0.2769
vn 0.9605 0.0000 -0.2784
vn 0.9560 0.0000 -0.2932
vn 0.9513 0.0000 -0.3084
vn 0.9462 0.0000 -0.3237
vn -0.9359 0.0000 -0.3523
vn -0.9294 0.0000 -0.3690
vn -0.9198 0.0000 -0.3925
vn -0.9039 0.0000 -0.4277
vn -0.8739 0.0000 -0.4862
vn -0.8213 0.0000 -0.5706
vn -0.7731 0.0000 -0.6342
vn -0.7182 0.0000 -0.6958
vn -0.6572 0.0000 -0.7537
vn -0.5912 0.0000 -0.8066
vn -0.5215 0.0000 -0.8533
vn -0.4347 0.0000 -0.9006
vn -0.3365 0.0000 -0.9417
vn -0.2459 0.0000 -0.9693
vn -0.1645 0.0000 -0.9864
vn -0.0287 0.0000 -0.9996
vn 0.0294 0.0000 -0.9996
vn 0.0833 0.0000 -0.9965
vn 0.1312 0.0000 -0.9914
vn 0.1738 0.0000 -0.9848
vn 0.2117 0.0000 -0.9773
vn -0.2408 0.0000 -0.9706
vn 0.7690 0.0000 -0.6392
vn -0.8644 0.0000 -0.5029
vn -0.9990 0.0000 -0.0445
vn -0.0530 0.0000 0.9986
vn 0.7338 0.0000 0.6794
vn 0.9433 0.0000 0.3319
vn 0.8939 0.0000 0.4483
vn -0.4903 0.0000 0.8716
vn 0.9040 0.0000 0.4276
vn -0.3973 0.0000 0.9177
vn 0.1538 0.0000 -0.9881
vn -0.5254 0.0000 -0.8509
vn 0.8199 0.0000 0.5725
vn 0.7984 0.0000 0.6022
vn 0.7769 0.0000 0.6297
vn 0.7555 0.0000 0.6551
vn 0.7346 0.0000 0.6785
vn 0.7066 0.0000 0.7076
vn 0.6831 0.0000 0.7303
vn 0.6681 0.0000 0.7441
vn 0.6578 0.0000 0.7532
vn 0.6502 0.0000 0.7598
vn 0.6444 0.0000 0.7647
vn 0.6503 0.0000 0.7597
vn 0.6608 0.0000 0.7506
vn 0.6734 0.0000 0.7393
vn 0.6888 0.0000 0.7250
vn 0.7322 0.0000 0.6811
vn 0.7602 0.0000 0.6497
vn 0.7876 0.0000 0.6161
vn 0.8164 0.0000 0.5775
vn 0.8461 0.0000 0.5330
vn 0.8763 0.0000 0.4818
vn 0.9061 0.0000 0.4231
vn 0.9323 0.0000 0.3617
vn 0.9536 0.0000 0.3009
vn 0.9715 0.0000 0.2370
vn 0.9853 0.0000 0.1707
vn 0.9947 0.0000 0.1028
vn 0.9994 0.0000 0.0343
vn 0.9981 0.0000 -0.0609
vn 0.9817 0.0000 -0.1904
vn 0.9458 0.0000 -0.3247
vn 0.8899 0.0000 -0.4562
vn 0.8169 0.0000 -0.5768
vn 0.7325 0.0000 -0.6807
vn 0.6344 0.0000 -0.7730
vn 0.5167 0.0000 -0.8562
vn 0.3921 0.0000 -0.9199
vn 0.2686 0.0000 -0.9632
vn 0.0477 0.0000 -0.9989
vn -0.0445 0.0000 -0.9990
vn -0.1423 0.0000 -0.9898
vn -0.2509 0.0000 -0.9680
vn -0.3675 0.0000 -0.9300
vn -0.4870 0.0000 -0.8734
vn -0.6027 0.0000 -0.7980
vn -0.7099 0.0000 -0.7043
vn -0.8047 0.0000 -0.5937
vn -0.8802 0.0000 -0.4746
vn -0.9348 0.0000 -0.3551
vn -0.9703 0.0000 -0.2419
vn 0.9865 0.0000 0.1636
vn 0.9591 0.0000 0.2830
vn 0.9122 0.0000 0.4097
vn 0.8436 0.0000 0.5370
vn 0.7548 0.0000 0.6559
vn 0.6529 0.0000 0.7575
vn 0.5379 0.0000 0.8430
vn 0.4127 0.0000 0.9109
vn 0.2854 0.0000 0.9584
vn 0.1632 0.0000 0.9866
vn 0.0513 0.0000 0.9987
vn -0.0512 0.0000 0.9987
vn -0.1623 0.0000 0.9867
vn -0.2827 0.0000 0.9592
vn -0.4073 0.0000 0.9133
vn -0.5292 0.0000 0.8485
vn -0.6414 0.0000 0.7672
vn -0.7353 0.0000 0.6777
vn -0.8182 0.0000 0.5750
vn -0.8902 0.0000 0.4555
vn -0.9457 0.0000 0.3249
vn -0.9816 0.0000 0.1909
vn -0.9981 0.0000 0.0612
vn -0.9977 0.0000 -0.0676
vn -0.9807 0.0000 -0.1955
vn -0.9507 0.0000 -0.3101
vn -0.9125 0.0000 -0.4091
vn -0.8702 0.0000 -0.4927
vn -0.8270 0.0000 -0.5622
vn -0.7807 0.0000 -0.6249
vn -0.7393 0.0000 -0.6734
vn -0.7067 0.0000 -0.7075
vn -0.6807 0.0000 -0.7326
vn -0.6596 0.0000 -0.7516
vn -0.6421 0.0000 -0.7666
vn -0.6383 0.0000 -0.7698
vn -0.6549 0.0000 -0.7557
vn -0.6735 0.0000 -0.7392
vn -0.6945 0.0000 -0.7195
vn -0.7183 0.0000 -0.6958
vn -0.7453 0.0000 -0.6667
vn -0.7757 0.0000 -0.6311
vn -0.8070 0.0000 -0.5906
vn -0.8381 0.0000 -0.5456
vn -0.8683 0.0000 -0.4960
vn -0.8973 0.0000 -0.4415
vn -0.9644 0.0000 -0.2645
vn -0.9799 0.0000 -0.1993
vn -0.9911 0.0000 -0.1331
vn -0.9978 0.0000 -0.0668
# 1295 vertex normals

o TextPlus002
g TextPlus002
usemtl wire_114141213
s 1
f 1//1 2//1 3//1 
f 1//1 3//1 4//1 
s 4
f 4//2 3//2 5//2 
f 4//2 5//2 6//2 
s 2
f 6//3 5//3 7//3 
f 6//3 7//3 8//3 
s 4
f 8//4 7//4 9//4 
f 8//4 9//4 10//4 
s 2
f 10//5 9//5 11//5 
f 10//5 11//5 12//5 
s 4
f 12//1 11//1 13//1 
f 12//1 13//1 14//1 
s 2
f 14//6 13//6 15//6 
f 14//6 15//6 16//6 
s 4
f 16//7 15//7 17//7 
f 16//7 17//7 18//7 
s 2
f 18//8 17//8 19//8 
f 18//8 19//8 20//8 
s 4
f 20//9 19//9 21//9 
f 20//9 21//9 22//9 
s 2
f 22//10 21//10 23//11 
f 22//10 23//11 24//11 
f 24//11 23//11 25//12 
f 24//11 25//12 26//12 
f 26//12 25//12 27//13 
f 26//12 27//13 28//13 
f 28//13 27//13 29//14 
f 28//13 29//14 30//14 
f 30//14 29//14 31//15 
f 30//14 31//15 32//15 
f 32//15 31//15 33//16 
f 32//15 33//16 34//16 
s 4
f 34//17 33//17 35//17 
f 34//17 35//17 36//17 
s 2
f 36//7 35//7 37//7 
f 36//7 37//7 38//7 
s 4
f 38//18 37//18 39//18 
f 38//18 39//18 40//18 
s 2
f 40//19 39//19 41//19 
f 40//19 41//19 42//19 
s 4
f 42//20 41//20 43//20 
f 42//20 43//20 44//20 
s 2
f 44//21 43//21 45//21 
f 44//21 45//21 46//21 
s 4
f 46//7 45//7 47//7 
f 46//7 47//7 48//7 
s 2
f 48//22 47//22 2//22 
f 48//22 2//22 1//22 
s 512
f 49//23 50//23 51//23 
f 49//23 51//23 52//23 
f 49//23 52//23 53//23 
f 54//23 49//23 53//23 
f 55//23 54//23 53//23 
f 55//23 53//23 56//23 
f 55//23 56//23 57//23 
f 55//23 57//23 58//23 
f 55//23 58//23 59//23 
f 55//23 59//23 60//23 
f 55//23 60//23 61//23 
f 55//23 61//23 62//23 
f 63//23 55//23 62//23 
f 63//23 62//23 64//23 
f 63//23 64//23 65//23 
f 66//23 63//23 65//23 
f 67//23 66//23 65//23 
f 67//23 65//23 68//23 
f 69//23 67//23 68//23 
f 70//23 69//23 68//23 
f 70//23 68//23 71//23 
f 70//23 71//23 72//23 
f 13//24 17//24 15//24 
f 13//24 19//24 17//24 
f 13//24 21//24 19//24 
f 11//24 21//24 13//24 
f 9//24 21//24 11//24 
f 9//24 23//24 21//24 
f 9//24 25//24 23//24 
f 9//24 27//24 25//24 
f 9//24 29//24 27//24 
f 9//24 31//24 29//24 
f 9//24 33//24 31//24 
f 9//24 35//24 33//24 
f 7//24 35//24 9//24 
f 7//24 37//24 35//24 
f 7//24 39//24 37//24 
f 5//24 39//24 7//24 
f 3//24 39//24 5//24 
f 3//24 41//24 39//24 
f 2//24 41//24 3//24 
f 47//24 41//24 2//24 
f 47//24 43//24 41//24 
f 47//24 45//24 43//24 
s 1
f 73//1 74//1 75//1 
f 73//1 75//1 76//1 
s 4
f 76//25 75//25 77//25 
f 76//25 77//25 78//25 
s 2
f 78//7 77//7 79//7 
f 78//7 79//7 80//7 
s 4
f 80//26 79//26 74//26 
f 80//26 74//26 73//26 
s 1
f 81//1 82//1 83//1 
f 81//1 83//1 84//1 
s 4
f 84//25 83//25 85//25 
f 84//25 85//25 86//25 
s 2
f 86//7 85//7 87//7 
f 86//7 87//7 88//7 
s 4
f 88//26 87//26 82//26 
f 88//26 82//26 81//26 
s 512
f 89//23 90//23 91//23 
f 92//23 89//23 91//23 
f 93//23 94//23 95//23 
f 96//23 93//23 95//23 
f 77//24 74//24 79//24 
f 75//24 74//24 77//24 
f 85//24 82//24 87//24 
f 83//24 82//24 85//24 
s 1
f 97//1 98//1 99//1 
f 97//1 99//1 100//1 
s 4
f 100//25 99//25 101//25 
f 100//25 101//25 102//25 
s 2
f 102//27 101//27 103//28 
f 102//27 103//28 104//28 
f 104//28 103//28 105//29 
f 104//28 105//29 106//29 
f 106//29 105//29 107//30 
f 106//29 107//30 108//30 
f 108//30 107//30 109//31 
f 108//30 109//31 110//31 
f 110//31 109//31 111//32 
f 110//31 111//32 112//32 
f 112//32 111//32 113//33 
f 112//32 113//33 114//33 
f 114//33 113//33 115//34 
f 114//33 115//34 116//34 
f 116//34 115//34 117//35 
f 116//34 117//35 118//35 
f 118//35 117//35 119//36 
f 118//35 119//36 120//36 
f 120//36 119//36 121//37 
f 120//36 121//37 122//37 
f 122//37 121//37 123//38 
f 122//37 123//38 124//38 
f 124//38 123//38 125//39 
f 124//38 125//39 126//39 
f 126//39 125//39 127//40 
f 126//39 127//40 128//40 
f 128//40 127//40 129//41 
f 128//40 129//41 130//41 
f 130//41 129//41 131//42 
f 130//41 131//42 132//42 
f 132//42 131//42 133//43 
f 132//42 133//43 134//43 
f 134//43 133//43 135//44 
f 134//43 135//44 136//44 
f 136//44 135//44 137//45 
f 136//44 137//45 138//45 
f 138//45 137//45 139//46 
f 138//45 139//46 140//46 
f 140//46 139//46 141//47 
f 140//46 141//47 142//47 
f 142//47 141//47 143//48 
f 142//47 143//48 144//48 
f 144//48 143//48 145//49 
f 144//48 145//49 146//49 
f 146//49 145//49 147//50 
f 146//49 147//50 148//50 
f 148//50 147//50 149//51 
f 148//50 149//51 150//51 
f 150//51 149//51 151//52 
f 150//51 151//52 152//52 
f 152//52 151//52 153//53 
f 152//52 153//53 154//53 
f 154//53 153//53 155//54 
f 154//53 155//54 156//54 
f 156//54 155//54 157//55 
f 156//54 157//55 158//55 
f 158//55 157//55 159//56 
f 158//55 159//56 160//56 
f 160//56 159//56 161//57 
f 160//56 161//57 162//57 
s 4
f 162//26 161//26 163//26 
f 162//26 163//26 164//26 
s 2
f 164//1 163//1 165//1 
f 164//1 165//1 166//1 
s 4
f 166//25 165//25 167//25 
f 166//25 167//25 168//25 
s 2
f 168//58 167//58 169//59 
f 168//58 169//59 170//59 
f 170//59 169//59 171//60 
f 170//59 171//60 172//60 
f 172//60 171//60 173//61 
f 172//60 173//61 174//61 
f 174//61 173//61 175//62 
f 174//61 175//62 176//62 
f 176//62 175//62 177//63 
f 176//62 177//63 178//63 
f 178//63 177//63 179//64 
f 178//63 179//64 180//64 
s 4
f 180//65 179//65 181//66 
f 180//65 181//66 182//66 
f 182//66 181//66 183//67 
f 182//66 183//67 184//67 
f 184//67 183//67 185//68 
f 184//67 185//68 186//68 
f 186//68 185//68 187//69 
f 186//68 187//69 188//69 
f 188//69 187//69 189//70 
f 188//69 189//70 190//70 
f 190//70 189//70 191//71 
f 190//70 191//71 192//71 
f 192//71 191//71 193//72 
f 192//71 193//72 194//72 
f 194//72 193//72 195//73 
f 194//72 195//73 196//73 
f 196//73 195//73 197//74 
f 196//73 197//74 198//74 
f 198//74 197//74 199//75 
f 198//74 199//75 200//75 
f 200//75 199//75 201//76 
f 200//75 201//76 202//76 
f 202//76 201//76 203//77 
f 202//76 203//77 204//77 
f 204//77 203//77 205//78 
f 204//77 205//78 206//78 
f 206//78 205//78 207//79 
f 206//78 207//79 208//79 
f 208//79 207//79 209//80 
f 208//79 209//80 210//80 
f 210//80 209//80 211//81 
f 210//80 211//81 212//81 
f 212//81 211//81 213//82 
f 212//81 213//82 214//82 
f 214//82 213//82 215//83 
f 214//82 215//83 216//83 
f 216//83 215//83 217//84 
f 216//83 217//84 218//84 
f 218//84 217//84 219//85 
f 218//84 219//85 220//85 
f 220//85 219//85 221//86 
f 220//85 221//86 222//86 
f 222//86 221//86 223//87 
f 222//86 223//87 224//87 
f 224//87 223//87 225//88 
f 224//87 225//88 226//88 
f 226//88 225//88 227//89 
f 226//88 227//89 228//89 
s 2
f 228//25 227//25 229//25 
f 228//25 229//25 230//25 
s 4
f 230//7 229//7 231//7 
f 230//7 231//7 232//7 
s 2
f 232//26 231//26 98//26 
f 232//26 98//26 97//26 
s 512
f 233//23 234//23 235//23 
f 236//23 233//23 235//23 
f 236//23 235//23 237//23 
f 236//23 237//23 238//23 
f 236//23 238//23 239//23 
f 236//23 239//23 240//23 
f 236//23 240//23 241//23 
f 236//23 241//23 242//23 
f 236//23 242//23 243//23 
f 236//23 243//23 244//23 
f 245//23 236//23 244//23 
f 245//23 244//23 246//23 
f 247//23 245//23 246//23 
f 247//23 246//23 248//23 
f 249//23 247//23 248//23 
f 249//23 248//23 250//23 
f 251//23 252//23 253//23 
f 254//23 251//23 253//23 
f 255//23 254//23 253//23 
f 255//23 253//23 256//23 
f 257//23 255//23 256//23 
f 257//23 256//23 258//23 
f 259//23 257//23 258//23 
f 259//23 258//23 260//23 
f 259//23 260//23 261//23 
f 262//23 259//23 261//23 
f 262//23 261//23 263//23 
f 264//23 262//23 263//23 
f 264//23 263//23 265//23 
f 264//23 265//23 266//23 
f 267//23 264//23 266//23 
f 267//23 266//23 268//23 
f 267//23 268//23 269//23 
f 270//23 267//23 269//23 
f 270//23 269//23 271//23 
f 270//23 271//23 272//23 
f 273//23 270//23 272//23 
f 273//23 272//23 274//23 
f 273//23 274//23 275//23 
f 276//23 273//23 275//23 
f 276//23 275//23 277//23 
f 276//23 277//23 278//23 
f 279//23 276//23 278//23 
f 279//23 278//23 280//23 
f 279//23 280//23 281//23 
f 282//23 279//23 281//23 
f 282//23 281//23 283//23 
f 284//23 282//23 283//23 
f 284//23 283//23 285//23 
f 286//23 284//23 285//23 
f 286//23 285//23 287//23 
f 288//23 286//23 287//23 
f 288//23 287//23 289//23 
f 288//23 289//23 290//23 
f 291//23 288//23 290//23 
f 291//23 290//23 292//23 
f 293//23 291//23 292//23 
f 293//23 292//23 294//23 
f 295//23 293//23 294//23 
f 295//23 294//23 296//23 
f 297//23 295//23 296//23 
f 298//23 297//23 296//23 
f 298//23 296//23 299//23 
f 300//23 298//23 299//23 
f 300//23 299//23 249//23 
f 300//23 249//23 250//23 
f 229//24 98//24 231//24 
f 227//24 98//24 229//24 
f 227//24 99//24 98//24 
f 227//24 101//24 99//24 
f 227//24 103//24 101//24 
f 227//24 105//24 103//24 
f 227//24 107//24 105//24 
f 227//24 109//24 107//24 
f 227//24 111//24 109//24 
f 227//24 113//24 111//24 
f 225//24 113//24 227//24 
f 225//24 115//24 113//24 
f 223//24 115//24 225//24 
f 223//24 117//24 115//24 
f 221//24 117//24 223//24 
f 221//24 119//24 117//24 
f 163//24 167//24 165//24 
f 161//24 167//24 163//24 
f 159//24 167//24 161//24 
f 159//24 169//24 167//24 
f 157//24 169//24 159//24 
f 157//24 171//24 169//24 
f 155//24 171//24 157//24 
f 155//24 173//24 171//24 
f 155//24 175//24 173//24 
f 153//24 175//24 155//24 
f 153//24 177//24 175//24 
f 151//24 177//24 153//24 
f 151//24 179//24 177//24 
f 151//24 181//24 179//24 
f 149//24 181//24 151//24 
f 149//24 183//24 181//24 
f 149//24 185//24 183//24 
f 147//24 185//24 149//24 
f 147//24 187//24 185//24 
f 147//24 189//24 187//24 
f 145//24 189//24 147//24 
f 145//24 191//24 189//24 
f 145//24 193//24 191//24 
f 143//24 193//24 145//24 
f 143//24 195//24 193//24 
f 143//24 197//24 195//24 
f 141//24 197//24 143//24 
f 141//24 199//24 197//24 
f 141//24 201//24 199//24 
f 139//24 201//24 141//24 
f 139//24 203//24 201//24 
f 137//24 203//24 139//24 
f 137//24 205//24 203//24 
f 135//24 205//24 137//24 
f 135//24 207//24 205//24 
f 133//24 207//24 135//24 
f 133//24 209//24 207//24 
f 133//24 211//24 209//24 
f 131//24 211//24 133//24 
f 131//24 213//24 211//24 
f 129//24 213//24 131//24 
f 129//24 215//24 213//24 
f 127//24 215//24 129//24 
f 127//24 217//24 215//24 
f 125//24 217//24 127//24 
f 123//24 217//24 125//24 
f 123//24 219//24 217//24 
f 121//24 219//24 123//24 
f 121//24 221//24 219//24 
f 121//24 119//24 221//24 
s 1
f 301//1 302//1 303//1 
f 301//1 303//1 304//1 
s 4
f 304//25 303//25 305//25 
f 304//25 305//25 306//25 
s 2
f 306//27 305//27 307//28 
f 306//27 307//28 308//28 
f 308//28 307//28 309//29 
f 308//28 309//29 310//29 
f 310//29 309//29 311//30 
f 310//29 311//30 312//30 
f 312//30 311//30 313//31 
f 312//30 313//31 314//31 
f 314//31 313//31 315//32 
f 314//31 315//32 316//32 
f 316//32 315//32 317//33 
f 316//32 317//33 318//33 
f 318//33 317//33 319//34 
f 318//33 319//34 320//34 
f 320//34 319//34 321//90 
f 320//34 321//90 322//90 
f 322//90 321//90 323//36 
f 322//90 323//36 324//36 
f 324//36 323//36 325//37 
f 324//36 325//37 326//37 
f 326//37 325//37 327//38 
f 326//37 327//38 328//38 
f 328//38 327//38 329//39 
f 328//38 329//39 330//39 
f 330//39 329//39 331//40 
f 330//39 331//40 332//40 
f 332//40 331//40 333//41 
f 332//40 333//41 334//41 
f 334//41 333//41 335//42 
f 334//41 335//42 336//42 
f 336//42 335//42 337//43 
f 336//42 337//43 338//43 
f 338//43 337//43 339//44 
f 338//43 339//44 340//44 
f 340//44 339//44 341//45 
f 340//44 341//45 342//45 
f 342//45 341//45 343//46 
f 342//45 343//46 344//46 
f 344//46 343//46 345//91 
f 344//46 345//91 346//91 
f 346//91 345//91 347//48 
f 346//91 347//48 348//48 
f 348//48 347//48 349//49 
f 348//48 349//49 350//49 
f 350//49 349//49 351//50 
f 350//49 351//50 352//50 
f 352//50 351//50 353//92 
f 352//50 353//92 354//92 
f 354//92 353//92 355//52 
f 354//92 355//52 356//52 
f 356//52 355//52 357//53 
f 356//52 357//53 358//53 
f 358//53 357//53 359//54 
f 358//53 359//54 360//54 
f 360//54 359//54 361//55 
f 360//54 361//55 362//55 
f 362//55 361//55 363//56 
f 362//55 363//56 364//56 
f 364//56 363//56 365//57 
f 364//56 365//57 366//57 
s 4
f 366//26 365//26 367//26 
f 366//26 367//26 368//26 
s 2
f 368//1 367//1 369//1 
f 368//1 369//1 370//1 
s 4
f 370//25 369//25 371//25 
f 370//25 371//25 372//25 
s 2
f 372//58 371//58 373//59 
f 372//58 373//59 374//59 
f 374//59 373//59 375//93 
f 374//59 375//93 376//93 
f 376//93 375//93 377//61 
f 376//93 377//61 378//61 
f 378//61 377//61 379//62 
f 378//61 379//62 380//62 
f 380//62 379//62 381//94 
f 380//62 381//94 382//94 
f 382//94 381//94 383//64 
f 382//94 383//64 384//64 
s 4
f 384//65 383//65 385//66 
f 384//65 385//66 386//66 
f 386//66 385//66 387//67 
f 386//66 387//67 388//67 
f 388//67 387//67 389//68 
f 388//67 389//68 390//68 
f 390//68 389//68 391//69 
f 390//68 391//69 392//69 
f 392//69 391//69 393//70 
f 392//69 393//70 394//70 
f 394//70 393//70 395//71 
f 394//70 395//71 396//71 
f 396//71 395//71 397//72 
f 396//71 397//72 398//72 
f 398//72 397//72 399//73 
f 398//72 399//73 400//73 
f 400//73 399//73 401//74 
f 400//73 401//74 402//74 
f 402//74 401//74 403//75 
f 402//74 403//75 404//75 
f 404//75 403//75 405//76 
f 404//75 405//76 406//76 
f 406//76 405//76 407//77 
f 406//76 407//77 408//77 
f 408//77 407//77 409//78 
f 408//77 409//78 410//78 
f 410//78 409//78 411//79 
f 410//78 411//79 412//79 
f 412//79 411//79 413//80 
f 412//79 413//80 414//80 
f 414//80 413//80 415//81 
f 414//80 415//81 416//81 
f 416//81 415//81 417//82 
f 416//81 417//82 418//82 
f 418//82 417//82 419//83 
f 418//82 419//83 420//83 
f 420//83 419//83 421//84 
f 420//83 421//84 422//84 
f 422//84 421//84 423//85 
f 422//84 423//85 424//85 
f 424//85 423//85 425//86 
f 424//85 425//86 426//86 
f 426//86 425//86 427//87 
f 426//86 427//87 428//87 
f 428//87 427//87 429//88 
f 428//87 429//88 430//88 
f 430//88 429//88 431//89 
f 430//88 431//89 432//89 
s 2
f 432//25 431//25 433//25 
f 432//25 433//25 434//25 
s 4
f 434//7 433//7 435//7 
f 434//7 435//7 436//7 
s 2
f 436//26 435//26 302//26 
f 436//26 302//26 301//26 
s 512
f 437//23 438//23 439//23 
f 440//23 437//23 439//23 
f 440//23 439//23 441//23 
f 440//23 441//23 442//23 
f 440//23 442//23 443//23 
f 440//23 443//23 444//23 
f 440//23 444//23 445//23 
f 440//23 445//23 446//23 
f 440//23 446//23 447//23 
f 440//23 447//23 448//23 
f 449//23 440//23 448//23 
f 449//23 448//23 450//23 
f 451//23 449//23 450//23 
f 451//23 450//23 452//23 
f 453//23 451//23 452//23 
f 453//23 452//23 454//23 
f 455//23 456//23 457//23 
f 458//23 455//23 457//23 
f 459//23 458//23 457//23 
f 459//23 457//23 460//23 
f 461//23 459//23 460//23 
f 461//23 460//23 462//23 
f 463//23 461//23 462//23 
f 463//23 462//23 464//23 
f 463//23 464//23 465//23 
f 466//23 463//23 465//23 
f 466//23 465//23 467//23 
f 468//23 466//23 467//23 
f 468//23 467//23 469//23 
f 468//23 469//23 470//23 
f 471//23 468//23 470//23 
f 471//23 470//23 472//23 
f 471//23 472//23 473//23 
f 474//23 471//23 473//23 
f 474//23 473//23 475//23 
f 474//23 475//23 476//23 
f 477//23 474//23 476//23 
f 477//23 476//23 478//23 
f 477//23 478//23 479//23 
f 480//23 477//23 479//23 
f 480//23 479//23 481//23 
f 480//23 481//23 482//23 
f 483//23 480//23 482//23 
f 483//23 482//23 484//23 
f 483//23 484//23 485//23 
f 486//23 483//23 485//23 
f 486//23 485//23 487//23 
f 488//23 486//23 487//23 
f 488//23 487//23 489//23 
f 490//23 488//23 489//23 
f 490//23 489//23 491//23 
f 492//23 490//23 491//23 
f 492//23 491//23 493//23 
f 492//23 493//23 494//23 
f 495//23 492//23 494//23 
f 495//23 494//23 496//23 
f 497//23 495//23 496//23 
f 497//23 496//23 498//23 
f 499//23 497//23 498//23 
f 499//23 498//23 500//23 
f 501//23 499//23 500//23 
f 502//23 501//23 500//23 
f 502//23 500//23 503//23 
f 504//23 502//23 503//23 
f 504//23 503//23 453//23 
f 504//23 453//23 454//23 
f 433//24 302//24 435//24 
f 431//24 302//24 433//24 
f 431//24 303//24 302//24 
f 431//24 305//24 303//24 
f 431//24 307//24 305//24 
f 431//24 309//24 307//24 
f 431//24 311//24 309//24 
f 431//24 313//24 311//24 
f 431//24 315//24 313//24 
f 431//24 317//24 315//24 
f 429//24 317//24 431//24 
f 429//24 319//24 317//24 
f 427//24 319//24 429//24 
f 427//24 321//24 319//24 
f 425//24 321//24 427//24 
f 425//24 323//24 321//24 
f 367//24 371//24 369//24 
f 365//24 371//24 367//24 
f 363//24 371//24 365//24 
f 363//24 373//24 371//24 
f 361//24 373//24 363//24 
f 361//24 375//24 373//24 
f 359//24 375//24 361//24 
f 359//24 377//24 375//24 
f 359//24 379//24 377//24 
f 357//24 379//24 359//24 
f 357//24 381//24 379//24 
f 355//24 381//24 357//24 
f 355//24 383//24 381//24 
f 355//24 385//24 383//24 
f 353//24 385//24 355//24 
f 353//24 387//24 385//24 
f 353//24 389//24 387//24 
f 351//24 389//24 353//24 
f 351//24 391//24 389//24 
f 351//24 393//24 391//24 
f 349//24 393//24 351//24 
f 349//24 395//24 393//24 
f 349//24 397//24 395//24 
f 347//24 397//24 349//24 
f 347//24 399//24 397//24 
f 347//24 401//24 399//24 
f 345//24 401//24 347//24 
f 345//24 403//24 401//24 
f 345//24 405//24 403//24 
f 343//24 405//24 345//24 
f 343//24 407//24 405//24 
f 341//24 407//24 343//24 
f 341//24 409//24 407//24 
f 339//24 409//24 341//24 
f 339//24 411//24 409//24 
f 337//24 411//24 339//24 
f 337//24 413//24 411//24 
f 337//24 415//24 413//24 
f 335//24 415//24 337//24 
f 335//24 417//24 415//24 
f 333//24 417//24 335//24 
f 333//24 419//24 417//24 
f 331//24 419//24 333//24 
f 331//24 421//24 419//24 
f 329//24 421//24 331//24 
f 327//24 421//24 329//24 
f 327//24 423//24 421//24 
f 325//24 423//24 327//24 
f 325//24 425//24 423//24 
f 325//24 323//24 425//24 
s 1
f 505//95 506//95 507//96 
f 505//95 507//96 508//96 
s 3
f 508//96 507//96 509//97 
f 508//96 509//97 510//97 
s 2
f 510//97 509//97 511//98 
f 510//97 511//98 512//98 
f 512//98 511//98 513//99 
f 512//98 513//99 514//99 
f 514//99 513//99 515//100 
f 514//99 515//100 516//100 
f 516//100 515//100 517//101 
f 516//100 517//101 518//101 
f 518//101 517//101 519//102 
f 518//101 519//102 520//102 
f 520//102 519//102 521//103 
f 520//102 521//103 522//103 
f 522//103 521//103 523//104 
f 522//103 523//104 524//104 
f 524//104 523//104 525//105 
f 524//104 525//105 526//105 
f 526//105 525//105 527//106 
f 526//105 527//106 528//106 
f 528//106 527//106 529//107 
f 528//106 529//107 530//107 
f 530//107 529//107 531//108 
f 530//107 531//108 532//108 
f 532//108 531//108 533//109 
f 532//108 533//109 534//109 
f 534//109 533//109 535//110 
f 534//109 535//110 536//110 
f 536//110 535//110 537//111 
f 536//110 537//111 538//111 
f 538//111 537//111 539//112 
f 538//111 539//112 540//112 
f 540//112 539//112 541//113 
f 540//112 541//113 542//113 
f 542//113 541//113 543//114 
f 542//113 543//114 544//114 
f 544//114 543//114 545//115 
f 544//114 545//115 546//115 
f 546//115 545//115 547//116 
f 546//115 547//116 548//116 
f 548//116 547//116 549//117 
f 548//116 549//117 550//117 
f 550//117 549//117 551//118 
f 550//117 551//118 552//118 
f 552//118 551//118 553//119 
f 552//118 553//119 554//119 
s 4
f 554//1 553//1 555//1 
f 554//1 555//1 556//1 
s 2
f 556//120 555//120 557//121 
f 556//120 557//121 558//121 
f 558//121 557//121 559//122 
f 558//121 559//122 560//122 
f 560//122 559//122 561//123 
f 560//122 561//123 562//124 
f 562//124 561//123 563//125 
f 562//124 563//125 564//125 
f 564//125 563//125 565//126 
f 564//125 565//126 566//126 
f 566//126 565//126 567//127 
f 566//126 567//127 568//127 
f 568//127 567//127 569//128 
f 568//127 569//128 570//128 
f 570//128 569//128 571//129 
f 570//128 571//129 572//129 
f 572//129 571//129 573//130 
f 572//129 573//130 574//130 
f 574//130 573//130 575//131 
f 574//130 575//131 576//131 
f 576//131 575//131 577//132 
f 576//131 577//132 578//132 
f 578//132 577//132 579//133 
f 578//132 579//133 580//133 
f 580//133 579//133 581//134 
f 580//133 581//134 582//134 
f 582//134 581//134 583//135 
f 582//134 583//135 584//135 
f 584//135 583//135 585//136 
f 584//135 585//136 586//136 
f 586//136 585//136 587//137 
f 586//136 587//137 588//137 
f 588//137 587//137 589//138 
f 588//137 589//138 590//138 
f 590//138 589//138 591//139 
f 590//138 591//139 592//139 
f 592//139 591//139 593//140 
f 592//139 593//140 594//140 
f 594//140 593//140 595//141 
f 594//140 595//141 596//141 
f 596//141 595//141 597//142 
f 596//141 597//142 598//142 
f 598//142 597//142 599//143 
f 598//142 599//143 600//143 
f 600//143 599//143 601//144 
f 600//143 601//144 602//144 
f 602//144 601//144 603//145 
f 602//144 603//145 604//145 
f 604//145 603//145 605//146 
f 604//145 605//146 606//146 
f 606//146 605//146 607//147 
f 606//146 607//147 608//147 
f 608//147 607//147 609//148 
f 608//147 609//148 610//148 
f 610//148 609//148 611//149 
f 610//148 611//149 612//149 
f 612//149 611//149 613//150 
f 612//149 613//150 614//150 
f 614//150 613//150 615//151 
f 614//150 615//151 616//151 
f 616//151 615//151 617//152 
f 616//151 617//152 618//152 
f 618//152 617//152 619//153 
f 618//152 619//153 620//153 
f 620//153 619//153 621//154 
f 620//153 621//154 622//154 
f 622//154 621//154 623//155 
f 622//154 623//155 624//155 
f 624//155 623//155 625//156 
f 624//155 625//156 626//156 
f 626//156 625//156 627//157 
f 626//156 627//157 628//157 
f 628//157 627//157 629//158 
f 628//157 629//158 630//159 
f 630//159 629//158 631//160 
f 630//159 631//160 632//160 
f 632//160 631//160 633//161 
f 632//160 633//161 634//161 
f 634//161 633//161 635//162 
f 634//161 635//162 636//162 
f 636//162 635//162 637//163 
f 636//162 637//163 638//163 
f 638//163 637//163 639//164 
f 638//163 639//164 640//164 
f 640//164 639//164 641//165 
f 640//164 641//165 642//165 
f 642//165 641//165 643//166 
f 642//165 643//166 644//166 
f 644//166 643//166 645//167 
f 644//166 645//167 646//167 
f 646//167 645//167 647//168 
f 646//167 647//168 648//168 
f 648//168 647//168 649//169 
f 648//168 649//169 650//169 
f 650//169 649//169 651//170 
f 650//169 651//170 652//170 
f 652//170 651//170 653//171 
f 652//170 653//171 654//171 
s 4
f 654//172 653//172 506//172 
f 654//172 506//172 505//172 
s 1
f 655//173 656//173 657//174 
f 655//173 657//174 658//174 
s 3
f 658//174 657//174 659//175 
f 658//174 659//175 660//175 
s 2
f 660//175 659//175 661//176 
f 660//175 661//176 662//176 
f 662//176 661//176 663//177 
f 662//176 663//177 664//177 
f 664//177 663//177 665//178 
f 664//177 665//178 666//178 
f 666//178 665//178 667//179 
f 666//178 667//179 668//179 
f 668//179 667//179 669//180 
f 668//179 669//180 670//180 
f 670//180 669//180 671//181 
f 670//180 671//181 672//181 
f 672//181 671//181 673//182 
f 672//181 673//182 674//182 
f 674//182 673//182 675//183 
f 674//182 675//183 676//183 
f 676//183 675//183 677//184 
f 676//183 677//184 678//184 
f 678//184 677//184 679//185 
f 678//184 679//185 680//185 
f 680//185 679//185 681//186 
f 680//185 681//186 682//186 
f 682//186 681//186 683//187 
f 682//186 683//187 684//187 
f 684//187 683//187 685//188 
f 684//187 685//188 686//188 
f 686//188 685//188 687//189 
f 686//188 687//189 688//189 
f 688//189 687//189 689//190 
f 688//189 689//190 690//190 
f 690//190 689//190 691//191 
f 690//190 691//191 692//191 
f 692//191 691//191 693//192 
f 692//191 693//192 694//192 
f 694//192 693//192 695//193 
f 694//192 695//193 696//193 
f 696//193 695//193 697//194 
f 696//193 697//194 698//194 
f 698//194 697//194 699//195 
f 698//194 699//195 700//195 
f 700//195 699//195 701//196 
f 700//195 701//196 702//196 
f 702//196 701//196 703//197 
f 702//196 703//197 704//197 
s 4
f 704//7 703//7 656//7 
f 704//7 656//7 655//7 
s 512
f 705//23 706//23 707//23 
f 708//23 709//23 710//23 
f 711//23 708//23 710//23 
f 711//23 710//23 712//23 
f 711//23 712//23 713//23 
f 711//23 713//23 714//23 
f 715//23 711//23 714//23 
f 715//23 714//23 716//23 
f 717//23 715//23 716//23 
f 717//23 716//23 718//23 
f 719//23 717//23 718//23 
f 720//23 719//23 718//23 
f 720//23 718//23 721//23 
f 722//23 720//23 721//23 
f 722//23 721//23 723//23 
f 724//23 722//23 723//23 
f 724//23 723//23 725//23 
f 726//23 724//23 725//23 
f 726//23 725//23 727//23 
f 728//23 726//23 727//23 
f 728//23 727//23 729//23 
f 730//23 728//23 729//23 
f 730//23 729//23 731//23 
f 732//23 730//23 731//23 
f 732//23 731//23 733//23 
f 734//23 732//23 733//23 
f 734//23 733//23 735//23 
f 736//23 734//23 735//23 
f 736//23 735//23 737//23 
f 738//23 736//23 737//23 
f 705//23 707//23 739//23 
f 740//23 705//23 739//23 
f 741//23 738//23 737//23 
f 741//23 737//23 742//23 
f 743//23 741//23 742//23 
f 743//23 742//23 744//23 
f 745//23 743//23 744//23 
f 745//23 744//23 746//23 
f 747//23 745//23 746//23 
f 747//23 746//23 748//23 
f 749//23 747//23 748//23 
f 749//23 748//23 750//23 
f 751//23 749//23 750//23 
f 751//23 750//23 752//23 
f 753//23 751//23 752//23 
f 753//23 752//23 754//23 
f 755//23 753//23 754//23 
f 740//23 739//23 756//23 
f 757//23 740//23 756//23 
f 758//23 757//23 756//23 
f 758//23 756//23 759//23 
f 760//23 758//23 759//23 
f 760//23 759//23 761//23 
f 762//23 760//23 761//23 
f 762//23 761//23 763//23 
f 764//23 762//23 763//23 
f 764//23 763//23 765//23 
f 766//23 764//23 765//23 
f 766//23 765//23 767//23 
f 768//23 766//23 767//23 
f 768//23 767//23 769//23 
f 770//23 768//23 769//23 
f 770//23 769//23 771//23 
f 770//23 771//23 772//23 
f 773//23 770//23 772//23 
f 773//23 772//23 774//23 
f 775//23 773//23 774//23 
f 775//23 774//23 776//23 
f 777//23 775//23 776//23 
f 777//23 776//23 778//23 
f 777//23 778//23 779//23 
f 780//23 777//23 779//23 
f 780//23 779//23 781//23 
f 782//23 780//23 781//23 
f 782//23 781//23 783//23 
f 784//23 782//23 783//23 
f 784//23 783//23 785//23 
f 786//23 784//23 785//23 
f 786//23 785//23 787//23 
f 788//23 786//23 787//23 
f 788//23 787//23 789//23 
f 790//23 788//23 789//23 
f 790//23 789//23 791//23 
f 792//23 790//23 791//23 
f 792//23 791//23 793//23 
f 794//23 792//23 793//23 
f 794//23 793//23 795//23 
f 796//23 794//23 795//23 
f 796//23 795//23 797//23 
f 798//23 796//23 797//23 
f 798//23 797//23 709//23 
f 799//23 798//23 709//23 
f 799//23 709//23 708//23 
f 800//23 799//23 708//23 
f 801//23 800//23 708//23 
f 801//23 708//23 802//23 
f 803//23 801//23 802//23 
f 803//23 802//23 804//23 
f 754//23 803//23 804//23 
f 755//23 754//23 804//23 
f 651//24 506//24 653//24 
f 656//24 555//24 553//24 
f 703//24 555//24 656//24 
f 703//24 557//24 555//24 
f 703//24 559//24 557//24 
f 703//24 561//24 559//24 
f 701//24 561//24 703//24 
f 701//24 563//24 561//24 
f 699//24 563//24 701//24 
f 699//24 565//24 563//24 
f 697//24 565//24 699//24 
f 695//24 565//24 697//24 
f 695//24 567//24 565//24 
f 693//24 567//24 695//24 
f 693//24 569//24 567//24 
f 691//24 569//24 693//24 
f 691//24 571//24 569//24 
f 689//24 571//24 691//24 
f 689//24 573//24 571//24 
f 687//24 573//24 689//24 
f 687//24 575//24 573//24 
f 685//24 575//24 687//24 
f 685//24 577//24 575//24 
f 683//24 577//24 685//24 
f 683//24 579//24 577//24 
f 681//24 579//24 683//24 
f 681//24 581//24 579//24 
f 679//24 581//24 681//24 
f 679//24 583//24 581//24 
f 677//24 583//24 679//24 
f 651//24 507//24 506//24 
f 649//24 507//24 651//24 
f 675//24 583//24 677//24 
f 675//24 585//24 583//24 
f 673//24 585//24 675//24 
f 673//24 587//24 585//24 
f 671//24 587//24 673//24 
f 671//24 589//24 587//24 
f 669//24 589//24 671//24 
f 669//24 591//24 589//24 
f 667//24 591//24 669//24 
f 667//24 593//24 591//24 
f 665//24 593//24 667//24 
f 665//24 595//24 593//24 
f 663//24 595//24 665//24 
f 663//24 597//24 595//24 
f 661//24 597//24 663//24 
f 649//24 509//24 507//24 
f 647//24 509//24 649//24 
f 645//24 509//24 647//24 
f 645//24 511//24 509//24 
f 643//24 511//24 645//24 
f 643//24 513//24 511//24 
f 641//24 513//24 643//24 
f 641//24 515//24 513//24 
f 639//24 515//24 641//24 
f 639//24 517//24 515//24 
f 637//24 517//24 639//24 
f 637//24 519//24 517//24 
f 635//24 519//24 637//24 
f 635//24 521//24 519//24 
f 633//24 521//24 635//24 
f 633//24 523//24 521//24 
f 633//24 525//24 523//24 
f 631//24 525//24 633//24 
f 631//24 527//24 525//24 
f 629//24 527//24 631//24 
f 629//24 529//24 527//24 
f 627//24 529//24 629//24 
f 627//24 531//24 529//24 
f 627//24 533//24 531//24 
f 625//24 533//24 627//24 
f 625//24 535//24 533//24 
f 623//24 535//24 625//24 
f 623//24 537//24 535//24 
f 621//24 537//24 623//24 
f 621//24 539//24 537//24 
f 619//24 539//24 621//24 
f 619//24 541//24 539//24 
f 617//24 541//24 619//24 
f 617//24 543//24 541//24 
f 615//24 543//24 617//24 
f 615//24 545//24 543//24 
f 613//24 545//24 615//24 
f 613//24 547//24 545//24 
f 611//24 547//24 613//24 
f 611//24 549//24 547//24 
f 609//24 549//24 611//24 
f 609//24 551//24 549//24 
f 607//24 551//24 609//24 
f 607//24 553//24 551//24 
f 605//24 553//24 607//24 
f 605//24 656//24 553//24 
f 603//24 656//24 605//24 
f 601//24 656//24 603//24 
f 601//24 657//24 656//24 
f 599//24 657//24 601//24 
f 599//24 659//24 657//24 
f 597//24 659//24 599//24 
f 661//24 659//24 597//24 
s 1
f 805//1 806//1 807//1 
f 805//1 807//1 808//1 
s 4
f 808//25 807//25 809//25 
f 808//25 809//25 810//25 
s 2
f 810//198 809//198 811//199 
f 810//198 811//199 812//199 
f 812//199 811//199 813//200 
f 812//199 813//200 814//200 
f 814//200 813//200 815//201 
f 814//200 815//201 816//201 
f 816//201 815//201 817//202 
f 816//201 817//202 818//202 
f 818//202 817//202 819//203 
f 818//202 819//203 820//203 
f 820//203 819//203 821//204 
f 820//203 821//204 822//204 
f 822//204 821//204 823//205 
f 822//204 823//205 824//205 
f 824//205 823//205 825//206 
f 824//205 825//206 826//206 
f 826//206 825//206 827//207 
f 826//206 827//207 828//207 
f 828//207 827//207 829//208 
f 828//207 829//208 830//208 
f 830//208 829//208 831//209 
f 830//208 831//209 832//209 
f 832//209 831//209 833//210 
f 832//209 833//210 834//210 
f 834//210 833//210 835//211 
f 834//210 835//211 836//211 
f 836//211 835//211 837//212 
f 836//211 837//212 838//212 
f 838//212 837//212 839//213 
f 838//212 839//213 840//213 
f 840//213 839//213 841//214 
f 840//213 841//214 842//214 
f 842//214 841//214 843//215 
f 842//214 843//215 844//215 
f 844//215 843//215 845//216 
f 844//215 845//216 846//216 
f 846//216 845//216 847//217 
f 846//216 847//217 848//217 
f 848//217 847//217 849//218 
f 848//217 849//218 850//218 
f 850//218 849//218 851//219 
f 850//218 851//219 852//219 
f 852//219 851//219 853//220 
f 852//219 853//220 854//220 
f 854//220 853//220 855//221 
f 854//220 855//221 856//221 
f 856//221 855//221 857//222 
f 856//221 857//222 858//222 
s 4
f 858//223 857//223 859//223 
f 858//223 859//223 860//223 
s 2
f 860//224 859//224 861//225 
f 860//224 861//225 862//225 
f 862//225 861//225 863//226 
f 862//225 863//226 864//226 
f 864//226 863//226 865//227 
f 864//226 865//227 866//227 
f 866//227 865//227 867//228 
f 866//227 867//228 868//228 
f 868//228 867//228 869//229 
f 868//228 869//229 870//229 
f 870//229 869//229 871//230 
f 870//229 871//230 872//230 
f 872//230 871//230 873//231 
f 872//230 873//231 874//231 
f 874//231 873//231 875//232 
f 874//231 875//232 876//232 
f 876//232 875//232 877//233 
f 876//232 877//233 878//233 
f 878//233 877//233 879//234 
f 878//233 879//234 880//234 
f 880//234 879//234 881//235 
f 880//234 881//235 882//235 
f 882//235 881//235 883//236 
f 882//235 883//236 884//236 
f 884//236 883//236 885//237 
f 884//236 885//237 886//237 
f 886//237 885//237 887//238 
f 886//237 887//238 888//238 
f 888//238 887//238 889//239 
f 888//238 889//239 890//239 
f 890//239 889//239 891//240 
f 890//239 891//240 892//240 
f 892//240 891//240 893//241 
f 892//240 893//241 894//241 
f 894//241 893//241 895//242 
f 894//241 895//242 896//242 
s 4
f 896//25 895//25 897//25 
f 896//25 897//25 898//25 
s 2
f 898//7 897//7 899//7 
f 898//7 899//7 900//7 
s 4
f 900//26 899//26 806//26 
f 900//26 806//26 805//26 
s 512
f 901//23 902//23 903//23 
f 904//23 905//23 906//23 
f 907//23 904//23 906//23 
f 907//23 906//23 908//23 
f 907//23 908//23 909//23 
f 907//23 909//23 910//23 
f 907//23 910//23 911//23 
f 907//23 911//23 912//23 
f 907//23 912//23 913//23 
f 907//23 913//23 914//23 
f 907//23 914//23 915//23 
f 907//23 915//23 916//23 
f 907//23 916//23 917//23 
f 907//23 917//23 918//23 
f 907//23 918//23 919//23 
f 901//23 903//23 920//23 
f 921//23 901//23 920//23 
f 921//23 920//23 922//23 
f 923//23 921//23 922//23 
f 923//23 922//23 924//23 
f 925//23 923//23 924//23 
f 925//23 924//23 926//23 
f 927//23 925//23 926//23 
f 927//23 926//23 928//23 
f 927//23 928//23 929//23 
f 930//23 927//23 929//23 
f 930//23 929//23 931//23 
f 930//23 931//23 932//23 
f 933//23 930//23 932//23 
f 933//23 932//23 934//23 
f 933//23 934//23 935//23 
f 933//23 935//23 936//23 
f 937//23 933//23 936//23 
f 937//23 936//23 938//23 
f 937//23 938//23 939//23 
f 940//23 937//23 939//23 
f 940//23 939//23 941//23 
f 940//23 941//23 942//23 
f 943//23 940//23 942//23 
f 943//23 942//23 944//23 
f 945//23 943//23 944//23 
f 945//23 944//23 946//23 
f 947//23 945//23 946//23 
f 948//23 947//23 946//23 
f 948//23 946//23 907//23 
f 948//23 907//23 919//23 
f 855//24 859//24 857//24 
f 897//24 806//24 899//24 
f 895//24 806//24 897//24 
f 895//24 807//24 806//24 
f 895//24 809//24 807//24 
f 895//24 811//24 809//24 
f 895//24 813//24 811//24 
f 895//24 815//24 813//24 
f 895//24 817//24 815//24 
f 895//24 819//24 817//24 
f 895//24 821//24 819//24 
f 895//24 823//24 821//24 
f 895//24 825//24 823//24 
f 895//24 827//24 825//24 
f 895//24 829//24 827//24 
f 855//24 861//24 859//24 
f 853//24 861//24 855//24 
f 853//24 863//24 861//24 
f 851//24 863//24 853//24 
f 851//24 865//24 863//24 
f 849//24 865//24 851//24 
f 849//24 867//24 865//24 
f 847//24 867//24 849//24 
f 847//24 869//24 867//24 
f 847//24 871//24 869//24 
f 845//24 871//24 847//24 
f 845//24 873//24 871//24 
f 845//24 875//24 873//24 
f 843//24 875//24 845//24 
f 843//24 877//24 875//24 
f 843//24 879//24 877//24 
f 843//24 881//24 879//24 
f 841//24 881//24 843//24 
f 841//24 883//24 881//24 
f 841//24 885//24 883//24 
f 839//24 885//24 841//24 
f 839//24 887//24 885//24 
f 839//24 889//24 887//24 
f 837//24 889//24 839//24 
f 837//24 891//24 889//24 
f 835//24 891//24 837//24 
f 835//24 893//24 891//24 
f 833//24 893//24 835//24 
f 831//24 893//24 833//24 
f 831//24 895//24 893//24 
f 831//24 829//24 895//24 
s 1
f 949//1 950//1 951//1 
f 949//1 951//1 952//1 
s 4
f 952//25 951//25 953//25 
f 952//25 953//25 954//25 
s 2
f 954//7 953//7 955//7 
f 954//7 955//7 956//7 
s 4
f 956//26 955//26 950//26 
f 956//26 950//26 949//26 
s 512
f 957//23 958//23 959//23 
f 957//23 959//23 960//23 
f 953//24 950//24 955//24 
f 953//24 951//24 950//24 
s 1
f 961//1 962//1 963//1 
f 961//1 963//1 964//1 
s 4
f 964//25 963//25 965//25 
f 964//25 965//25 966//25 
s 2
f 966//1 965//1 967//1 
f 966//1 967//1 968//1 
s 4
f 968//243 967//243 969//244 
f 968//243 969//244 970//244 
f 970//244 969//244 971//245 
f 970//244 971//245 972//245 
f 972//245 971//245 973//246 
f 972//245 973//246 974//246 
f 974//246 973//246 975//247 
f 974//246 975//247 976//247 
f 976//247 975//247 977//248 
f 976//247 977//248 978//248 
f 978//248 977//248 979//249 
f 978//248 979//249 980//249 
f 980//249 979//249 981//250 
f 980//249 981//250 982//250 
f 982//250 981//250 983//251 
f 982//250 983//251 984//251 
f 984//251 983//251 985//252 
f 984//251 985//252 986//252 
f 986//252 985//252 987//253 
f 986//252 987//253 988//253 
f 988//253 987//253 989//254 
f 988//253 989//254 990//254 
f 990//254 989//254 991//255 
f 990//254 991//255 992//255 
f 992//255 991//255 993//256 
f 992//255 993//256 994//256 
f 994//256 993//256 995//257 
f 994//256 995//257 996//257 
f 996//257 995//257 997//258 
f 996//257 997//258 998//258 
f 998//258 997//258 999//259 
f 998//258 999//259 1000//259 
f 1000//259 999//259 1001//260 
f 1000//259 1001//260 1002//260 
f 1002//260 1001//260 1003//261 
f 1002//260 1003//261 1004//261 
f 1004//261 1003//261 1005//262 
f 1004//261 1005//262 1006//262 
f 1006//262 1005//262 1007//263 
f 1006//262 1007//263 1008//263 
f 1008//263 1007//263 1009//264 
f 1008//263 1009//264 1010//264 
f 1010//264 1009//264 1011//265 
f 1010//264 1011//265 1012//265 
f 1012//265 1011//265 1013//266 
f 1012//265 1013//266 1014//266 
f 1014//266 1013//266 1015//267 
f 1014//266 1015//267 1016//267 
f 1016//267 1015//267 1017//268 
f 1016//267 1017//268 1018//268 
f 1018//268 1017//268 1019//269 
f 1018//268 1019//269 1020//269 
f 1020//269 1019//269 1021//270 
f 1020//269 1021//270 1022//270 
f 1022//270 1021//270 1023//271 
f 1022//270 1023//271 1024//271 
f 1024//271 1023//271 1025//272 
f 1024//271 1025//272 1026//272 
f 1026//272 1025//272 1027//273 
f 1026//272 1027//273 1028//273 
s 2
f 1028//274 1027//274 1029//275 
f 1028//274 1029//275 1030//275 
f 1030//275 1029//275 1031//276 
f 1030//275 1031//276 1032//276 
f 1032//276 1031//276 1033//277 
f 1032//276 1033//277 1034//277 
f 1034//277 1033//277 1035//278 
f 1034//277 1035//278 1036//278 
f 1036//278 1035//278 1037//279 
f 1036//278 1037//279 1038//279 
f 1038//279 1037//279 1039//280 
f 1038//279 1039//280 1040//280 
s 4
f 1040//7 1039//7 1041//7 
f 1040//7 1041//7 1042//7 
s 2
f 1042//26 1041//26 962//26 
f 1042//26 962//26 961//26 
s 1
f 1043//25 1044//25 1045//25 
f 1043//25 1045//25 1046//25 
s 4
f 1046//1 1045//1 1047//1 
f 1046//1 1047//1 1048//1 
s 2
f 1048//281 1047//281 1049//282 
f 1048//281 1049//282 1050//282 
f 1050//282 1049//282 1051//283 
f 1050//282 1051//283 1052//283 
f 1052//283 1051//283 1053//284 
f 1052//283 1053//284 1054//284 
f 1054//284 1053//284 1055//285 
f 1054//284 1055//285 1056//285 
f 1056//285 1055//285 1057//286 
f 1056//285 1057//286 1058//286 
f 1058//286 1057//286 1059//287 
f 1058//286 1059//287 1060//287 
s 4
f 1060//288 1059//288 1061//289 
f 1060//288 1061//289 1062//289 
f 1062//289 1061//289 1063//290 
f 1062//289 1063//290 1064//290 
f 1064//290 1063//290 1065//291 
f 1064//290 1065//291 1066//291 
f 1066//291 1065//291 1067//292 
f 1066//291 1067//292 1068//292 
f 1068//292 1067//292 1069//293 
f 1068//292 1069//293 1070//293 
f 1070//293 1069//293 1071//294 
f 1070//293 1071//294 1072//294 
f 1072//294 1071//294 1073//295 
f 1072//294 1073//295 1074//295 
f 1074//295 1073//295 1075//296 
f 1074//295 1075//296 1076//296 
f 1076//296 1075//296 1077//297 
f 1076//296 1077//297 1078//297 
f 1078//297 1077//297 1079//298 
f 1078//297 1079//298 1080//298 
f 1080//298 1079//298 1081//299 
f 1080//298 1081//299 1082//299 
f 1082//299 1081//299 1083//300 
f 1082//299 1083//300 1084//300 
f 1084//300 1083//300 1085//301 
f 1084//300 1085//301 1086//301 
f 1086//301 1085//301 1087//302 
f 1086//301 1087//302 1088//302 
f 1088//302 1087//302 1089//303 
f 1088//302 1089//303 1090//303 
f 1090//303 1089//303 1091//304 
f 1090//303 1091//304 1092//304 
f 1092//304 1091//304 1093//305 
f 1092//304 1093//305 1094//305 
f 1094//305 1093//305 1095//306 
f 1094//305 1095//306 1096//306 
f 1096//306 1095//306 1097//307 
f 1096//306 1097//307 1098//307 
f 1098//307 1097//307 1099//308 
f 1098//307 1099//308 1100//308 
f 1100//308 1099//308 1101//309 
f 1100//308 1101//309 1102//309 
f 1102//309 1101//309 1103//310 
f 1102//309 1103//310 1104//310 
f 1104//310 1103//310 1105//311 
f 1104//310 1105//311 1106//311 
f 1106//311 1105//311 1107//312 
f 1106//311 1107//312 1108//312 
s 2
f 1108//7 1107//7 1044//7 
f 1108//7 1044//7 1043//7 
s 512
f 1109//23 1110//23 1111//23 
f 1109//23 1111//23 1112//23 
f 1113//23 1109//23 1112//23 
f 1113//23 1112//23 1114//23 
f 1115//23 1113//23 1114//23 
f 1115//23 1114//23 1116//23 
f 1117//23 1115//23 1116//23 
f 1117//23 1116//23 1118//23 
f 1119//23 1117//23 1118//23 
f 1119//23 1118//23 1120//23 
f 1121//23 1119//23 1120//23 
f 1121//23 1120//23 1122//23 
f 1123//23 1121//23 1122//23 
f 1123//23 1122//23 1124//23 
f 1125//23 1123//23 1124//23 
f 1125//23 1124//23 1126//23 
f 1127//23 1125//23 1126//23 
f 1127//23 1126//23 1128//23 
f 1129//23 1127//23 1128//23 
f 1110//23 1130//23 1131//23 
f 1111//23 1110//23 1131//23 
f 1132//23 1111//23 1131//23 
f 1132//23 1131//23 1133//23 
f 1132//23 1133//23 1134//23 
f 1135//23 1132//23 1134//23 
f 1136//23 1135//23 1134//23 
f 1136//23 1134//23 1137//23 
f 1138//23 1136//23 1137//23 
f 1138//23 1137//23 1139//23 
f 1140//23 1138//23 1139//23 
f 1140//23 1139//23 1141//23 
f 1142//23 1140//23 1141//23 
f 1142//23 1141//23 1143//23 
f 1144//23 1142//23 1143//23 
f 1144//23 1143//23 1145//23 
f 1146//23 1144//23 1145//23 
f 1146//23 1145//23 1147//23 
f 1148//23 1146//23 1147//23 
f 1148//23 1147//23 1149//23 
f 1150//23 1148//23 1149//23 
f 1150//23 1149//23 1151//23 
f 1152//23 1150//23 1151//23 
f 1152//23 1151//23 1153//23 
f 1152//23 1153//23 1154//23 
f 1155//23 1152//23 1154//23 
f 1155//23 1154//23 1156//23 
f 1157//23 1155//23 1156//23 
f 1157//23 1156//23 1158//23 
f 1159//23 1157//23 1158//23 
f 1159//23 1158//23 1160//23 
f 1161//23 1159//23 1160//23 
f 1161//23 1160//23 1162//23 
f 1163//23 1161//23 1162//23 
f 1163//23 1162//23 1164//23 
f 1163//23 1164//23 1165//23 
f 1166//23 1163//23 1165//23 
f 1166//23 1165//23 1167//23 
f 1168//23 1166//23 1167//23 
f 1168//23 1167//23 1169//23 
f 1168//23 1169//23 1170//23 
f 1171//23 1168//23 1170//23 
f 1171//23 1170//23 1172//23 
f 1173//23 1171//23 1172//23 
f 1173//23 1172//23 1174//23 
f 1173//23 1174//23 1175//23 
f 1176//23 1173//23 1175//23 
f 1176//23 1175//23 1177//23 
f 1176//23 1177//23 1178//23 
f 1179//23 1176//23 1178//23 
f 1179//23 1178//23 1180//23 
f 1181//23 1179//23 1180//23 
f 1181//23 1180//23 1182//23 
f 1181//23 1182//23 1129//23 
f 1181//23 1129//23 1128//23 
f 1041//24 1044//24 962//24 
f 1041//24 1045//24 1044//24 
f 1039//24 1045//24 1041//24 
f 1039//24 1047//24 1045//24 
f 1037//24 1047//24 1039//24 
f 1037//24 1049//24 1047//24 
f 1035//24 1049//24 1037//24 
f 1035//24 1051//24 1049//24 
f 1033//24 1051//24 1035//24 
f 1033//24 1053//24 1051//24 
f 1031//24 1053//24 1033//24 
f 1031//24 1055//24 1053//24 
f 1029//24 1055//24 1031//24 
f 1029//24 1057//24 1055//24 
f 1027//24 1057//24 1029//24 
f 1027//24 1059//24 1057//24 
f 1025//24 1059//24 1027//24 
f 1025//24 1061//24 1059//24 
f 1023//24 1061//24 1025//24 
f 962//24 965//24 963//24 
f 1044//24 965//24 962//24 
f 1107//24 965//24 1044//24 
f 1107//24 967//24 965//24 
f 1107//24 969//24 967//24 
f 1105//24 969//24 1107//24 
f 1103//24 969//24 1105//24 
f 1103//24 971//24 969//24 
f 1101//24 971//24 1103//24 
f 1101//24 973//24 971//24 
f 1099//24 973//24 1101//24 
f 1099//24 975//24 973//24 
f 1097//24 975//24 1099//24 
f 1097//24 977//24 975//24 
f 1095//24 977//24 1097//24 
f 1095//24 979//24 977//24 
f 1093//24 979//24 1095//24 
f 1093//24 981//24 979//24 
f 1091//24 981//24 1093//24 
f 1091//24 983//24 981//24 
f 1089//24 983//24 1091//24 
f 1089//24 985//24 983//24 
f 1087//24 985//24 1089//24 
f 1087//24 987//24 985//24 
f 1087//24 989//24 987//24 
f 1085//24 989//24 1087//24 
f 1085//24 991//24 989//24 
f 1083//24 991//24 1085//24 
f 1083//24 993//24 991//24 
f 1081//24 993//24 1083//24 
f 1081//24 995//24 993//24 
f 1079//24 995//24 1081//24 
f 1079//24 997//24 995//24 
f 1077//24 997//24 1079//24 
f 1077//24 999//24 997//24 
f 1077//24 1001//24 999//24 
f 1075//24 1001//24 1077//24 
f 1075//24 1003//24 1001//24 
f 1073//24 1003//24 1075//24 
f 1073//24 1005//24 1003//24 
f 1073//24 1007//24 1005//24 
f 1071//24 1007//24 1073//24 
f 1071//24 1009//24 1007//24 
f 1069//24 1009//24 1071//24 
f 1069//24 1011//24 1009//24 
f 1069//24 1013//24 1011//24 
f 1067//24 1013//24 1069//24 
f 1067//24 1015//24 1013//24 
f 1067//24 1017//24 1015//24 
f 1065//24 1017//24 1067//24 
f 1065//24 1019//24 1017//24 
f 1063//24 1019//24 1065//24 
f 1063//24 1021//24 1019//24 
f 1063//24 1023//24 1021//24 
f 1063//24 1061//24 1023//24 
s 1
f 1183//1 1184//1 1185//1 
f 1183//1 1185//1 1186//1 
s 4
f 1186//25 1185//25 1187//25 
f 1186//25 1187//25 1188//25 
s 2
f 1188//7 1187//7 1189//7 
f 1188//7 1189//7 1190//7 
s 4
f 1190//26 1189//26 1184//26 
f 1190//26 1184//26 1183//26 
s 512
f 1191//23 1192//23 1193//23 
f 1194//23 1191//23 1193//23 
f 1187//24 1184//24 1189//24 
f 1185//24 1184//24 1187//24 
s 1
f 1195//313 1196//313 1197//314 
f 1195//313 1197//314 1198//314 
s 3
f 1198//314 1197//314 1199//315 
f 1198//314 1199//315 1200//315 
s 2
f 1200//315 1199//315 1201//316 
f 1200//315 1201//316 1202//316 
f 1202//316 1201//316 1203//317 
f 1202//316 1203//317 1204//317 
f 1204//317 1203//317 1205//318 
f 1204//317 1205//318 1206//318 
f 1206//318 1205//318 1207//319 
f 1206//318 1207//319 1208//319 
s 4
f 1208//1 1207//1 1209//1 
f 1208//1 1209//1 1210//1 
s 2
f 1210//320 1209//320 1211//321 
f 1210//320 1211//321 1212//321 
f 1212//321 1211//321 1213//322 
f 1212//321 1213//322 1214//322 
f 1214//322 1213//322 1215//323 
f 1214//322 1215//323 1216//323 
f 1216//323 1215//323 1217//324 
f 1216//323 1217//324 1218//324 
f 1218//324 1217//324 1219//325 
f 1218//324 1219//325 1220//325 
f 1220//325 1219//325 1221//326 
f 1220//325 1221//326 1222//326 
f 1222//326 1221//326 1223//327 
f 1222//326 1223//327 1224//327 
f 1224//327 1223//327 1225//328 
f 1224//327 1225//328 1226//328 
f 1226//328 1225//328 1227//329 
f 1226//328 1227//329 1228//329 
f 1228//329 1227//329 1229//330 
f 1228//329 1229//330 1230//330 
f 1230//330 1229//330 1231//331 
f 1230//330 1231//331 1232//331 
f 1232//331 1231//331 1233//332 
f 1232//331 1233//332 1234//332 
s 4
f 1234//25 1233//25 1235//25 
f 1234//25 1235//25 1236//25 
s 2
f 1236//333 1235//333 1237//334 
f 1236//333 1237//334 1238//334 
f 1238//334 1237//334 1239//335 
f 1238//334 1239//335 1240//335 
f 1240//335 1239//335 1241//336 
f 1240//335 1241//336 1242//336 
f 1242//336 1241//336 1243//337 
f 1242//336 1243//337 1244//337 
f 1244//337 1243//337 1245//338 
f 1244//337 1245//338 1246//338 
f 1246//338 1245//338 1247//339 
f 1246//338 1247//339 1248//339 
s 4
f 1248//340 1247//340 1249//341 
f 1248//340 1249//341 1250//341 
f 1250//341 1249//341 1251//342 
f 1250//341 1251//342 1252//342 
f 1252//342 1251//342 1253//343 
f 1252//342 1253//343 1254//343 
f 1254//343 1253//343 1255//344 
f 1254//343 1255//344 1256//344 
f 1256//344 1255//344 1257//345 
f 1256//344 1257//345 1258//345 
f 1258//345 1257//345 1259//346 
f 1258//345 1259//346 1260//346 
f 1260//346 1259//346 1261//347 
f 1260//346 1261//347 1262//347 
f 1262//347 1261//347 1263//348 
f 1262//347 1263//348 1264//348 
f 1264//348 1263//348 1265//349 
f 1264//348 1265//349 1266//349 
f 1266//349 1265//349 1267//350 
f 1266//349 1267//350 1268//350 
f 1268//350 1267//350 1269//351 
f 1268//350 1269//351 1270//351 
f 1270//351 1269//351 1271//352 
f 1270//351 1271//352 1272//352 
f 1272//352 1271//352 1273//353 
f 1272//352 1273//353 1274//353 
f 1274//353 1273//353 1275//354 
f 1274//353 1275//354 1276//354 
f 1276//354 1275//354 1277//355 
f 1276//354 1277//355 1278//355 
f 1278//355 1277//355 1279//356 
f 1278//355 1279//356 1280//356 
f 1280//356 1279//356 1281//357 
f 1280//356 1281//357 1282//357 
f 1282//357 1281//357 1283//358 
f 1282//357 1283//358 1284//358 
f 1284//358 1283//358 1285//359 
f 1284//358 1285//359 1286//359 
f 1286//359 1285//359 1287//360 
f 1286//359 1287//360 1288//360 
f 1288//360 1287//360 1289//361 
f 1288//360 1289//361 1290//361 
f 1290//361 1289//361 1291//362 
f 1290//361 1291//362 1292//362 
f 1292//362 1291//362 1293//363 
f 1292//362 1293//363 1294//363 
f 1294//363 1293//363 1295//364 
f 1294//363 1295//364 1296//364 
f 1296//364 1295//364 1297//365 
f 1296//364 1297//365 1298//365 
f 1298//365 1297//365 1299//366 
f 1298//365 1299//366 1300//366 
f 1300//366 1299//366 1301//367 
f 1300//366 1301//367 1302//367 
f 1302//367 1301//367 1303//368 
f 1302//367 1303//368 1304//368 
f 1304//368 1303//368 1305//369 
f 1304//368 1305//369 1306//369 
f 1306//369 1305//369 1307//370 
f 1306//369 1307//370 1308//370 
f 1308//370 1307//370 1309//371 
f 1308//370 1309//371 1310//371 
f 1310//371 1309//371 1311//372 
f 1310//371 1311//372 1312//372 
f 1312//372 1311//372 1313//373 
f 1312//372 1313//373 1314//373 
f 1314//373 1313//373 1315//374 
f 1314//373 1315//374 1316//374 
f 1316//374 1315//374 1317//375 
f 1316//374 1317//375 1318//375 
f 1318//375 1317//375 1319//376 
f 1318//375 1319//376 1320//376 
s 2
f 1320//377 1319//377 1321//377 
f 1320//377 1321//377 1322//377 
s 4
f 1322//378 1321//378 1323//379 
f 1322//378 1323//379 1324//379 
f 1324//379 1323//379 1325//380 
f 1324//379 1325//380 1326//380 
f 1326//380 1325//380 1327//381 
f 1326//380 1327//381 1328//381 
f 1328//381 1327//381 1329//382 
f 1328//381 1329//382 1330//382 
f 1330//382 1329//382 1331//383 
f 1330//382 1331//383 1332//383 
f 1332//383 1331//383 1333//384 
f 1332//383 1333//384 1334//384 
f 1334//384 1333//384 1335//385 
f 1334//384 1335//385 1336//385 
f 1336//385 1335//385 1337//386 
f 1336//385 1337//386 1338//386 
f 1338//386 1337//386 1339//387 
f 1338//386 1339//387 1340//387 
f 1340//387 1339//387 1341//388 
f 1340//387 1341//388 1342//388 
f 1342//388 1341//388 1343//389 
f 1342//388 1343//389 1344//389 
f 1344//389 1343//389 1345//390 
f 1344//389 1345//390 1346//390 
f 1346//390 1345//390 1347//391 
f 1346//390 1347//391 1348//391 
f 1348//391 1347//391 1349//392 
f 1348//391 1349//392 1350//392 
f 1350//392 1349//392 1351//393 
f 1350//392 1351//393 1352//393 
f 1352//393 1351//393 1353//394 
f 1352//393 1353//394 1354//394 
f 1354//394 1353//394 1355//395 
f 1354//394 1355//395 1356//395 
f 1356//395 1355//395 1357//396 
f 1356//395 1357//396 1358//396 
f 1358//396 1357//396 1359//397 
f 1358//396 1359//397 1360//397 
f 1360//397 1359//397 1361//398 
f 1360//397 1361//398 1362//398 
f 1362//398 1361//398 1363//399 
f 1362//398 1363//399 1364//399 
f 1364//399 1363//399 1365//400 
f 1364//399 1365//400 1366//400 
f 1366//400 1365//400 1367//401 
f 1366//400 1367//401 1368//401 
f 1368//401 1367//401 1369//402 
f 1368//401 1369//402 1370//402 
f 1370//402 1369//402 1371//403 
f 1370//402 1371//403 1372//403 
s 2
f 1372//404 1371//404 1373//405 
f 1372//404 1373//405 1374//405 
f 1374//405 1373//405 1375//406 
f 1374//405 1375//406 1376//406 
f 1376//406 1375//406 1377//407 
f 1376//406 1377//407 1378//407 
f 1378//407 1377//407 1379//408 
f 1378//407 1379//408 1380//408 
f 1380//408 1379//408 1381//409 
f 1380//408 1381//409 1382//409 
f 1382//409 1381//409 1383//410 
f 1382//409 1383//410 1384//410 
f 1384//410 1383//410 1385//411 
f 1384//410 1385//411 1386//411 
f 1386//411 1385//411 1387//412 
f 1386//411 1387//412 1388//412 
f 1388//412 1387//412 1389//413 
f 1388//412 1389//413 1390//413 
f 1390//413 1389//413 1391//414 
f 1390//413 1391//414 1392//414 
f 1392//414 1391//414 1393//415 
f 1392//414 1393//415 1394//415 
f 1394//415 1393//415 1395//416 
f 1394//415 1395//416 1396//416 
s 4
f 1396//417 1395//417 1397//418 
f 1396//417 1397//418 1398//418 
f 1398//418 1397//418 1399//419 
f 1398//418 1399//419 1400//419 
f 1400//419 1399//419 1401//420 
f 1400//419 1401//420 1402//420 
f 1402//420 1401//420 1403//421 
f 1402//420 1403//421 1404//421 
f 1404//421 1403//421 1405//422 
f 1404//421 1405//422 1406//422 
f 1406//422 1405//422 1407//423 
f 1406//422 1407//423 1408//423 
f 1408//423 1407//423 1409//424 
f 1408//423 1409//424 1410//424 
f 1410//424 1409//424 1411//425 
f 1410//424 1411//425 1412//425 
f 1412//425 1411//425 1413//426 
f 1412//425 1413//426 1414//426 
f 1414//426 1413//426 1415//427 
f 1414//426 1415//427 1416//427 
f 1416//427 1415//427 1417//428 
f 1416//427 1417//428 1418//428 
f 1418//428 1417//428 1419//429 
f 1418//428 1419//429 1420//429 
f 1420//429 1419//429 1421//430 
f 1420//429 1421//430 1422//430 
f 1422//430 1421//430 1423//431 
f 1422//430 1423//431 1424//431 
f 1424//431 1423//431 1425//432 
f 1424//431 1425//432 1426//432 
f 1426//432 1425//432 1427//433 
f 1426//432 1427//433 1428//433 
f 1428//433 1427//433 1429//434 
f 1428//433 1429//434 1430//434 
f 1430//434 1429//434 1431//435 
f 1430//434 1431//435 1432//435 
f 1432//435 1431//435 1433//436 
f 1432//435 1433//436 1434//436 
f 1434//436 1433//436 1435//437 
f 1434//436 1435//437 1436//437 
f 1436//437 1435//437 1437//438 
f 1436//437 1437//438 1438//438 
f 1438//438 1437//438 1439//439 
f 1438//438 1439//439 1440//439 
f 1440//439 1439//439 1441//440 
f 1440//439 1441//440 1442//440 
f 1442//440 1441//440 1443//441 
f 1442//440 1443//441 1444//442 
f 1444//442 1443//441 1445//443 
f 1444//442 1445//443 1446//443 
f 1446//443 1445//443 1447//444 
f 1446//443 1447//444 1448//444 
f 1448//444 1447//444 1449//445 
f 1448//444 1449//445 1450//445 
f 1450//445 1449//445 1451//446 
f 1450//445 1451//446 1452//446 
f 1452//446 1451//446 1453//447 
f 1452//446 1453//447 1454//447 
f 1454//447 1453//447 1455//448 
f 1454//447 1455//448 1456//448 
f 1456//448 1455//448 1457//449 
f 1456//448 1457//449 1458//449 
f 1458//449 1457//449 1459//450 
f 1458//449 1459//450 1460//450 
f 1460//450 1459//450 1461//451 
f 1460//450 1461//451 1462//451 
f 1462//451 1461//451 1463//452 
f 1462//451 1463//452 1464//452 
f 1464//452 1463//452 1465//453 
f 1464//452 1465//453 1466//453 
f 1466//453 1465//453 1467//454 
f 1466//453 1467//454 1468//454 
f 1468//454 1467//454 1469//455 
f 1468//454 1469//455 1470//455 
f 1470//455 1469//455 1471//456 
f 1470//455 1471//456 1472//456 
f 1472//456 1471//456 1473//457 
f 1472//456 1473//457 1474//457 
f 1474//457 1473//457 1475//458 
f 1474//457 1475//458 1476//458 
f 1476//458 1475//458 1477//459 
f 1476//458 1477//459 1478//459 
f 1478//459 1477//459 1196//460 
f 1478//459 1196//460 1195//460 
s 1
f 1479//461 1480//461 1481//461 
f 1479//461 1481//461 1482//461 
s 4
f 1482//462 1481//462 1483//463 
f 1482//462 1483//463 1484//463 
f 1484//463 1483//463 1485//464 
f 1484//463 1485//464 1486//464 
f 1486//464 1485//464 1487//465 
f 1486//464 1487//465 1488//465 
f 1488//465 1487//465 1489//466 
f 1488//465 1489//466 1490//466 
f 1490//466 1489//466 1491//467 
f 1490//466 1491//467 1492//467 
f 1492//467 1491//467 1493//468 
f 1492//467 1493//468 1494//468 
f 1494//468 1493//468 1495//469 
f 1494//468 1495//469 1496//469 
f 1496//469 1495//469 1497//470 
f 1496//469 1497//470 1498//470 
f 1498//470 1497//470 1499//471 
f 1498//470 1499//471 1500//471 
f 1500//471 1499//471 1501//472 
f 1500//471 1501//472 1502//472 
f 1502//472 1501//472 1503//473 
f 1502//472 1503//473 1504//473 
f 1504//473 1503//473 1505//474 
f 1504//473 1505//474 1506//474 
f 1506//474 1505//474 1507//475 
f 1506//474 1507//475 1508//475 
f 1508//475 1507//475 1509//476 
f 1508//475 1509//476 1510//476 
f 1510//476 1509//476 1511//477 
f 1510//476 1511//477 1512//477 
f 1512//477 1511//477 1513//310 
f 1512//477 1513//310 1514//310 
f 1514//310 1513//310 1515//478 
f 1514//310 1515//478 1516//478 
f 1516//478 1515//478 1517//479 
f 1516//478 1517//479 1518//479 
f 1518//479 1517//479 1519//480 
f 1518//479 1519//480 1520//480 
f 1520//480 1519//480 1521//481 
f 1520//480 1521//481 1522//481 
f 1522//481 1521//481 1523//482 
f 1522//481 1523//482 1524//482 
f 1524//482 1523//482 1525//483 
f 1524//482 1525//483 1526//483 
f 1526//483 1525//483 1527//484 
f 1526//483 1527//484 1528//484 
f 1528//484 1527//484 1529//485 
f 1528//484 1529//485 1530//485 
f 1530//485 1529//485 1531//486 
f 1530//485 1531//486 1532//486 
f 1532//486 1531//486 1533//487 
f 1532//486 1533//487 1534//487 
f 1534//487 1533//487 1535//488 
f 1534//487 1535//488 1536//488 
f 1536//488 1535//488 1537//489 
f 1536//488 1537//489 1538//489 
f 1538//489 1537//489 1539//490 
f 1538//489 1539//490 1540//490 
f 1540//490 1539//490 1541//491 
f 1540//490 1541//491 1542//491 
f 1542//491 1541//491 1543//492 
f 1542//491 1543//492 1544//492 
f 1544//492 1543//492 1545//493 
f 1544//492 1545//493 1546//493 
f 1546//493 1545//493 1547//494 
f 1546//493 1547//494 1548//494 
f 1548//494 1547//494 1549//495 
f 1548//494 1549//495 1550//495 
f 1550//495 1549//495 1551//496 
f 1550//495 1551//496 1552//496 
f 1552//496 1551//496 1553//497 
f 1552//496 1553//497 1554//497 
f 1554//497 1553//497 1555//498 
f 1554//497 1555//498 1556//498 
f 1556//498 1555//498 1557//499 
f 1556//498 1557//499 1558//499 
f 1558//499 1557//499 1559//500 
f 1558//499 1559//500 1560//500 
f 1560//500 1559//500 1561//501 
f 1560//500 1561//501 1562//501 
f 1562//501 1561//501 1563//502 
f 1562//501 1563//502 1564//502 
f 1564//502 1563//502 1565//503 
f 1564//502 1565//503 1566//503 
f 1566//503 1565//503 1567//504 
f 1566//503 1567//504 1568//504 
f 1568//504 1567//504 1569//505 
f 1568//504 1569//505 1570//505 
f 1570//505 1569//505 1571//506 
f 1570//505 1571//506 1572//506 
f 1572//506 1571//506 1573//507 
f 1572//506 1573//507 1574//507 
f 1574//507 1573//507 1575//508 
f 1574//507 1575//508 1576//508 
f 1576//508 1575//508 1577//509 
f 1576//508 1577//509 1578//509 
f 1578//509 1577//509 1579//510 
f 1578//509 1579//510 1580//510 
f 1580//510 1579//510 1581//511 
f 1580//510 1581//511 1582//511 
f 1582//511 1581//511 1583//512 
f 1582//511 1583//512 1584//512 
f 1584//512 1583//512 1585//513 
f 1584//512 1585//513 1586//513 
f 1586//513 1585//513 1587//514 
f 1586//513 1587//514 1588//514 
f 1588//514 1587//514 1480//515 
f 1588//514 1480//515 1479//515 
s 512
f 1589//23 1590//23 1591//23 
f 1589//23 1591//23 1592//23 
f 1589//23 1592//23 1593//23 
f 1589//23 1593//23 1594//23 
f 1589//23 1594//23 1595//23 
f 1589//23 1595//23 1596//23 
f 1589//23 1596//23 1597//23 
f 1589//23 1597//23 1598//23 
f 1599//23 1600//23 1601//23 
f 1599//23 1601//23 1602//23 
f 1589//23 1598//23 1603//23 
f 1604//23 1589//23 1603//23 
f 1604//23 1603//23 1605//23 
f 1606//23 1607//23 1608//23 
f 1599//23 1602//23 1609//23 
f 1610//23 1604//23 1605//23 
f 1610//23 1605//23 1611//23 
f 1606//23 1608//23 1612//23 
f 1613//23 1606//23 1612//23 
f 1614//23 1613//23 1612//23 
f 1614//23 1612//23 1615//23 
f 1616//23 1614//23 1615//23 
f 1616//23 1615//23 1617//23 
f 1618//23 1616//23 1617//23 
f 1619//23 1618//23 1617//23 
f 1619//23 1617//23 1620//23 
f 1621//23 1619//23 1620//23 
f 1622//23 1621//23 1620//23 
f 1622//23 1620//23 1623//23 
f 1624//23 1622//23 1623//23 
f 1625//23 1624//23 1623//23 
f 1625//23 1623//23 1626//23 
f 1627//23 1625//23 1626//23 
f 1627//23 1626//23 1628//23 
f 1629//23 1627//23 1628//23 
f 1629//23 1628//23 1630//23 
f 1631//23 1629//23 1630//23 
f 1632//23 1610//23 1611//23 
f 1632//23 1611//23 1633//23 
f 1634//23 1631//23 1630//23 
f 1634//23 1630//23 1635//23 
f 1636//23 1634//23 1635//23 
f 1636//23 1635//23 1637//23 
f 1638//23 1636//23 1637//23 
f 1638//23 1637//23 1639//23 
f 1640//23 1638//23 1639//23 
f 1640//23 1639//23 1641//23 
f 1642//23 1640//23 1641//23 
f 1642//23 1641//23 1643//23 
f 1644//23 1642//23 1643//23 
f 1644//23 1643//23 1645//23 
f 1646//23 1644//23 1645//23 
f 1647//23 1632//23 1633//23 
f 1647//23 1633//23 1648//23 
f 1649//23 1647//23 1648//23 
f 1649//23 1648//23 1650//23 
f 1651//23 1649//23 1650//23 
f 1651//23 1650//23 1652//23 
f 1653//23 1651//23 1652//23 
f 1653//23 1652//23 1654//23 
f 1655//23 1653//23 1654//23 
f 1656//23 1655//23 1654//23 
f 1656//23 1654//23 1657//23 
f 1658//23 1656//23 1657//23 
f 1658//23 1657//23 1659//23 
f 1660//23 1658//23 1659//23 
f 1660//23 1659//23 1661//23 
f 1662//23 1660//23 1661//23 
f 1663//23 1662//23 1661//23 
f 1663//23 1661//23 1664//23 
f 1663//23 1664//23 1665//23 
f 1666//23 1663//23 1665//23 
f 1666//23 1665//23 1667//23 
f 1668//23 1666//23 1667//23 
f 1668//23 1667//23 1669//23 
f 1670//23 1668//23 1669//23 
f 1670//23 1669//23 1671//23 
f 1672//23 1670//23 1671//23 
f 1672//23 1671//23 1673//23 
f 1674//23 1672//23 1673//23 
f 1675//23 1674//23 1673//23 
f 1675//23 1673//23 1676//23 
f 1677//23 1675//23 1676//23 
f 1677//23 1676//23 1678//23 
f 1679//23 1677//23 1678//23 
f 1679//23 1678//23 1680//23 
f 1681//23 1679//23 1680//23 
f 1682//23 1681//23 1680//23 
f 1682//23 1680//23 1683//23 
f 1684//23 1682//23 1683//23 
f 1684//23 1683//23 1685//23 
f 1686//23 1684//23 1685//23 
f 1686//23 1685//23 1687//23 
f 1688//23 1686//23 1687//23 
f 1689//23 1688//23 1687//23 
f 1689//23 1687//23 1690//23 
f 1691//23 1689//23 1690//23 
f 1691//23 1690//23 1692//23 
f 1693//23 1691//23 1692//23 
f 1694//23 1693//23 1692//23 
f 1694//23 1692//23 1695//23 
f 1696//23 1694//23 1695//23 
f 1696//23 1695//23 1697//23 
f 1698//23 1696//23 1697//23 
f 1698//23 1697//23 1699//23 
f 1700//23 1698//23 1699//23 
f 1701//23 1700//23 1699//23 
f 1701//23 1699//23 1702//23 
f 1703//23 1701//23 1702//23 
f 1703//23 1702//23 1704//23 
f 1705//23 1703//23 1704//23 
f 1706//23 1705//23 1704//23 
f 1706//23 1704//23 1707//23 
f 1708//23 1706//23 1707//23 
f 1708//23 1707//23 1709//23 
f 1710//23 1708//23 1709//23 
f 1710//23 1709//23 1711//23 
f 1712//23 1710//23 1711//23 
f 1712//23 1711//23 1713//23 
f 1714//23 1712//23 1713//23 
f 1715//23 1714//23 1713//23 
f 1715//23 1713//23 1716//23 
f 1717//23 1715//23 1716//23 
f 1717//23 1716//23 1718//23 
f 1719//23 1717//23 1718//23 
f 1719//23 1718//23 1720//23 
f 1721//23 1719//23 1720//23 
f 1721//23 1720//23 1722//23 
f 1723//23 1721//23 1722//23 
f 1723//23 1722//23 1724//23 
f 1725//23 1723//23 1724//23 
f 1726//23 1725//23 1724//23 
f 1726//23 1724//23 1727//23 
f 1728//23 1726//23 1727//23 
f 1728//23 1727//23 1729//23 
f 1728//23 1729//23 1730//23 
f 1731//23 1728//23 1730//23 
f 1731//23 1730//23 1732//23 
f 1733//23 1731//23 1732//23 
f 1733//23 1732//23 1734//23 
f 1735//23 1733//23 1734//23 
f 1735//23 1734//23 1736//23 
f 1737//23 1735//23 1736//23 
f 1737//23 1736//23 1738//23 
f 1739//23 1737//23 1738//23 
f 1740//23 1599//23 1609//23 
f 1740//23 1609//23 1741//23 
f 1742//23 1740//23 1741//23 
f 1742//23 1741//23 1743//23 
f 1744//23 1742//23 1743//23 
f 1745//23 1744//23 1743//23 
f 1745//23 1743//23 1746//23 
f 1747//23 1745//23 1746//23 
f 1747//23 1746//23 1748//23 
f 1589//23 1747//23 1748//23 
f 1590//23 1589//23 1748//23 
f 1590//23 1748//23 1749//23 
f 1590//23 1749//23 1750//23 
f 1590//23 1750//23 1751//23 
f 1590//23 1751//23 1752//23 
f 1590//23 1752//23 1753//23 
f 1590//23 1753//23 1754//23 
f 1738//23 1590//23 1754//23 
f 1739//23 1738//23 1754//23 
f 1755//23 1739//23 1754//23 
f 1755//23 1754//23 1756//23 
f 1755//23 1756//23 1757//23 
f 1758//23 1755//23 1757//23 
f 1758//23 1757//23 1759//23 
f 1760//23 1758//23 1759//23 
f 1760//23 1759//23 1761//23 
f 1760//23 1761//23 1762//23 
f 1763//23 1760//23 1762//23 
f 1763//23 1762//23 1764//23 
f 1763//23 1764//23 1765//23 
f 1763//23 1765//23 1766//23 
f 1767//23 1763//23 1766//23 
f 1767//23 1766//23 1768//23 
f 1767//23 1768//23 1769//23 
f 1767//23 1769//23 1770//23 
f 1771//23 1767//23 1770//23 
f 1771//23 1770//23 1772//23 
f 1771//23 1772//23 1773//23 
f 1771//23 1773//23 1774//23 
f 1775//23 1771//23 1774//23 
f 1775//23 1774//23 1776//23 
f 1775//23 1776//23 1777//23 
f 1778//23 1775//23 1777//23 
f 1778//23 1777//23 1779//23 
f 1778//23 1779//23 1780//23 
f 1781//23 1778//23 1780//23 
f 1781//23 1780//23 1782//23 
f 1781//23 1782//23 1783//23 
f 1784//23 1781//23 1783//23 
f 1784//23 1783//23 1785//23 
f 1784//23 1785//23 1646//23 
f 1784//23 1646//23 1645//23 
f 1196//24 1483//24 1481//24 
f 1196//24 1485//24 1483//24 
f 1196//24 1487//24 1485//24 
f 1196//24 1489//24 1487//24 
f 1196//24 1491//24 1489//24 
f 1196//24 1493//24 1491//24 
f 1196//24 1495//24 1493//24 
f 1196//24 1497//24 1495//24 
f 1207//24 1211//24 1209//24 
f 1207//24 1213//24 1211//24 
f 1196//24 1499//24 1497//24 
f 1477//24 1499//24 1196//24 
f 1477//24 1501//24 1499//24 
f 1317//24 1321//24 1319//24 
f 1207//24 1215//24 1213//24 
f 1475//24 1501//24 1477//24 
f 1475//24 1503//24 1501//24 
f 1317//24 1323//24 1321//24 
f 1315//24 1323//24 1317//24 
f 1313//24 1323//24 1315//24 
f 1313//24 1325//24 1323//24 
f 1311//24 1325//24 1313//24 
f 1311//24 1327//24 1325//24 
f 1309//24 1327//24 1311//24 
f 1307//24 1327//24 1309//24 
f 1307//24 1329//24 1327//24 
f 1305//24 1329//24 1307//24 
f 1303//24 1329//24 1305//24 
f 1303//24 1331//24 1329//24 
f 1301//24 1331//24 1303//24 
f 1299//24 1331//24 1301//24 
f 1299//24 1333//24 1331//24 
f 1297//24 1333//24 1299//24 
f 1297//24 1335//24 1333//24 
f 1295//24 1335//24 1297//24 
f 1295//24 1337//24 1335//24 
f 1293//24 1337//24 1295//24 
f 1473//24 1503//24 1475//24 
f 1473//24 1505//24 1503//24 
f 1291//24 1337//24 1293//24 
f 1291//24 1339//24 1337//24 
f 1289//24 1339//24 1291//24 
f 1289//24 1341//24 1339//24 
f 1287//24 1341//24 1289//24 
f 1287//24 1343//24 1341//24 
f 1285//24 1343//24 1287//24 
f 1285//24 1345//24 1343//24 
f 1283//24 1345//24 1285//24 
f 1283//24 1347//24 1345//24 
f 1281//24 1347//24 1283//24 
f 1281//24 1349//24 1347//24 
f 1279//24 1349//24 1281//24 
f 1471//24 1505//24 1473//24 
f 1471//24 1507//24 1505//24 
f 1469//24 1507//24 1471//24 
f 1469//24 1509//24 1507//24 
f 1467//24 1509//24 1469//24 
f 1467//24 1511//24 1509//24 
f 1465//24 1511//24 1467//24 
f 1465//24 1513//24 1511//24 
f 1463//24 1513//24 1465//24 
f 1461//24 1513//24 1463//24 
f 1461//24 1515//24 1513//24 
f 1459//24 1515//24 1461//24 
f 1459//24 1517//24 1515//24 
f 1457//24 1517//24 1459//24 
f 1457//24 1519//24 1517//24 
f 1455//24 1519//24 1457//24 
f 1453//24 1519//24 1455//24 
f 1453//24 1521//24 1519//24 
f 1453//24 1523//24 1521//24 
f 1451//24 1523//24 1453//24 
f 1451//24 1525//24 1523//24 
f 1449//24 1525//24 1451//24 
f 1449//24 1527//24 1525//24 
f 1447//24 1527//24 1449//24 
f 1447//24 1529//24 1527//24 
f 1445//24 1529//24 1447//24 
f 1445//24 1531//24 1529//24 
f 1443//24 1531//24 1445//24 
f 1441//24 1531//24 1443//24 
f 1441//24 1533//24 1531//24 
f 1439//24 1533//24 1441//24 
f 1439//24 1535//24 1533//24 
f 1437//24 1535//24 1439//24 
f 1437//24 1537//24 1535//24 
f 1435//24 1537//24 1437//24 
f 1433//24 1537//24 1435//24 
f 1433//24 1539//24 1537//24 
f 1431//24 1539//24 1433//24 
f 1431//24 1541//24 1539//24 
f 1429//24 1541//24 1431//24 
f 1429//24 1543//24 1541//24 
f 1427//24 1543//24 1429//24 
f 1425//24 1543//24 1427//24 
f 1425//24 1545//24 1543//24 
f 1423//24 1545//24 1425//24 
f 1423//24 1547//24 1545//24 
f 1421//24 1547//24 1423//24 
f 1419//24 1547//24 1421//24 
f 1419//24 1549//24 1547//24 
f 1417//24 1549//24 1419//24 
f 1417//24 1551//24 1549//24 
f 1415//24 1551//24 1417//24 
f 1415//24 1553//24 1551//24 
f 1413//24 1553//24 1415//24 
f 1411//24 1553//24 1413//24 
f 1411//24 1555//24 1553//24 
f 1409//24 1555//24 1411//24 
f 1409//24 1557//24 1555//24 
f 1407//24 1557//24 1409//24 
f 1405//24 1557//24 1407//24 
f 1405//24 1559//24 1557//24 
f 1403//24 1559//24 1405//24 
f 1403//24 1561//24 1559//24 
f 1401//24 1561//24 1403//24 
f 1401//24 1563//24 1561//24 
f 1399//24 1563//24 1401//24 
f 1399//24 1565//24 1563//24 
f 1397//24 1565//24 1399//24 
f 1395//24 1565//24 1397//24 
f 1395//24 1567//24 1565//24 
f 1393//24 1567//24 1395//24 
f 1393//24 1569//24 1567//24 
f 1391//24 1569//24 1393//24 
f 1391//24 1571//24 1569//24 
f 1389//24 1571//24 1391//24 
f 1389//24 1573//24 1571//24 
f 1387//24 1573//24 1389//24 
f 1387//24 1575//24 1573//24 
f 1385//24 1575//24 1387//24 
f 1383//24 1575//24 1385//24 
f 1383//24 1577//24 1575//24 
f 1381//24 1577//24 1383//24 
f 1381//24 1579//24 1577//24 
f 1381//24 1581//24 1579//24 
f 1379//24 1581//24 1381//24 
f 1379//24 1583//24 1581//24 
f 1377//24 1583//24 1379//24 
f 1377//24 1585//24 1583//24 
f 1375//24 1585//24 1377//24 
f 1375//24 1587//24 1585//24 
f 1373//24 1587//24 1375//24 
f 1373//24 1480//24 1587//24 
f 1371//24 1480//24 1373//24 
f 1205//24 1215//24 1207//24 
f 1205//24 1217//24 1215//24 
f 1203//24 1217//24 1205//24 
f 1203//24 1219//24 1217//24 
f 1201//24 1219//24 1203//24 
f 1199//24 1219//24 1201//24 
f 1199//24 1221//24 1219//24 
f 1197//24 1221//24 1199//24 
f 1197//24 1223//24 1221//24 
f 1196//24 1223//24 1197//24 
f 1481//24 1223//24 1196//24 
f 1481//24 1225//24 1223//24 
f 1481//24 1227//24 1225//24 
f 1481//24 1229//24 1227//24 
f 1481//24 1231//24 1229//24 
f 1481//24 1233//24 1231//24 
f 1481//24 1235//24 1233//24 
f 1480//24 1235//24 1481//24 
f 1371//24 1235//24 1480//24 
f 1369//24 1235//24 1371//24 
f 1369//24 1237//24 1235//24 
f 1369//24 1239//24 1237//24 
f 1367//24 1239//24 1369//24 
f 1367//24 1241//24 1239//24 
f 1365//24 1241//24 1367//24 
f 1365//24 1243//24 1241//24 
f 1365//24 1245//24 1243//24 
f 1363//24 1245//24 1365//24 
f 1363//24 1247//24 1245//24 
f 1363//24 1249//24 1247//24 
f 1363//24 1251//24 1249//24 
f 1361//24 1251//24 1363//24 
f 1361//24 1253//24 1251//24 
f 1361//24 1255//24 1253//24 
f 1361//24 1257//24 1255//24 
f 1359//24 1257//24 1361//24 
f 1359//24 1259//24 1257//24 
f 1359//24 1261//24 1259//24 
f 1359//24 1263//24 1261//24 
f 1357//24 1263//24 1359//24 
f 1357//24 1265//24 1263//24 
f 1357//24 1267//24 1265//24 
f 1355//24 1267//24 1357//24 
f 1355//24 1269//24 1267//24 
f 1355//24 1271//24 1269//24 
f 1353//24 1271//24 1355//24 
f 1353//24 1273//24 1271//24 
f 1353//24 1275//24 1273//24 
f 1351//24 1275//24 1353//24 
f 1351//24 1277//24 1275//24 
f 1351//24 1279//24 1277//24 
f 1351//24 1349//24 1279//24 
s 1
f 1786//445 1787//445 1788//516 
f 1786//445 1788//516 1789//516 
s 3
f 1789//516 1788//516 1790//517 
f 1789//516 1790//517 1791//517 
s 2
f 1791//517 1790//517 1792//518 
f 1791//517 1792//518 1793//518 
f 1793//518 1792//518 1794//519 
f 1793//518 1794//519 1795//519 
f 1795//519 1794//519 1796//520 
f 1795//519 1796//520 1797//520 
f 1797//520 1796//520 1798//521 
f 1797//520 1798//521 1799//521 
f 1799//521 1798//521 1800//522 
f 1799//521 1800//522 1801//522 
f 1801//522 1800//522 1802//523 
f 1801//522 1802//523 1803//523 
f 1803//523 1802//523 1804//524 
f 1803//523 1804//524 1805//524 
f 1805//524 1804//524 1806//525 
f 1805//524 1806//525 1807//525 
f 1807//525 1806//525 1808//526 
f 1807//525 1808//526 1809//526 
f 1809//526 1808//526 1810//527 
f 1809//526 1810//527 1811//527 
f 1811//527 1810//527 1812//528 
f 1811//527 1812//528 1813//528 
f 1813//528 1812//528 1814//529 
f 1813//528 1814//529 1815//529 
f 1815//529 1814//529 1816//530 
f 1815//529 1816//530 1817//530 
f 1817//530 1816//530 1818//531 
f 1817//530 1818//531 1819//531 
f 1819//531 1818//531 1820//532 
f 1819//531 1820//532 1821//532 
f 1821//532 1820//532 1822//533 
f 1821//532 1822//533 1823//533 
f 1823//533 1822//533 1824//534 
f 1823//533 1824//534 1825//534 
f 1825//534 1824//534 1826//535 
f 1825//534 1826//535 1827//535 
f 1827//535 1826//535 1828//536 
f 1827//535 1828//536 1829//536 
f 1829//536 1828//536 1830//537 
f 1829//536 1830//537 1831//537 
f 1831//537 1830//537 1832//538 
f 1831//537 1832//538 1833//538 
f 1833//538 1832//538 1834//539 
f 1833//538 1834//539 1835//539 
s 4
f 1835//540 1834//540 1836//540 
f 1835//540 1836//540 1837//540 
s 2
f 1837//7 1836//7 1838//7 
f 1837//7 1838//7 1839//7 
s 4
f 1839//541 1838//541 1840//541 
f 1839//541 1840//541 1841//541 
s 2
f 1841//542 1840//542 1842//543 
f 1841//542 1842//543 1843//543 
f 1843//543 1842//543 1844//544 
f 1843//543 1844//544 1845//544 
f 1845//544 1844//544 1846//545 
f 1845//544 1846//545 1847//545 
f 1847//545 1846//545 1848//546 
f 1847//545 1848//546 1849//546 
f 1849//546 1848//546 1850//547 
f 1849//546 1850//547 1851//547 
f 1851//547 1850//547 1852//548 
f 1851//547 1852//548 1853//548 
s 4
f 1853//549 1852//549 1854//550 
f 1853//549 1854//550 1855//550 
f 1855//550 1854//550 1856//551 
f 1855//550 1856//551 1857//551 
f 1857//551 1856//551 1858//552 
f 1857//551 1858//552 1859//552 
f 1859//552 1858//552 1860//553 
f 1859//552 1860//553 1861//553 
f 1861//553 1860//553 1862//554 
f 1861//553 1862//554 1863//554 
f 1863//554 1862//554 1864//555 
f 1863//554 1864//555 1865//555 
s 2
f 1865//556 1864//556 1866//556 
f 1865//556 1866//556 1867//556 
s 4
f 1867//7 1866//7 1868//7 
f 1867//7 1868//7 1869//7 
s 2
f 1869//557 1868//557 1870//557 
f 1869//557 1870//557 1871//557 
s 4
f 1871//558 1870//558 1872//558 
f 1871//558 1872//558 1873//558 
s 2
f 1873//559 1872//559 1874//560 
f 1873//559 1874//560 1875//560 
f 1875//560 1874//560 1876//561 
f 1875//560 1876//561 1877//561 
f 1877//561 1876//561 1878//562 
f 1877//561 1878//562 1879//562 
f 1879//562 1878//562 1880//563 
f 1879//562 1880//563 1881//563 
f 1881//563 1880//563 1882//564 
f 1881//563 1882//564 1883//564 
f 1883//564 1882//564 1884//565 
f 1883//564 1884//565 1885//565 
f 1885//565 1884//565 1886//566 
f 1885//565 1886//566 1887//566 
f 1887//566 1886//566 1888//567 
f 1887//566 1888//567 1889//567 
f 1889//567 1888//567 1890//568 
f 1889//567 1890//568 1891//568 
f 1891//568 1890//568 1892//569 
f 1891//568 1892//569 1893//569 
f 1893//569 1892//569 1894//570 
f 1893//569 1894//570 1895//570 
f 1895//570 1894//570 1896//571 
f 1895//570 1896//571 1897//571 
f 1897//571 1896//571 1898//572 
f 1897//571 1898//572 1899//572 
f 1899//572 1898//572 1900//573 
f 1899//572 1900//573 1901//573 
f 1901//573 1900//573 1902//574 
f 1901//573 1902//574 1903//574 
f 1903//574 1902//574 1904//575 
f 1903//574 1904//575 1905//575 
f 1905//575 1904//575 1906//576 
f 1905//575 1906//576 1907//576 
f 1907//576 1906//576 1908//577 
f 1907//576 1908//577 1909//577 
f 1909//577 1908//577 1910//578 
f 1909//577 1910//578 1911//578 
f 1911//578 1910//578 1912//579 
f 1911//578 1912//579 1913//579 
f 1913//579 1912//579 1914//580 
f 1913//579 1914//580 1915//580 
f 1915//580 1914//580 1916//581 
f 1915//580 1916//581 1917//581 
f 1917//581 1916//581 1918//582 
f 1917//581 1918//582 1919//582 
f 1919//582 1918//582 1920//583 
f 1919//582 1920//583 1921//583 
s 4
f 1921//584 1920//584 1787//584 
f 1921//584 1787//584 1786//584 
s 512
f 1922//23 1923//23 1924//23 
f 1925//23 1926//23 1927//23 
f 1928//23 1925//23 1927//23 
f 1929//23 1928//23 1927//23 
f 1930//23 1929//23 1927//23 
f 1931//23 1930//23 1927//23 
f 1932//23 1931//23 1927//23 
f 1933//23 1932//23 1927//23 
f 1934//23 1933//23 1927//23 
f 1935//23 1936//23 1937//23 
f 1935//23 1937//23 1938//23 
f 1935//23 1938//23 1939//23 
f 1935//23 1939//23 1940//23 
f 1935//23 1940//23 1941//23 
f 1935//23 1941//23 1942//23 
f 1935//23 1942//23 1943//23 
f 1935//23 1943//23 1934//23 
f 1935//23 1934//23 1927//23 
f 1944//23 1935//23 1927//23 
f 1945//23 1922//23 1924//23 
f 1944//23 1927//23 1946//23 
f 1947//23 1944//23 1946//23 
f 1947//23 1946//23 1948//23 
f 1949//23 1947//23 1948//23 
f 1949//23 1948//23 1950//23 
f 1951//23 1945//23 1924//23 
f 1952//23 1949//23 1950//23 
f 1952//23 1950//23 1953//23 
f 1952//23 1953//23 1954//23 
f 1955//23 1952//23 1954//23 
f 1955//23 1954//23 1956//23 
f 1957//23 1955//23 1956//23 
f 1957//23 1956//23 1958//23 
f 1959//23 1957//23 1958//23 
f 1959//23 1958//23 1960//23 
f 1959//23 1960//23 1961//23 
f 1962//23 1959//23 1961//23 
f 1962//23 1961//23 1963//23 
f 1964//23 1962//23 1963//23 
f 1964//23 1963//23 1965//23 
f 1966//23 1964//23 1965//23 
f 1966//23 1965//23 1967//23 
f 1968//23 1966//23 1967//23 
f 1968//23 1967//23 1969//23 
f 1970//23 1968//23 1969//23 
f 1971//23 1970//23 1969//23 
f 1971//23 1969//23 1972//23 
f 1973//23 1971//23 1972//23 
f 1973//23 1972//23 1974//23 
f 1975//23 1973//23 1974//23 
f 1976//23 1975//23 1974//23 
f 1976//23 1974//23 1977//23 
f 1978//23 1976//23 1977//23 
f 1978//23 1977//23 1979//23 
f 1980//23 1978//23 1979//23 
f 1980//23 1979//23 1981//23 
f 1982//23 1980//23 1981//23 
f 1983//23 1982//23 1981//23 
f 1983//23 1981//23 1984//23 
f 1985//23 1983//23 1984//23 
f 1985//23 1984//23 1986//23 
f 1987//23 1985//23 1986//23 
f 1988//23 1987//23 1986//23 
f 1988//23 1986//23 1989//23 
f 1924//23 1988//23 1989//23 
f 1951//23 1924//23 1989//23 
f 1918//24 1787//24 1920//24 
f 1866//24 1870//24 1868//24 
f 1864//24 1870//24 1866//24 
f 1862//24 1870//24 1864//24 
f 1860//24 1870//24 1862//24 
f 1858//24 1870//24 1860//24 
f 1856//24 1870//24 1858//24 
f 1854//24 1870//24 1856//24 
f 1852//24 1870//24 1854//24 
f 1834//24 1838//24 1836//24 
f 1834//24 1840//24 1838//24 
f 1834//24 1842//24 1840//24 
f 1834//24 1844//24 1842//24 
f 1834//24 1846//24 1844//24 
f 1834//24 1848//24 1846//24 
f 1834//24 1850//24 1848//24 
f 1834//24 1852//24 1850//24 
f 1834//24 1870//24 1852//24 
f 1832//24 1870//24 1834//24 
f 1916//24 1787//24 1918//24 
f 1832//24 1872//24 1870//24 
f 1830//24 1872//24 1832//24 
f 1830//24 1874//24 1872//24 
f 1828//24 1874//24 1830//24 
f 1828//24 1876//24 1874//24 
f 1914//24 1787//24 1916//24 
f 1826//24 1876//24 1828//24 
f 1826//24 1878//24 1876//24 
f 1826//24 1880//24 1878//24 
f 1824//24 1880//24 1826//24 
f 1824//24 1882//24 1880//24 
f 1822//24 1882//24 1824//24 
f 1822//24 1884//24 1882//24 
f 1820//24 1884//24 1822//24 
f 1820//24 1886//24 1884//24 
f 1820//24 1888//24 1886//24 
f 1818//24 1888//24 1820//24 
f 1818//24 1890//24 1888//24 
f 1816//24 1890//24 1818//24 
f 1816//24 1892//24 1890//24 
f 1814//24 1892//24 1816//24 
f 1814//24 1894//24 1892//24 
f 1812//24 1894//24 1814//24 
f 1812//24 1896//24 1894//24 
f 1810//24 1896//24 1812//24 
f 1808//24 1896//24 1810//24 
f 1808//24 1898//24 1896//24 
f 1806//24 1898//24 1808//24 
f 1806//24 1900//24 1898//24 
f 1804//24 1900//24 1806//24 
f 1802//24 1900//24 1804//24 
f 1802//24 1902//24 1900//24 
f 1800//24 1902//24 1802//24 
f 1800//24 1904//24 1902//24 
f 1798//24 1904//24 1800//24 
f 1798//24 1906//24 1904//24 
f 1796//24 1906//24 1798//24 
f 1794//24 1906//24 1796//24 
f 1794//24 1908//24 1906//24 
f 1792//24 1908//24 1794//24 
f 1792//24 1910//24 1908//24 
f 1790//24 1910//24 1792//24 
f 1788//24 1910//24 1790//24 
f 1788//24 1912//24 1910//24 
f 1787//24 1912//24 1788//24 
f 1914//24 1912//24 1787//24 
s 1
f 1990//95 1991//95 1992//96 
f 1990//95 1992//96 1993//96 
s 3
f 1993//96 1992//96 1994//97 
f 1993//96 1994//97 1995//97 
s 2
f 1995//97 1994//97 1996//98 
f 1995//97 1996//98 1997//98 
f 1997//98 1996//98 1998//99 
f 1997//98 1998//99 1999//99 
f 1999//99 1998//99 2000//100 
f 1999//99 2000//100 2001//100 
f 2001//100 2000//100 2002//101 
f 2001//100 2002//101 2003//101 
f 2003//101 2002//101 2004//102 
f 2003//101 2004//102 2005//102 
f 2005//102 2004//102 2006//103 
f 2005//102 2006//103 2007//103 
f 2007//103 2006//103 2008//104 
f 2007//103 2008//104 2009//104 
f 2009//104 2008//104 2010//105 
f 2009//104 2010//105 2011//105 
f 2011//105 2010//105 2012//585 
f 2011//105 2012//585 2013//585 
f 2013//585 2012//585 2014//107 
f 2013//585 2014//107 2015//107 
f 2015//107 2014//107 2016//108 
f 2015//107 2016//108 2017//108 
f 2017//108 2016//108 2018//109 
f 2017//108 2018//109 2019//109 
f 2019//109 2018//109 2020//110 
f 2019//109 2020//110 2021//110 
f 2021//110 2020//110 2022//111 
f 2021//110 2022//111 2023//111 
f 2023//111 2022//111 2024//586 
f 2023//111 2024//586 2025//586 
f 2025//586 2024//586 2026//113 
f 2025//586 2026//113 2027//113 
f 2027//113 2026//113 2028//114 
f 2027//113 2028//114 2029//114 
f 2029//114 2028//114 2030//115 
f 2029//114 2030//115 2031//115 
f 2031//115 2030//115 2032//116 
f 2031//115 2032//116 2033//116 
f 2033//116 2032//116 2034//117 
f 2033//116 2034//117 2035//117 
f 2035//117 2034//117 2036//118 
f 2035//117 2036//118 2037//118 
f 2037//118 2036//118 2038//587 
f 2037//118 2038//587 2039//587 
s 4
f 2039//1 2038//1 2040//1 
f 2039//1 2040//1 2041//1 
s 2
f 2041//120 2040//120 2042//121 
f 2041//120 2042//121 2043//121 
f 2043//121 2042//121 2044//122 
f 2043//121 2044//122 2045//122 
f 2045//122 2044//122 2046//123 
f 2045//122 2046//123 2047//123 
f 2047//123 2046//123 2048//125 
f 2047//123 2048//125 2049//125 
f 2049//125 2048//125 2050//126 
f 2049//125 2050//126 2051//126 
f 2051//126 2050//126 2052//127 
f 2051//126 2052//127 2053//127 
f 2053//127 2052//127 2054//128 
f 2053//127 2054//128 2055//128 
f 2055//128 2054//128 2056//129 
f 2055//128 2056//129 2057//129 
f 2057//129 2056//129 2058//130 
f 2057//129 2058//130 2059//130 
f 2059//130 2058//130 2060//131 
f 2059//130 2060//131 2061//131 
f 2061//131 2060//131 2062//132 
f 2061//131 2062//132 2063//132 
f 2063//132 2062//132 2064//133 
f 2063//132 2064//133 2065//133 
f 2065//133 2064//133 2066//134 
f 2065//133 2066//134 2067//134 
f 2067//134 2066//134 2068//135 
f 2067//134 2068//135 2069//135 
f 2069//135 2068//135 2070//136 
f 2069//135 2070//136 2071//136 
f 2071//136 2070//136 2072//137 
f 2071//136 2072//137 2073//137 
f 2073//137 2072//137 2074//138 
f 2073//137 2074//138 2075//138 
f 2075//138 2074//138 2076//139 
f 2075//138 2076//139 2077//139 
f 2077//139 2076//139 2078//140 
f 2077//139 2078//140 2079//140 
f 2079//140 2078//140 2080//141 
f 2079//140 2080//141 2081//141 
f 2081//141 2080//141 2082//142 
f 2081//141 2082//142 2083//142 
f 2083//142 2082//142 2084//143 
f 2083//142 2084//143 2085//143 
f 2085//143 2084//143 2086//144 
f 2085//143 2086//144 2087//144 
f 2087//144 2086//144 2088//588 
f 2087//144 2088//588 2089//588 
f 2089//588 2088//588 2090//146 
f 2089//588 2090//146 2091//146 
f 2091//146 2090//146 2092//147 
f 2091//146 2092//147 2093//147 
f 2093//147 2092//147 2094//148 
f 2093//147 2094//148 2095//148 
f 2095//148 2094//148 2096//149 
f 2095//148 2096//149 2097//149 
f 2097//149 2096//149 2098//150 
f 2097//149 2098//150 2099//150 
f 2099//150 2098//150 2100//151 
f 2099//150 2100//151 2101//151 
f 2101//151 2100//151 2102//152 
f 2101//151 2102//152 2103//152 
f 2103//152 2102//152 2104//589 
f 2103//152 2104//589 2105//589 
f 2105//589 2104//589 2106//154 
f 2105//589 2106//154 2107//154 
f 2107//154 2106//154 2108//155 
f 2107//154 2108//155 2109//155 
f 2109//155 2108//155 2110//156 
f 2109//155 2110//156 2111//156 
f 2111//156 2110//156 2112//157 
f 2111//156 2112//157 2113//157 
f 2113//157 2112//157 2114//158 
f 2113//157 2114//158 2115//159 
f 2115//159 2114//158 2116//160 
f 2115//159 2116//160 2117//160 
f 2117//160 2116//160 2118//161 
f 2117//160 2118//161 2119//161 
f 2119//161 2118//161 2120//162 
f 2119//161 2120//162 2121//162 
f 2121//162 2120//162 2122//163 
f 2121//162 2122//163 2123//163 
f 2123//163 2122//163 2124//164 
f 2123//163 2124//164 2125//164 
f 2125//164 2124//164 2126//165 
f 2125//164 2126//165 2127//165 
f 2127//165 2126//165 2128//166 
f 2127//165 2128//166 2129//166 
f 2129//166 2128//166 2130//167 
f 2129//166 2130//167 2131//167 
f 2131//167 2130//167 2132//168 
f 2131//167 2132//168 2133//168 
f 2133//168 2132//168 2134//169 
f 2133//168 2134//169 2135//169 
f 2135//169 2134//169 2136//170 
f 2135//169 2136//170 2137//170 
f 2137//170 2136//170 2138//171 
f 2137//170 2138//171 2139//171 
s 4
f 2139//172 2138//172 1991//172 
f 2139//172 1991//172 1990//172 
s 1
f 2140//173 2141//173 2142//174 
f 2140//173 2142//174 2143//174 
s 3
f 2143//174 2142//174 2144//175 
f 2143//174 2144//175 2145//175 
s 2
f 2145//175 2144//175 2146//176 
f 2145//175 2146//176 2147//176 
f 2147//176 2146//176 2148//177 
f 2147//176 2148//177 2149//177 
f 2149//177 2148//177 2150//590 
f 2149//177 2150//590 2151//590 
f 2151//590 2150//590 2152//179 
f 2151//590 2152//179 2153//179 
f 2153//179 2152//179 2154//180 
f 2153//179 2154//180 2155//180 
f 2155//180 2154//180 2156//181 
f 2155//180 2156//181 2157//181 
f 2157//181 2156//181 2158//182 
f 2157//181 2158//182 2159//182 
f 2159//182 2158//182 2160//183 
f 2159//182 2160//183 2161//183 
f 2161//183 2160//183 2162//184 
f 2161//183 2162//184 2163//184 
f 2163//184 2162//184 2164//185 
f 2163//184 2164//185 2165//185 
f 2165//185 2164//185 2166//186 
f 2165//185 2166//186 2167//186 
f 2167//186 2166//186 2168//187 
f 2167//186 2168//187 2169//187 
f 2169//187 2168//187 2170//188 
f 2169//187 2170//188 2171//188 
f 2171//188 2170//188 2172//189 
f 2171//188 2172//189 2173//189 
f 2173//189 2172//189 2174//190 
f 2173//189 2174//190 2175//190 
f 2175//190 2174//190 2176//191 
f 2175//190 2176//191 2177//191 
f 2177//191 2176//191 2178//192 
f 2177//191 2178//192 2179//192 
f 2179//192 2178//192 2180//193 
f 2179//192 2180//193 2181//193 
f 2181//193 2180//193 2182//194 
f 2181//193 2182//194 2183//194 
f 2183//194 2182//194 2184//195 
f 2183//194 2184//195 2185//195 
f 2185//195 2184//195 2186//196 
f 2185//195 2186//196 2187//196 
f 2187//196 2186//196 2188//197 
f 2187//196 2188//197 2189//197 
s 4
f 2189//7 2188//7 2141//7 
f 2189//7 2141//7 2140//7 
s 512
f 2190//23 2191//23 2192//23 
f 2193//23 2194//23 2195//23 
f 2196//23 2193//23 2195//23 
f 2196//23 2195//23 2197//23 
f 2196//23 2197//23 2198//23 
f 2196//23 2198//23 2199//23 
f 2200//23 2196//23 2199//23 
f 2200//23 2199//23 2201//23 
f 2202//23 2200//23 2201//23 
f 2202//23 2201//23 2203//23 
f 2204//23 2202//23 2203//23 
f 2205//23 2204//23 2203//23 
f 2205//23 2203//23 2206//23 
f 2207//23 2205//23 2206//23 
f 2207//23 2206//23 2208//23 
f 2209//23 2207//23 2208//23 
f 2209//23 2208//23 2210//23 
f 2211//23 2209//23 2210//23 
f 2211//23 2210//23 2212//23 
f 2213//23 2211//23 2212//23 
f 2213//23 2212//23 2214//23 
f 2215//23 2213//23 2214//23 
f 2215//23 2214//23 2216//23 
f 2217//23 2215//23 2216//23 
f 2217//23 2216//23 2218//23 
f 2219//23 2217//23 2218//23 
f 2219//23 2218//23 2220//23 
f 2221//23 2219//23 2220//23 
f 2221//23 2220//23 2222//23 
f 2223//23 2221//23 2222//23 
f 2190//23 2192//23 2224//23 
f 2225//23 2190//23 2224//23 
f 2226//23 2223//23 2222//23 
f 2226//23 2222//23 2227//23 
f 2228//23 2226//23 2227//23 
f 2228//23 2227//23 2229//23 
f 2230//23 2228//23 2229//23 
f 2230//23 2229//23 2231//23 
f 2232//23 2230//23 2231//23 
f 2232//23 2231//23 2233//23 
f 2234//23 2232//23 2233//23 
f 2234//23 2233//23 2235//23 
f 2236//23 2234//23 2235//23 
f 2236//23 2235//23 2237//23 
f 2238//23 2236//23 2237//23 
f 2238//23 2237//23 2239//23 
f 2240//23 2238//23 2239//23 
f 2225//23 2224//23 2241//23 
f 2242//23 2225//23 2241//23 
f 2243//23 2242//23 2241//23 
f 2243//23 2241//23 2244//23 
f 2245//23 2243//23 2244//23 
f 2245//23 2244//23 2246//23 
f 2247//23 2245//23 2246//23 
f 2247//23 2246//23 2248//23 
f 2249//23 2247//23 2248//23 
f 2249//23 2248//23 2250//23 
f 2251//23 2249//23 2250//23 
f 2251//23 2250//23 2252//23 
f 2253//23 2251//23 2252//23 
f 2253//23 2252//23 2254//23 
f 2255//23 2253//23 2254//23 
f 2255//23 2254//23 2256//23 
f 2255//23 2256//23 2257//23 
f 2258//23 2255//23 2257//23 
f 2258//23 2257//23 2259//23 
f 2260//23 2258//23 2259//23 
f 2260//23 2259//23 2261//23 
f 2262//23 2260//23 2261//23 
f 2262//23 2261//23 2263//23 
f 2262//23 2263//23 2264//23 
f 2265//23 2262//23 2264//23 
f 2265//23 2264//23 2266//23 
f 2267//23 2265//23 2266//23 
f 2267//23 2266//23 2268//23 
f 2269//23 2267//23 2268//23 
f 2269//23 2268//23 2270//23 
f 2271//23 2269//23 2270//23 
f 2271//23 2270//23 2272//23 
f 2273//23 2271//23 2272//23 
f 2273//23 2272//23 2274//23 
f 2275//23 2273//23 2274//23 
f 2275//23 2274//23 2276//23 
f 2277//23 2275//23 2276//23 
f 2277//23 2276//23 2278//23 
f 2279//23 2277//23 2278//23 
f 2279//23 2278//23 2280//23 
f 2281//23 2279//23 2280//23 
f 2281//23 2280//23 2282//23 
f 2283//23 2281//23 2282//23 
f 2283//23 2282//23 2194//23 
f 2284//23 2283//23 2194//23 
f 2284//23 2194//23 2193//23 
f 2285//23 2284//23 2193//23 
f 2286//23 2285//23 2193//23 
f 2286//23 2193//23 2287//23 
f 2288//23 2286//23 2287//23 
f 2288//23 2287//23 2289//23 
f 2239//23 2288//23 2289//23 
f 2240//23 2239//23 2289//23 
f 2136//24 1991//24 2138//24 
f 2141//24 2040//24 2038//24 
f 2188//24 2040//24 2141//24 
f 2188//24 2042//24 2040//24 
f 2188//24 2044//24 2042//24 
f 2188//24 2046//24 2044//24 
f 2186//24 2046//24 2188//24 
f 2186//24 2048//24 2046//24 
f 2184//24 2048//24 2186//24 
f 2184//24 2050//24 2048//24 
f 2182//24 2050//24 2184//24 
f 2180//24 2050//24 2182//24 
f 2180//24 2052//24 2050//24 
f 2178//24 2052//24 2180//24 
f 2178//24 2054//24 2052//24 
f 2176//24 2054//24 2178//24 
f 2176//24 2056//24 2054//24 
f 2174//24 2056//24 2176//24 
f 2174//24 2058//24 2056//24 
f 2172//24 2058//24 2174//24 
f 2172//24 2060//24 2058//24 
f 2170//24 2060//24 2172//24 
f 2170//24 2062//24 2060//24 
f 2168//24 2062//24 2170//24 
f 2168//24 2064//24 2062//24 
f 2166//24 2064//24 2168//24 
f 2166//24 2066//24 2064//24 
f 2164//24 2066//24 2166//24 
f 2164//24 2068//24 2066//24 
f 2162//24 2068//24 2164//24 
f 2136//24 1992//24 1991//24 
f 2134//24 1992//24 2136//24 
f 2160//24 2068//24 2162//24 
f 2160//24 2070//24 2068//24 
f 2158//24 2070//24 2160//24 
f 2158//24 2072//24 2070//24 
f 2156//24 2072//24 2158//24 
f 2156//24 2074//24 2072//24 
f 2154//24 2074//24 2156//24 
f 2154//24 2076//24 2074//24 
f 2152//24 2076//24 2154//24 
f 2152//24 2078//24 2076//24 
f 2150//24 2078//24 2152//24 
f 2150//24 2080//24 2078//24 
f 2148//24 2080//24 2150//24 
f 2148//24 2082//24 2080//24 
f 2146//24 2082//24 2148//24 
f 2134//24 1994//24 1992//24 
f 2132//24 1994//24 2134//24 
f 2130//24 1994//24 2132//24 
f 2130//24 1996//24 1994//24 
f 2128//24 1996//24 2130//24 
f 2128//24 1998//24 1996//24 
f 2126//24 1998//24 2128//24 
f 2126//24 2000//24 1998//24 
f 2124//24 2000//24 2126//24 
f 2124//24 2002//24 2000//24 
f 2122//24 2002//24 2124//24 
f 2122//24 2004//24 2002//24 
f 2120//24 2004//24 2122//24 
f 2120//24 2006//24 2004//24 
f 2118//24 2006//24 2120//24 
f 2118//24 2008//24 2006//24 
f 2118//24 2010//24 2008//24 
f 2116//24 2010//24 2118//24 
f 2116//24 2012//24 2010//24 
f 2114//24 2012//24 2116//24 
f 2114//24 2014//24 2012//24 
f 2112//24 2014//24 2114//24 
f 2112//24 2016//24 2014//24 
f 2112//24 2018//24 2016//24 
f 2110//24 2018//24 2112//24 
f 2110//24 2020//24 2018//24 
f 2108//24 2020//24 2110//24 
f 2108//24 2022//24 2020//24 
f 2106//24 2022//24 2108//24 
f 2106//24 2024//24 2022//24 
f 2104//24 2024//24 2106//24 
f 2104//24 2026//24 2024//24 
f 2102//24 2026//24 2104//24 
f 2102//24 2028//24 2026//24 
f 2100//24 2028//24 2102//24 
f 2100//24 2030//24 2028//24 
f 2098//24 2030//24 2100//24 
f 2098//24 2032//24 2030//24 
f 2096//24 2032//24 2098//24 
f 2096//24 2034//24 2032//24 
f 2094//24 2034//24 2096//24 
f 2094//24 2036//24 2034//24 
f 2092//24 2036//24 2094//24 
f 2092//24 2038//24 2036//24 
f 2090//24 2038//24 2092//24 
f 2090//24 2141//24 2038//24 
f 2088//24 2141//24 2090//24 
f 2086//24 2141//24 2088//24 
f 2086//24 2142//24 2141//24 
f 2084//24 2142//24 2086//24 
f 2084//24 2144//24 2142//24 
f 2082//24 2144//24 2084//24 
f 2146//24 2144//24 2082//24 
s 1
f 2290//1 2291//1 2292//1 
f 2290//1 2292//1 2293//1 
s 4
f 2293//25 2292//25 2294//25 
f 2293//25 2294//25 2295//25 
s 2
f 2295//591 2294//591 2296//592 
f 2295//591 2296//592 2297//592 
f 2297//592 2296//592 2298//200 
f 2297//592 2298//200 2299//200 
f 2299//200 2298//200 2300//201 
f 2299//200 2300//201 2301//201 
f 2301//201 2300//201 2302//202 
f 2301//201 2302//202 2303//202 
f 2303//202 2302//202 2304//593 
f 2303//202 2304//593 2305//593 
f 2305//593 2304//593 2306//204 
f 2305//593 2306//204 2307//204 
f 2307//204 2306//204 2308//205 
f 2307//204 2308//205 2309//205 
f 2309//205 2308//205 2310//206 
f 2309//205 2310//206 2311//206 
f 2311//206 2310//206 2312//207 
f 2311//206 2312//207 2313//207 
f 2313//207 2312//207 2314//208 
f 2313//207 2314//208 2315//208 
f 2315//208 2314//208 2316//209 
f 2315//208 2316//209 2317//209 
f 2317//209 2316//209 2318//210 
f 2317//209 2318//210 2319//210 
f 2319//210 2318//210 2320//211 
f 2319//210 2320//211 2321//211 
f 2321//211 2320//211 2322//212 
f 2321//211 2322//212 2323//212 
f 2323//212 2322//212 2324//594 
f 2323//212 2324//594 2325//594 
f 2325//594 2324//594 2326//214 
f 2325//594 2326//214 2327//214 
f 2327//214 2326//214 2328//215 
f 2327//214 2328//215 2329//215 
f 2329//215 2328//215 2330//216 
f 2329//215 2330//216 2331//216 
f 2331//216 2330//216 2332//217 
f 2331//216 2332//217 2333//217 
f 2333//217 2332//217 2334//218 
f 2333//217 2334//218 2335//218 
f 2335//218 2334//218 2336//219 
f 2335//218 2336//219 2337//219 
f 2337//219 2336//219 2338//220 
f 2337//219 2338//220 2339//220 
f 2339//220 2338//220 2340//221 
f 2339//220 2340//221 2341//221 
f 2341//221 2340//221 2342//222 
f 2341//221 2342//222 2343//222 
s 4
f 2343//223 2342//223 2344//223 
f 2343//223 2344//223 2345//223 
s 2
f 2345//224 2344//224 2346//225 
f 2345//224 2346//225 2347//225 
f 2347//225 2346//225 2348//226 
f 2347//225 2348//226 2349//226 
f 2349//226 2348//226 2350//227 
f 2349//226 2350//227 2351//227 
f 2351//227 2350//227 2352//228 
f 2351//227 2352//228 2353//228 
f 2353//228 2352//228 2354//229 
f 2353//228 2354//229 2355//229 
f 2355//229 2354//229 2356//230 
f 2355//229 2356//230 2357//230 
f 2357//230 2356//230 2358//231 
f 2357//230 2358//231 2359//231 
f 2359//231 2358//231 2360//232 
f 2359//231 2360//232 2361//232 
f 2361//232 2360//232 2362//233 
f 2361//232 2362//233 2363//233 
f 2363//233 2362//233 2364//595 
f 2363//233 2364//595 2365//595 
f 2365//595 2364//595 2366//596 
f 2365//595 2366//596 2367//596 
f 2367//596 2366//596 2368//236 
f 2367//596 2368//236 2369//236 
f 2369//236 2368//236 2370//237 
f 2369//236 2370//237 2371//237 
f 2371//237 2370//237 2372//238 
f 2371//237 2372//238 2373//238 
f 2373//238 2372//238 2374//597 
f 2373//238 2374//597 2375//597 
f 2375//597 2374//597 2376//240 
f 2375//597 2376//240 2377//240 
f 2377//240 2376//240 2378//598 
f 2377//240 2378//598 2379//598 
f 2379//598 2378//598 2380//242 
f 2379//598 2380//242 2381//242 
s 4
f 2381//25 2380//25 2382//25 
f 2381//25 2382//25 2383//25 
s 2
f 2383//7 2382//7 2384//7 
f 2383//7 2384//7 2385//7 
s 4
f 2385//26 2384//26 2291//26 
f 2385//26 2291//26 2290//26 
s 512
f 2386//23 2387//23 2388//23 
f 2389//23 2390//23 2391//23 
f 2392//23 2389//23 2391//23 
f 2392//23 2391//23 2393//23 
f 2392//23 2393//23 2394//23 
f 2392//23 2394//23 2395//23 
f 2392//23 2395//23 2396//23 
f 2392//23 2396//23 2397//23 
f 2392//23 2397//23 2398//23 
f 2392//23 2398//23 2399//23 
f 2392//23 2399//23 2400//23 
f 2392//23 2400//23 2401//23 
f 2392//23 2401//23 2402//23 
f 2392//23 2402//23 2403//23 
f 2392//23 2403//23 2404//23 
f 2386//23 2388//23 2405//23 
f 2406//23 2386//23 2405//23 
f 2406//23 2405//23 2407//23 
f 2408//23 2406//23 2407//23 
f 2408//23 2407//23 2409//23 
f 2410//23 2408//23 2409//23 
f 2410//23 2409//23 2411//23 
f 2412//23 2410//23 2411//23 
f 2412//23 2411//23 2413//23 
f 2412//23 2413//23 2414//23 
f 2415//23 2412//23 2414//23 
f 2415//23 2414//23 2416//23 
f 2415//23 2416//23 2417//23 
f 2418//23 2415//23 2417//23 
f 2418//23 2417//23 2419//23 
f 2418//23 2419//23 2420//23 
f 2418//23 2420//23 2421//23 
f 2422//23 2418//23 2421//23 
f 2422//23 2421//23 2423//23 
f 2422//23 2423//23 2424//23 
f 2425//23 2422//23 2424//23 
f 2425//23 2424//23 2426//23 
f 2425//23 2426//23 2427//23 
f 2428//23 2425//23 2427//23 
f 2428//23 2427//23 2429//23 
f 2430//23 2428//23 2429//23 
f 2430//23 2429//23 2431//23 
f 2432//23 2430//23 2431//23 
f 2433//23 2432//23 2431//23 
f 2433//23 2431//23 2392//23 
f 2433//23 2392//23 2404//23 
f 2340//24 2344//24 2342//24 
f 2382//24 2291//24 2384//24 
f 2380//24 2291//24 2382//24 
f 2380//24 2292//24 2291//24 
f 2380//24 2294//24 2292//24 
f 2380//24 2296//24 2294//24 
f 2380//24 2298//24 2296//24 
f 2380//24 2300//24 2298//24 
f 2380//24 2302//24 2300//24 
f 2380//24 2304//24 2302//24 
f 2380//24 2306//24 2304//24 
f 2380//24 2308//24 2306//24 
f 2380//24 2310//24 2308//24 
f 2380//24 2312//24 2310//24 
f 2380//24 2314//24 2312//24 
f 2340//24 2346//24 2344//24 
f 2338//24 2346//24 2340//24 
f 2338//24 2348//24 2346//24 
f 2336//24 2348//24 2338//24 
f 2336//24 2350//24 2348//24 
f 2334//24 2350//24 2336//24 
f 2334//24 2352//24 2350//24 
f 2332//24 2352//24 2334//24 
f 2332//24 2354//24 2352//24 
f 2332//24 2356//24 2354//24 
f 2330//24 2356//24 2332//24 
f 2330//24 2358//24 2356//24 
f 2330//24 2360//24 2358//24 
f 2328//24 2360//24 2330//24 
f 2328//24 2362//24 2360//24 
f 2328//24 2364//24 2362//24 
f 2328//24 2366//24 2364//24 
f 2326//24 2366//24 2328//24 
f 2326//24 2368//24 2366//24 
f 2326//24 2370//24 2368//24 
f 2324//24 2370//24 2326//24 
f 2324//24 2372//24 2370//24 
f 2324//24 2374//24 2372//24 
f 2322//24 2374//24 2324//24 
f 2322//24 2376//24 2374//24 
f 2320//24 2376//24 2322//24 
f 2320//24 2378//24 2376//24 
f 2318//24 2378//24 2320//24 
f 2316//24 2378//24 2318//24 
f 2316//24 2380//24 2378//24 
f 2316//24 2314//24 2380//24 
s 1
f 2434//7 2435//7 2436//7 
f 2434//7 2436//7 2437//7 
s 4
f 2437//599 2436//599 2438//600 
f 2437//599 2438//600 2439//600 
f 2439//600 2438//600 2440//601 
f 2439//600 2440//601 2441//601 
f 2441//601 2440//601 2442//602 
f 2441//601 2442//602 2443//602 
f 2443//602 2442//602 2444//603 
f 2443//602 2444//603 2445//603 
f 2445//603 2444//603 2446//604 
f 2445//603 2446//604 2447//604 
f 2447//604 2446//604 2448//605 
f 2447//604 2448//605 2449//605 
f 2449//605 2448//605 2450//606 
f 2449//605 2450//606 2451//606 
f 2451//606 2450//606 2452//607 
f 2451//606 2452//607 2453//607 
f 2453//607 2452//607 2454//608 
f 2453//607 2454//608 2455//608 
f 2455//608 2454//608 2456//609 
f 2455//608 2456//609 2457//609 
f 2457//609 2456//609 2458//610 
f 2457//609 2458//610 2459//610 
f 2459//610 2458//610 2460//611 
f 2459//610 2460//611 2461//611 
f 2461//611 2460//611 2462//612 
f 2461//611 2462//612 2463//612 
f 2463//612 2462//612 2464//613 
f 2463//612 2464//613 2465//613 
f 2465//613 2464//613 2466//614 
f 2465//613 2466//614 2467//614 
f 2467//614 2466//614 2468//615 
f 2467//614 2468//615 2469//615 
f 2469//615 2468//615 2470//616 
f 2469//615 2470//616 2471//616 
f 2471//616 2470//616 2472//617 
f 2471//616 2472//617 2473//617 
f 2473//617 2472//617 2474//618 
f 2473//617 2474//618 2475//618 
f 2475//618 2474//618 2476//619 
f 2475//618 2476//619 2477//619 
f 2477//619 2476//619 2478//620 
f 2477//619 2478//620 2479//620 
f 2479//620 2478//620 2480//621 
f 2479//620 2480//621 2481//621 
f 2481//621 2480//621 2482//622 
f 2481//621 2482//622 2483//622 
f 2483//622 2482//622 2484//623 
f 2483//622 2484//623 2485//623 
f 2485//623 2484//623 2486//624 
f 2485//623 2486//624 2487//624 
f 2487//624 2486//624 2488//625 
f 2487//624 2488//625 2489//625 
f 2489//625 2488//625 2490//626 
f 2489//625 2490//626 2491//626 
f 2491//626 2490//626 2492//627 
f 2491//626 2492//627 2493//627 
f 2493//627 2492//627 2494//628 
f 2493//627 2494//628 2495//628 
f 2495//628 2494//628 2496//629 
f 2495//628 2496//629 2497//629 
f 2497//629 2496//629 2498//630 
f 2497//629 2498//630 2499//630 
f 2499//630 2498//630 2500//631 
f 2499//630 2500//631 2501//631 
f 2501//631 2500//631 2502//632 
f 2501//631 2502//632 2503//632 
f 2503//632 2502//632 2504//633 
f 2503//632 2504//633 2505//633 
f 2505//633 2504//633 2506//634 
f 2505//633 2506//634 2507//634 
f 2507//634 2506//634 2508//635 
f 2507//634 2508//635 2509//635 
f 2509//635 2508//635 2510//636 
f 2509//635 2510//636 2511//636 
f 2511//636 2510//636 2512//637 
f 2511//636 2512//637 2513//637 
f 2513//637 2512//637 2514//638 
f 2513//637 2514//638 2515//638 
f 2515//638 2514//638 2516//639 
f 2515//638 2516//639 2517//639 
f 2517//639 2516//639 2518//640 
f 2517//639 2518//640 2519//640 
f 2519//640 2518//640 2520//641 
f 2519//640 2520//641 2521//641 
f 2521//641 2520//641 2522//642 
f 2521//641 2522//642 2523//642 
f 2523//642 2522//642 2524//643 
f 2523//642 2524//643 2525//643 
f 2525//643 2524//643 2526//644 
f 2525//643 2526//644 2527//644 
f 2527//644 2526//644 2528//645 
f 2527//644 2528//645 2529//645 
f 2529//645 2528//645 2530//646 
f 2529//645 2530//646 2531//647 
f 2531//647 2530//646 2532//648 
f 2531//647 2532//648 2533//648 
f 2533//648 2532//648 2534//649 
f 2533//648 2534//649 2535//649 
f 2535//649 2534//649 2536//650 
f 2535//649 2536//650 2537//650 
f 2537//650 2536//650 2538//651 
f 2537//650 2538//651 2539//651 
f 2539//651 2538//651 2540//652 
f 2539//651 2540//652 2541//652 
f 2541//652 2540//652 2542//653 
f 2541//652 2542//653 2543//653 
f 2543//653 2542//653 2544//654 
f 2543//653 2544//654 2545//654 
s 2
f 2545//655 2544//655 2546//655 
f 2545//655 2546//655 2547//655 
s 4
f 2547//656 2546//656 2548//657 
f 2547//656 2548//657 2549//657 
f 2549//657 2548//657 2550//658 
f 2549//657 2550//658 2551//658 
f 2551//658 2550//658 2552//659 
f 2551//658 2552//659 2553//659 
f 2553//659 2552//659 2554//660 
f 2553//659 2554//660 2555//660 
f 2555//660 2554//660 2556//661 
f 2555//660 2556//661 2557//661 
f 2557//661 2556//661 2558//662 
f 2557//661 2558//662 2559//662 
f 2559//662 2558//662 2560//663 
f 2559//662 2560//663 2561//663 
f 2561//663 2560//663 2562//664 
f 2561//663 2562//664 2563//664 
f 2563//664 2562//664 2564//665 
f 2563//664 2564//665 2565//665 
f 2565//665 2564//665 2566//666 
f 2565//665 2566//666 2567//666 
f 2567//666 2566//666 2568//667 
f 2567//666 2568//667 2569//667 
f 2569//667 2568//667 2570//1 
f 2569//667 2570//1 2571//1 
f 2571//1 2570//1 2572//668 
f 2571//1 2572//668 2573//668 
f 2573//668 2572//668 2574//669 
f 2573//668 2574//669 2575//669 
f 2575//669 2574//669 2576//670 
f 2575//669 2576//670 2577//670 
f 2577//670 2576//670 2578//671 
f 2577//670 2578//671 2579//671 
f 2579//671 2578//671 2580//672 
f 2579//671 2580//672 2581//672 
f 2581//672 2580//672 2582//673 
f 2581//672 2582//673 2583//673 
f 2583//673 2582//673 2584//674 
f 2583//673 2584//674 2585//674 
f 2585//674 2584//674 2586//675 
f 2585//674 2586//675 2587//675 
f 2587//675 2586//675 2588//676 
f 2587//675 2588//676 2589//676 
f 2589//676 2588//676 2590//677 
f 2589//676 2590//677 2591//677 
f 2591//677 2590//677 2592//678 
f 2591//677 2592//678 2593//678 
f 2593//678 2592//678 2594//679 
f 2593//678 2594//679 2595//679 
f 2595//679 2594//679 2596//680 
f 2595//679 2596//680 2597//680 
f 2597//680 2596//680 2598//681 
f 2597//680 2598//681 2599//681 
f 2599//681 2598//681 2600//682 
f 2599//681 2600//682 2601//682 
f 2601//682 2600//682 2602//683 
f 2601//682 2602//683 2603//683 
f 2603//683 2602//683 2604//684 
f 2603//683 2604//684 2605//684 
f 2605//684 2604//684 2606//685 
f 2605//684 2606//685 2607//685 
f 2607//685 2606//685 2608//686 
f 2607//685 2608//686 2609//686 
f 2609//686 2608//686 2610//687 
f 2609//686 2610//687 2611//687 
f 2611//687 2610//687 2612//688 
f 2611//687 2612//688 2613//688 
f 2613//688 2612//688 2614//689 
f 2613//688 2614//689 2615//689 
f 2615//689 2614//689 2616//690 
f 2615//689 2616//690 2617//690 
f 2617//690 2616//690 2618//691 
f 2617//690 2618//691 2619//691 
f 2619//691 2618//691 2620//692 
f 2619//691 2620//692 2621//692 
f 2621//692 2620//692 2622//693 
f 2621//692 2622//693 2623//693 
f 2623//693 2622//693 2624//694 
f 2623//693 2624//694 2625//694 
f 2625//694 2624//694 2626//695 
f 2625//694 2626//695 2627//695 
f 2627//695 2626//695 2628//696 
f 2627//695 2628//696 2629//696 
f 2629//696 2628//696 2630//697 
f 2629//696 2630//697 2631//697 
f 2631//697 2630//697 2632//698 
f 2631//697 2632//698 2633//698 
f 2633//698 2632//698 2634//699 
f 2633//698 2634//699 2635//699 
f 2635//699 2634//699 2636//700 
f 2635//699 2636//700 2637//700 
f 2637//700 2636//700 2638//701 
f 2637//700 2638//701 2639//701 
f 2639//701 2638//701 2640//702 
f 2639//701 2640//702 2641//702 
f 2641//702 2640//702 2642//703 
f 2641//702 2642//703 2643//703 
s 2
f 2643//704 2642//704 2644//705 
f 2643//704 2644//705 2645//705 
f 2645//705 2644//705 2646//706 
f 2645//705 2646//706 2647//706 
f 2647//706 2646//706 2648//707 
f 2647//706 2648//707 2649//707 
f 2649//707 2648//707 2650//708 
f 2649//707 2650//708 2651//708 
f 2651//708 2650//708 2652//709 
f 2651//708 2652//709 2653//709 
f 2653//709 2652//709 2654//710 
f 2653//709 2654//710 2655//710 
s 4
f 2655//1 2654//1 2656//1 
f 2655//1 2656//1 2657//1 
s 2
f 2657//25 2656//25 2435//25 
f 2657//25 2435//25 2434//25 
s 512
f 2658//23 2659//23 2660//23 
f 2661//23 2658//23 2660//23 
f 2661//23 2660//23 2662//23 
f 2663//23 2661//23 2662//23 
f 2663//23 2662//23 2664//23 
f 2665//23 2663//23 2664//23 
f 2666//23 2665//23 2664//23 
f 2666//23 2664//23 2667//23 
f 2668//23 2666//23 2667//23 
f 2668//23 2667//23 2669//23 
f 2670//23 2668//23 2669//23 
f 2670//23 2669//23 2671//23 
f 2672//23 2670//23 2671//23 
f 2672//23 2671//23 2673//23 
f 2674//23 2672//23 2673//23 
f 2674//23 2673//23 2675//23 
f 2676//23 2674//23 2675//23 
f 2676//23 2675//23 2677//23 
f 2678//23 2676//23 2677//23 
f 2678//23 2677//23 2679//23 
f 2680//23 2678//23 2679//23 
f 2680//23 2679//23 2681//23 
f 2682//23 2680//23 2681//23 
f 2682//23 2681//23 2683//23 
f 2684//23 2682//23 2683//23 
f 2684//23 2683//23 2685//23 
f 2684//23 2685//23 2686//23 
f 2687//23 2684//23 2686//23 
f 2687//23 2686//23 2688//23 
f 2689//23 2687//23 2688//23 
f 2689//23 2688//23 2690//23 
f 2691//23 2689//23 2690//23 
f 2691//23 2690//23 2692//23 
f 2693//23 2691//23 2692//23 
f 2693//23 2692//23 2694//23 
f 2695//23 2693//23 2694//23 
f 2695//23 2694//23 2696//23 
f 2697//23 2695//23 2696//23 
f 2697//23 2696//23 2698//23 
f 2699//23 2697//23 2698//23 
f 2699//23 2698//23 2700//23 
f 2701//23 2699//23 2700//23 
f 2701//23 2700//23 2702//23 
f 2703//23 2701//23 2702//23 
f 2704//23 2703//23 2702//23 
f 2704//23 2702//23 2705//23 
f 2706//23 2704//23 2705//23 
f 2706//23 2705//23 2707//23 
f 2708//23 2706//23 2707//23 
f 2708//23 2707//23 2709//23 
f 2710//23 2708//23 2709//23 
f 2711//23 2710//23 2709//23 
f 2711//23 2709//23 2712//23 
f 2713//23 2711//23 2712//23 
f 2714//23 2713//23 2712//23 
f 2714//23 2712//23 2715//23 
f 2716//23 2714//23 2715//23 
f 2717//23 2716//23 2715//23 
f 2717//23 2715//23 2718//23 
f 2719//23 2717//23 2718//23 
f 2720//23 2719//23 2718//23 
f 2720//23 2718//23 2721//23 
f 2722//23 2720//23 2721//23 
f 2722//23 2721//23 2723//23 
f 2724//23 2722//23 2723//23 
f 2725//23 2724//23 2723//23 
f 2725//23 2723//23 2726//23 
f 2727//23 2725//23 2726//23 
f 2727//23 2726//23 2728//23 
f 2729//23 2727//23 2728//23 
f 2729//23 2728//23 2730//23 
f 2731//23 2729//23 2730//23 
f 2732//23 2731//23 2730//23 
f 2732//23 2730//23 2733//23 
f 2734//23 2732//23 2733//23 
f 2734//23 2733//23 2735//23 
f 2736//23 2734//23 2735//23 
f 2736//23 2735//23 2737//23 
f 2738//23 2736//23 2737//23 
f 2739//23 2740//23 2741//23 
f 2742//23 2739//23 2741//23 
f 2743//23 2742//23 2741//23 
f 2744//23 2743//23 2741//23 
f 2745//23 2744//23 2741//23 
f 2746//23 2745//23 2741//23 
f 2747//23 2746//23 2741//23 
f 2748//23 2747//23 2741//23 
f 2741//23 2749//23 2750//23 
f 2748//23 2741//23 2750//23 
f 2751//23 2748//23 2750//23 
f 2752//23 2751//23 2750//23 
f 2753//23 2752//23 2750//23 
f 2753//23 2750//23 2754//23 
f 2755//23 2753//23 2754//23 
f 2755//23 2754//23 2756//23 
f 2755//23 2756//23 2757//23 
f 2758//23 2755//23 2757//23 
f 2758//23 2757//23 2759//23 
f 2760//23 2758//23 2759//23 
f 2760//23 2759//23 2761//23 
f 2760//23 2761//23 2762//23 
f 2763//23 2760//23 2762//23 
f 2763//23 2762//23 2764//23 
f 2763//23 2764//23 2765//23 
f 2766//23 2763//23 2765//23 
f 2766//23 2765//23 2767//23 
f 2768//23 2766//23 2767//23 
f 2768//23 2767//23 2769//23 
f 2737//23 2768//23 2769//23 
f 2738//23 2737//23 2769//23 
f 2544//24 2548//24 2546//24 
f 2542//24 2548//24 2544//24 
f 2542//24 2550//24 2548//24 
f 2540//24 2550//24 2542//24 
f 2540//24 2552//24 2550//24 
f 2538//24 2552//24 2540//24 
f 2536//24 2552//24 2538//24 
f 2536//24 2554//24 2552//24 
f 2534//24 2554//24 2536//24 
f 2534//24 2556//24 2554//24 
f 2532//24 2556//24 2534//24 
f 2532//24 2558//24 2556//24 
f 2530//24 2558//24 2532//24 
f 2530//24 2560//24 2558//24 
f 2528//24 2560//24 2530//24 
f 2528//24 2562//24 2560//24 
f 2526//24 2562//24 2528//24 
f 2526//24 2564//24 2562//24 
f 2524//24 2564//24 2526//24 
f 2524//24 2566//24 2564//24 
f 2522//24 2566//24 2524//24 
f 2522//24 2568//24 2566//24 
f 2520//24 2568//24 2522//24 
f 2520//24 2570//24 2568//24 
f 2518//24 2570//24 2520//24 
f 2518//24 2572//24 2570//24 
f 2518//24 2574//24 2572//24 
f 2516//24 2574//24 2518//24 
f 2516//24 2576//24 2574//24 
f 2514//24 2576//24 2516//24 
f 2514//24 2578//24 2576//24 
f 2512//24 2578//24 2514//24 
f 2512//24 2580//24 2578//24 
f 2510//24 2580//24 2512//24 
f 2510//24 2582//24 2580//24 
f 2508//24 2582//24 2510//24 
f 2508//24 2584//24 2582//24 
f 2506//24 2584//24 2508//24 
f 2506//24 2586//24 2584//24 
f 2504//24 2586//24 2506//24 
f 2504//24 2588//24 2586//24 
f 2502//24 2588//24 2504//24 
f 2502//24 2590//24 2588//24 
f 2500//24 2590//24 2502//24 
f 2498//24 2590//24 2500//24 
f 2498//24 2592//24 2590//24 
f 2496//24 2592//24 2498//24 
f 2496//24 2594//24 2592//24 
f 2494//24 2594//24 2496//24 
f 2494//24 2596//24 2594//24 
f 2492//24 2596//24 2494//24 
f 2490//24 2596//24 2492//24 
f 2490//24 2598//24 2596//24 
f 2488//24 2598//24 2490//24 
f 2486//24 2598//24 2488//24 
f 2486//24 2600//24 2598//24 
f 2484//24 2600//24 2486//24 
f 2482//24 2600//24 2484//24 
f 2482//24 2602//24 2600//24 
f 2480//24 2602//24 2482//24 
f 2478//24 2602//24 2480//24 
f 2478//24 2604//24 2602//24 
f 2476//24 2604//24 2478//24 
f 2476//24 2606//24 2604//24 
f 2474//24 2606//24 2476//24 
f 2472//24 2606//24 2474//24 
f 2472//24 2608//24 2606//24 
f 2470//24 2608//24 2472//24 
f 2470//24 2610//24 2608//24 
f 2468//24 2610//24 2470//24 
f 2468//24 2612//24 2610//24 
f 2466//24 2612//24 2468//24 
f 2464//24 2612//24 2466//24 
f 2464//24 2614//24 2612//24 
f 2462//24 2614//24 2464//24 
f 2462//24 2616//24 2614//24 
f 2460//24 2616//24 2462//24 
f 2460//24 2618//24 2616//24 
f 2458//24 2618//24 2460//24 
f 2652//24 2656//24 2654//24 
f 2650//24 2656//24 2652//24 
f 2648//24 2656//24 2650//24 
f 2646//24 2656//24 2648//24 
f 2644//24 2656//24 2646//24 
f 2642//24 2656//24 2644//24 
f 2640//24 2656//24 2642//24 
f 2638//24 2656//24 2640//24 
f 2656//24 2436//24 2435//24 
f 2638//24 2436//24 2656//24 
f 2636//24 2436//24 2638//24 
f 2634//24 2436//24 2636//24 
f 2632//24 2436//24 2634//24 
f 2632//24 2438//24 2436//24 
f 2630//24 2438//24 2632//24 
f 2630//24 2440//24 2438//24 
f 2630//24 2442//24 2440//24 
f 2628//24 2442//24 2630//24 
f 2628//24 2444//24 2442//24 
f 2626//24 2444//24 2628//24 
f 2626//24 2446//24 2444//24 
f 2626//24 2448//24 2446//24 
f 2624//24 2448//24 2626//24 
f 2624//24 2450//24 2448//24 
f 2624//24 2452//24 2450//24 
f 2622//24 2452//24 2624//24 
f 2622//24 2454//24 2452//24 
f 2620//24 2454//24 2622//24 
f 2620//24 2456//24 2454//24 
f 2618//24 2456//24 2620//24 
f 2458//24 2456//24 2618//24 
s 1
f 2770//1 2771//1 2772//1 
f 2770//1 2772//1 2773//1 
s 4
f 2773//711 2772//711 2774//711 
f 2773//711 2774//711 2775//711 
s 2
f 2775//25 2774//25 2776//25 
f 2775//25 2776//25 2777//25 
s 4
f 2777//7 2776//7 2778//7 
f 2777//7 2778//7 2779//7 
s 2
f 2779//26 2778//26 2780//26 
f 2779//26 2780//26 2781//26 
s 4
f 2781//712 2780//712 2771//712 
f 2781//712 2771//712 2770//712 
s 1
f 2782//1 2783//1 2784//1 
f 2782//1 2784//1 2785//1 
s 4
f 2785//25 2784//25 2786//25 
f 2785//25 2786//25 2787//25 
s 2
f 2787//7 2786//7 2788//7 
f 2787//7 2788//7 2789//7 
s 4
f 2789//26 2788//26 2783//26 
f 2789//26 2783//26 2782//26 
s 512
f 2790//23 2791//23 2792//23 
f 2793//23 2790//23 2792//23 
f 2793//23 2792//23 2794//23 
f 2795//23 2793//23 2794//23 
f 2796//23 2797//23 2798//23 
f 2799//23 2796//23 2798//23 
f 2776//24 2780//24 2778//24 
f 2774//24 2780//24 2776//24 
f 2774//24 2771//24 2780//24 
f 2772//24 2771//24 2774//24 
f 2786//24 2783//24 2788//24 
f 2784//24 2783//24 2786//24 
s 1
f 2800//1 2801//1 2802//1 
f 2800//1 2802//1 2803//1 
s 4
f 2803//711 2802//711 2804//711 
f 2803//711 2804//711 2805//711 
s 2
f 2805//25 2804//25 2806//25 
f 2805//25 2806//25 2807//25 
s 4
f 2807//7 2806//7 2808//7 
f 2807//7 2808//7 2809//7 
s 2
f 2809//26 2808//26 2810//26 
f 2809//26 2810//26 2811//26 
s 4
f 2811//712 2810//712 2801//712 
f 2811//712 2801//712 2800//712 
s 1
f 2812//1 2813//1 2814//1 
f 2812//1 2814//1 2815//1 
s 4
f 2815//25 2814//25 2816//25 
f 2815//25 2816//25 2817//25 
s 2
f 2817//7 2816//7 2818//7 
f 2817//7 2818//7 2819//7 
s 4
f 2819//26 2818//26 2813//26 
f 2819//26 2813//26 2812//26 
s 512
f 2820//23 2821//23 2822//23 
f 2823//23 2820//23 2822//23 
f 2823//23 2822//23 2824//23 
f 2825//23 2823//23 2824//23 
f 2826//23 2827//23 2828//23 
f 2829//23 2826//23 2828//23 
f 2806//24 2810//24 2808//24 
f 2804//24 2810//24 2806//24 
f 2804//24 2801//24 2810//24 
f 2802//24 2801//24 2804//24 
f 2816//24 2813//24 2818//24 
f 2814//24 2813//24 2816//24 
s off
f 1//1 4//1 67//1 
f 67//1 69//1 1//1 
f 4//2 6//2 66//2 
f 66//2 67//2 4//2 
f 6//3 8//3 63//3 
f 63//3 66//3 6//3 
f 8//4 10//4 55//4 
f 55//4 63//4 8//4 
f 10//5 12//5 54//5 
f 54//5 55//5 10//5 
f 12//1 14//1 49//1 
f 49//1 54//1 12//1 
f 14//6 16//6 50//6 
f 50//6 49//6 14//6 
f 16//7 18//7 51//7 
f 51//7 50//7 16//7 
f 18//8 20//8 52//8 
f 52//8 51//8 18//8 
f 20//9 22//9 53//9 
f 53//9 52//9 20//9 
f 22//10 24//10 56//10 
f 56//10 53//10 22//10 
f 24//713 26//713 57//713 
f 57//713 56//713 24//713 
f 26//714 28//714 58//714 
f 58//714 57//714 26//714 
f 28//715 30//715 59//715 
f 59//715 58//715 28//715 
f 30//716 32//716 60//716 
f 60//716 59//716 30//716 
f 32//16 34//16 61//16 
f 61//16 60//16 32//16 
f 34//17 36//17 62//17 
f 62//17 61//17 34//17 
f 36//7 38//7 64//7 
f 64//7 62//7 36//7 
f 38//18 40//18 65//18 
f 65//18 64//18 38//18 
f 40//19 42//19 68//19 
f 68//19 65//19 40//19 
f 42//20 44//20 71//20 
f 71//20 68//20 42//20 
f 44//21 46//21 72//21 
f 72//21 71//21 44//21 
f 46//7 48//7 70//7 
f 70//7 72//7 46//7 
f 48//22 1//22 69//22 
f 69//22 70//22 48//22 
f 73//1 76//1 92//1 
f 92//1 91//1 73//1 
f 76//25 78//25 89//25 
f 89//25 92//25 76//25 
f 78//7 80//7 90//7 
f 90//7 89//7 78//7 
f 80//26 73//26 91//26 
f 91//26 90//26 80//26 
f 81//1 84//1 96//1 
f 96//1 95//1 81//1 
f 84//25 86//25 93//25 
f 93//25 96//25 84//25 
f 86//7 88//7 94//7 
f 94//7 93//7 86//7 
f 88//26 81//26 95//26 
f 95//26 94//26 88//26 
f 97//1 100//1 237//1 
f 237//1 235//1 97//1 
f 100//25 102//25 238//25 
f 238//25 237//25 100//25 
f 102//27 104//27 239//27 
f 239//27 238//27 102//27 
f 104//717 106//717 240//717 
f 240//717 239//717 104//717 
f 106//718 108//718 241//718 
f 241//718 240//718 106//718 
f 108//719 110//719 242//719 
f 242//719 241//719 108//719 
f 110//621 112//621 243//621 
f 243//621 242//621 110//621 
f 112//720 114//720 244//720 
f 244//720 243//720 112//720 
f 114//721 116//721 246//721 
f 246//721 244//721 114//721 
f 116//722 118//722 248//722 
f 248//722 246//722 116//722 
f 118//723 120//723 250//723 
f 250//723 248//723 118//723 
f 120//724 122//724 300//724 
f 300//724 250//724 120//724 
f 122//725 124//725 298//725 
f 298//725 300//725 122//725 
f 124//726 126//726 297//726 
f 297//726 298//726 124//726 
f 126//727 128//727 295//727 
f 295//727 297//727 126//727 
f 128//728 130//728 293//728 
f 293//728 295//728 128//728 
f 130//729 132//729 291//729 
f 291//729 293//729 130//729 
f 132//730 134//730 288//730 
f 288//730 291//730 132//730 
f 134//731 136//731 286//731 
f 286//731 288//731 134//731 
f 136//732 138//732 284//732 
f 284//732 286//732 136//732 
f 138//733 140//733 282//733 
f 282//733 284//733 138//733 
f 140//734 142//734 279//734 
f 279//734 282//734 140//734 
f 142//735 144//735 276//735 
f 276//735 279//735 142//735 
f 144//736 146//736 273//736 
f 273//736 276//736 144//736 
f 146//737 148//737 270//737 
f 270//737 273//737 146//737 
f 148//738 150//738 267//738 
f 267//738 270//738 148//738 
f 150//739 152//739 264//739 
f 264//739 267//739 150//739 
f 152//740 154//740 262//740 
f 262//740 264//740 152//740 
f 154//741 156//741 259//741 
f 259//741 262//741 154//741 
f 156//742 158//742 257//742 
f 257//742 259//742 156//742 
f 158//743 160//743 255//743 
f 255//743 257//743 158//743 
f 160//57 162//57 254//57 
f 254//57 255//57 160//57 
f 162//26 164//26 251//26 
f 251//26 254//26 162//26 
f 164//1 166//1 252//1 
f 252//1 251//1 164//1 
f 166//25 168//25 253//25 
f 253//25 252//25 166//25 
f 168//58 170//58 256//58 
f 256//58 253//58 168//58 
f 170//744 172//744 258//744 
f 258//744 256//744 170//744 
f 172//745 174//745 260//745 
f 260//745 258//745 172//745 
f 174//746 176//746 261//746 
f 261//746 260//746 174//746 
f 176//747 178//747 263//747 
f 263//747 261//747 176//747 
f 178//64 180//64 265//64 
f 265//64 263//64 178//64 
f 180//65 182//65 266//65 
f 266//65 265//65 180//65 
f 182//748 184//748 268//748 
f 268//748 266//748 182//748 
f 184//749 186//749 269//749 
f 269//749 268//749 184//749 
f 186//750 188//750 271//750 
f 271//750 269//750 186//750 
f 188//751 190//751 272//751 
f 272//751 271//751 188//751 
f 190//752 192//752 274//752 
f 274//752 272//752 190//752 
f 192//753 194//753 275//753 
f 275//753 274//753 192//753 
f 194//754 196//754 277//754 
f 277//754 275//754 194//754 
f 196//755 198//755 278//755 
f 278//755 277//755 196//755 
f 198//756 200//756 280//756 
f 280//756 278//756 198//756 
f 200//757 202//757 281//757 
f 281//757 280//757 200//757 
f 202//758 204//758 283//758 
f 283//758 281//758 202//758 
f 204//759 206//759 285//759 
f 285//759 283//759 204//759 
f 206//760 208//760 287//760 
f 287//760 285//760 206//760 
f 208//761 210//761 289//761 
f 289//761 287//761 208//761 
f 210//762 212//762 290//762 
f 290//762 289//762 210//762 
f 212//763 214//763 292//763 
f 292//763 290//763 212//763 
f 214//764 216//764 294//764 
f 294//764 292//764 214//764 
f 216//765 218//765 296//765 
f 296//765 294//765 216//765 
f 218//766 220//766 299//766 
f 299//766 296//766 218//766 
f 220//767 222//767 249//767 
f 249//767 299//767 220//767 
f 222//768 224//768 247//768 
f 247//768 249//768 222//768 
f 224//769 226//769 245//769 
f 245//769 247//769 224//769 
f 226//89 228//89 236//89 
f 236//89 245//89 226//89 
f 228//25 230//25 233//25 
f 233//25 236//25 228//25 
f 230//7 232//7 234//7 
f 234//7 233//7 230//7 
f 232//26 97//26 235//26 
f 235//26 234//26 232//26 
f 301//1 304//1 441//1 
f 441//1 439//1 301//1 
f 304//25 306//25 442//25 
f 442//25 441//25 304//25 
f 306//27 308//27 443//27 
f 443//27 442//27 306//27 
f 308//717 310//717 444//717 
f 444//717 443//717 308//717 
f 310//770 312//770 445//770 
f 445//770 444//770 310//770 
f 312//771 314//771 446//771 
f 446//771 445//771 312//771 
f 314//621 316//621 447//621 
f 447//621 446//621 314//621 
f 316//720 318//720 448//720 
f 448//720 447//720 316//720 
f 318//721 320//721 450//721 
f 450//721 448//721 318//721 
f 320//722 322//722 452//722 
f 452//722 450//722 320//722 
f 322//723 324//723 454//723 
f 454//723 452//723 322//723 
f 324//724 326//724 504//724 
f 504//724 454//724 324//724 
f 326//725 328//725 502//725 
f 502//725 504//725 326//725 
f 328//726 330//726 501//726 
f 501//726 502//726 328//726 
f 330//727 332//727 499//727 
f 499//727 501//727 330//727 
f 332//728 334//728 497//728 
f 497//728 499//728 332//728 
f 334//729 336//729 495//729 
f 495//729 497//729 334//729 
f 336//730 338//730 492//730 
f 492//730 495//730 336//730 
f 338//731 340//731 490//731 
f 490//731 492//731 338//731 
f 340//732 342//732 488//732 
f 488//732 490//732 340//732 
f 342//733 344//733 486//733 
f 486//733 488//733 342//733 
f 344//772 346//772 483//772 
f 483//772 486//772 344//772 
f 346//735 348//735 480//735 
f 480//735 483//735 346//735 
f 348//736 350//736 477//736 
f 477//736 480//736 348//736 
f 350//773 352//773 474//773 
f 474//773 477//773 350//773 
f 352//774 354//774 471//774 
f 471//774 474//774 352//774 
f 354//739 356//739 468//739 
f 468//739 471//739 354//739 
f 356//740 358//740 466//740 
f 466//740 468//740 356//740 
f 358//741 360//741 463//741 
f 463//741 466//741 358//741 
f 360//742 362//742 461//742 
f 461//742 463//742 360//742 
f 362//743 364//743 459//743 
f 459//743 461//743 362//743 
f 364//57 366//57 458//57 
f 458//57 459//57 364//57 
f 366//26 368//26 455//26 
f 455//26 458//26 366//26 
f 368//1 370//1 456//1 
f 456//1 455//1 368//1 
f 370//25 372//25 457//25 
f 457//25 456//25 370//25 
f 372//58 374//58 460//58 
f 460//58 457//58 372//58 
f 374//775 376//775 462//775 
f 462//775 460//775 374//775 
f 376//745 378//745 464//745 
f 464//745 462//745 376//745 
f 378//776 380//776 465//776 
f 465//776 464//776 378//776 
f 380//747 382//747 467//747 
f 467//747 465//747 380//747 
f 382//64 384//64 469//64 
f 469//64 467//64 382//64 
f 384//65 386//65 470//65 
f 470//65 469//65 384//65 
f 386//748 388//748 472//748 
f 472//748 470//748 386//748 
f 388//749 390//749 473//749 
f 473//749 472//749 388//749 
f 390//750 392//750 475//750 
f 475//750 473//750 390//750 
f 392//777 394//777 476//777 
f 476//777 475//777 392//777 
f 394//752 396//752 478//752 
f 478//752 476//752 394//752 
f 396//753 398//753 479//753 
f 479//753 478//753 396//753 
f 398//754 400//754 481//754 
f 481//754 479//754 398//754 
f 400//755 402//755 482//755 
f 482//755 481//755 400//755 
f 402//756 404//756 484//756 
f 484//756 482//756 402//756 
f 404//757 406//757 485//757 
f 485//757 484//757 404//757 
f 406//758 408//758 487//758 
f 487//758 485//758 406//758 
f 408//759 410//759 489//759 
f 489//759 487//759 408//759 
f 410//760 412//760 491//760 
f 491//760 489//760 410//760 
f 412//761 414//761 493//761 
f 493//761 491//761 412//761 
f 414//762 416//762 494//762 
f 494//762 493//762 414//762 
f 416//763 418//763 496//763 
f 496//763 494//763 416//763 
f 418//764 420//764 498//764 
f 498//764 496//764 418//764 
f 420//765 422//765 500//765 
f 500//765 498//765 420//765 
f 422//766 424//766 503//766 
f 503//766 500//766 422//766 
f 424//767 426//767 453//767 
f 453//767 503//767 424//767 
f 426//768 428//768 451//768 
f 451//768 453//768 426//768 
f 428//769 430//769 449//769 
f 449//769 451//769 428//769 
f 430//89 432//89 440//89 
f 440//89 449//89 430//89 
f 432//25 434//25 437//25 
f 437//25 440//25 432//25 
f 434//7 436//7 438//7 
f 438//7 437//7 434//7 
f 436//26 301//26 439//26 
f 439//26 438//26 436//26 
f 505//95 508//95 739//95 
f 739//95 707//95 505//95 
f 508//778 510//778 756//778 
f 756//778 739//778 508//778 
f 510//779 512//779 759//779 
f 759//779 756//779 510//779 
f 512//780 514//780 761//780 
f 761//780 759//780 512//780 
f 514//781 516//781 763//781 
f 763//781 761//781 514//781 
f 516//782 518//782 765//782 
f 765//782 763//782 516//782 
f 518//783 520//783 767//783 
f 767//783 765//783 518//783 
f 520//784 522//784 769//784 
f 769//784 767//784 520//784 
f 522//785 524//785 771//785 
f 771//785 769//785 522//785 
f 524//786 526//786 772//786 
f 772//786 771//786 524//786 
f 526//787 528//787 774//787 
f 774//787 772//787 526//787 
f 528//788 530//788 776//788 
f 776//788 774//788 528//788 
f 530//789 532//789 778//789 
f 778//789 776//789 530//789 
f 532//790 534//790 779//790 
f 779//790 778//790 532//790 
f 534//791 536//791 781//791 
f 781//791 779//791 534//791 
f 536//792 538//792 783//792 
f 783//792 781//792 536//792 
f 538//793 540//793 785//793 
f 785//793 783//793 538//793 
f 540//794 542//794 787//794 
f 787//794 785//794 540//794 
f 542//795 544//795 789//795 
f 789//795 787//795 542//795 
f 544//796 546//796 791//796 
f 791//796 789//796 544//796 
f 546//797 548//797 793//797 
f 793//797 791//797 546//797 
f 548//798 550//798 795//798 
f 795//798 793//798 548//798 
f 550//799 552//799 797//799 
f 797//799 795//799 550//799 
f 552//119 554//119 709//119 
f 709//119 797//119 552//119 
f 554//1 556//1 710//1 
f 710//1 709//1 554//1 
f 556//120 558//120 712//120 
f 712//120 710//120 556//120 
f 558//745 560//745 713//745 
f 713//745 712//745 558//745 
f 560//800 562//800 714//800 
f 714//800 713//800 560//800 
f 562//801 564//801 716//801 
f 716//801 714//801 562//801 
f 564//802 566//802 718//802 
f 718//802 716//802 564//802 
f 566//803 568//803 721//803 
f 721//803 718//803 566//803 
f 568//753 570//753 723//753 
f 723//753 721//753 568//753 
f 570//635 572//635 725//635 
f 725//635 723//635 570//635 
f 572//804 574//804 727//804 
f 727//804 725//804 572//804 
f 574//805 576//805 729//805 
f 729//805 727//805 574//805 
f 576//806 578//806 731//806 
f 731//806 729//806 576//806 
f 578//807 580//807 733//807 
f 733//807 731//807 578//807 
f 580//808 582//808 735//808 
f 735//808 733//808 580//808 
f 582//809 584//809 737//809 
f 737//809 735//809 582//809 
f 584//810 586//810 742//810 
f 742//810 737//810 584//810 
f 586//811 588//811 744//811 
f 744//811 742//811 586//811 
f 588//812 590//812 746//812 
f 746//812 744//812 588//812 
f 590//813 592//813 748//813 
f 748//813 746//813 590//813 
f 592//814 594//814 750//814 
f 750//814 748//814 592//814 
f 594//815 596//815 752//815 
f 752//815 750//815 594//815 
f 596//816 598//816 754//816 
f 754//816 752//816 596//816 
f 598//817 600//817 803//817 
f 803//817 754//817 598//817 
f 600//818 602//818 801//818 
f 801//818 803//818 600//818 
f 602//819 604//819 800//819 
f 800//819 801//819 602//819 
f 604//820 606//820 799//820 
f 799//820 800//820 604//820 
f 606//821 608//821 798//821 
f 798//821 799//821 606//821 
f 608//822 610//822 796//822 
f 796//822 798//822 608//822 
f 610//823 612//823 794//823 
f 794//823 796//823 610//823 
f 612//824 614//824 792//824 
f 792//824 794//824 612//824 
f 614//825 616//825 790//825 
f 790//825 792//825 614//825 
f 616//826 618//826 788//826 
f 788//826 790//826 616//826 
f 618//827 620//827 786//827 
f 786//827 788//827 618//827 
f 620//828 622//828 784//828 
f 784//828 786//828 620//828 
f 622//829 624//829 782//829 
f 782//829 784//829 622//829 
f 624//830 626//830 780//830 
f 780//830 782//830 624//830 
f 626//831 628//831 777//831 
f 777//831 780//831 626//831 
f 628//832 630//832 775//832 
f 775//832 777//832 628//832 
f 630//833 632//833 773//833 
f 773//833 775//833 630//833 
f 632//834 634//834 770//834 
f 770//834 773//834 632//834 
f 634//835 636//835 768//835 
f 768//835 770//835 634//835 
f 636//836 638//836 766//836 
f 766//836 768//836 636//836 
f 638//837 640//837 764//837 
f 764//837 766//837 638//837 
f 640//838 642//838 762//838 
f 762//838 764//838 640//838 
f 642//839 644//839 760//839 
f 760//839 762//839 642//839 
f 644//840 646//840 758//840 
f 758//840 760//840 644//840 
f 646//841 648//841 757//841 
f 757//841 758//841 646//841 
f 648//842 650//842 740//842 
f 740//842 757//842 648//842 
f 650//843 652//843 705//843 
f 705//843 740//843 650//843 
f 652//171 654//171 706//171 
f 706//171 705//171 652//171 
f 654//172 505//172 707//172 
f 707//172 706//172 654//172 
f 655//173 658//173 802//173 
f 802//173 708//173 655//173 
f 658//844 660//844 804//844 
f 804//844 802//844 658//844 
f 660//845 662//845 755//845 
f 755//845 804//845 660//845 
f 662//846 664//846 753//846 
f 753//846 755//846 662//846 
f 664//847 666//847 751//847 
f 751//847 753//847 664//847 
f 666//848 668//848 749//848 
f 749//848 751//848 666//848 
f 668//849 670//849 747//849 
f 747//849 749//849 668//849 
f 670//850 672//850 745//850 
f 745//850 747//850 670//850 
f 672//851 674//851 743//851 
f 743//851 745//851 672//851 
f 674//852 676//852 741//852 
f 741//852 743//852 674//852 
f 676//853 678//853 738//853 
f 738//853 741//853 676//853 
f 678//854 680//854 736//854 
f 736//854 738//854 678//854 
f 680//855 682//855 734//855 
f 734//855 736//855 680//855 
f 682//856 684//856 732//856 
f 732//856 734//856 682//856 
f 684//857 686//857 730//857 
f 730//857 732//857 684//857 
f 686//858 688//858 728//858 
f 728//858 730//858 686//858 
f 688//859 690//859 726//859 
f 726//859 728//859 688//859 
f 690//860 692//860 724//860 
f 724//860 726//860 690//860 
f 692//861 694//861 722//861 
f 722//861 724//861 692//861 
f 694//862 696//862 720//862 
f 720//862 722//862 694//862 
f 696//863 698//863 719//863 
f 719//863 720//863 696//863 
f 698//864 700//864 717//864 
f 717//864 719//864 698//864 
f 700//865 702//865 715//865 
f 715//865 717//865 700//865 
f 702//197 704//197 711//197 
f 711//197 715//197 702//197 
f 704//7 655//7 708//7 
f 708//7 711//7 704//7 
f 805//1 808//1 908//1 
f 908//1 906//1 805//1 
f 808//25 810//25 909//25 
f 909//25 908//25 808//25 
f 810//198 812//198 910//198 
f 910//198 909//198 810//198 
f 812//866 814//866 911//866 
f 911//866 910//866 812//866 
f 814//867 816//867 912//867 
f 912//867 911//867 814//867 
f 816//868 818//868 913//868 
f 913//868 912//868 816//868 
f 818//869 820//869 914//869 
f 914//869 913//869 818//869 
f 820//870 822//870 915//870 
f 915//870 914//870 820//870 
f 822//871 824//871 916//871 
f 916//871 915//871 822//871 
f 824//872 826//872 917//872 
f 917//872 916//872 824//872 
f 826//873 828//873 918//873 
f 918//873 917//873 826//873 
f 828//874 830//874 919//874 
f 919//874 918//874 828//874 
f 830//875 832//875 948//875 
f 948//875 919//875 830//875 
f 832//876 834//876 947//876 
f 947//876 948//876 832//876 
f 834//877 836//877 945//877 
f 945//877 947//877 834//877 
f 836//878 838//878 943//878 
f 943//878 945//878 836//878 
f 838//879 840//879 940//879 
f 940//879 943//879 838//879 
f 840//880 842//880 937//880 
f 937//880 940//880 840//880 
f 842//881 844//881 933//881 
f 933//881 937//881 842//881 
f 844//882 846//882 930//882 
f 930//882 933//882 844//882 
f 846//883 848//883 927//883 
f 927//883 930//883 846//883 
f 848//884 850//884 925//884 
f 925//884 927//884 848//884 
f 850//885 852//885 923//885 
f 923//885 925//885 850//885 
f 852//886 854//886 921//886 
f 921//886 923//886 852//886 
f 854//887 856//887 901//887 
f 901//887 921//887 854//887 
f 856//222 858//222 902//222 
f 902//222 901//222 856//222 
f 858//223 860//223 903//223 
f 903//223 902//223 858//223 
f 860//224 862//224 920//224 
f 920//224 903//224 860//224 
f 862//888 864//888 922//888 
f 922//888 920//888 862//888 
f 864//889 866//889 924//889 
f 924//889 922//889 864//889 
f 866//890 868//890 926//890 
f 926//890 924//890 866//890 
f 868//891 870//891 928//891 
f 928//891 926//891 868//891 
f 870//892 872//892 929//892 
f 929//892 928//892 870//892 
f 872//893 874//893 931//893 
f 931//893 929//893 872//893 
f 874//412 876//412 932//412 
f 932//412 931//412 874//412 
f 876//894 878//894 934//894 
f 934//894 932//894 876//894 
f 878//895 880//895 935//895 
f 935//895 934//895 878//895 
f 880//896 882//896 936//896 
f 936//896 935//896 880//896 
f 882//897 884//897 938//897 
f 938//897 936//897 882//897 
f 884//898 886//898 939//898 
f 939//898 938//898 884//898 
f 886//899 888//899 941//899 
f 941//899 939//899 886//899 
f 888//900 890//900 942//900 
f 942//900 941//900 888//900 
f 890//901 892//901 944//901 
f 944//901 942//901 890//901 
f 892//902 894//902 946//902 
f 946//902 944//902 892//902 
f 894//242 896//242 907//242 
f 907//242 946//242 894//242 
f 896//25 898//25 904//25 
f 904//25 907//25 896//25 
f 898//7 900//7 905//7 
f 905//7 904//7 898//7 
f 900//26 805//26 906//26 
f 906//26 905//26 900//26 
f 949//1 952//1 960//1 
f 960//1 959//1 949//1 
f 952//25 954//25 957//25 
f 957//25 960//25 952//25 
f 954//7 956//7 958//7 
f 958//7 957//7 954//7 
f 956//26 949//26 959//26 
f 959//26 958//26 956//26 
f 961//1 964//1 1130//1 
f 1130//1 1110//1 961//1 
f 964//25 966//25 1131//25 
f 1131//25 1130//25 964//25 
f 966//1 968//1 1133//1 
f 1133//1 1131//1 966//1 
f 968//243 970//243 1134//243 
f 1134//243 1133//243 968//243 
f 970//903 972//903 1137//903 
f 1137//903 1134//903 970//903 
f 972//904 974//904 1139//904 
f 1139//904 1137//904 972//904 
f 974//905 976//905 1141//905 
f 1141//905 1139//905 974//905 
f 976//906 978//906 1143//906 
f 1143//906 1141//906 976//906 
f 978//907 980//907 1145//907 
f 1145//907 1143//907 978//907 
f 980//908 982//908 1147//908 
f 1147//908 1145//908 980//908 
f 982//909 984//909 1149//909 
f 1149//909 1147//909 982//909 
f 984//910 986//910 1151//910 
f 1151//910 1149//910 984//910 
f 986//911 988//911 1153//911 
f 1153//911 1151//911 986//911 
f 988//912 990//912 1154//912 
f 1154//912 1153//912 988//912 
f 990//913 992//913 1156//913 
f 1156//913 1154//913 990//913 
f 992//914 994//914 1158//914 
f 1158//914 1156//914 992//914 
f 994//915 996//915 1160//915 
f 1160//915 1158//915 994//915 
f 996//916 998//916 1162//916 
f 1162//916 1160//916 996//916 
f 998//917 1000//917 1164//917 
f 1164//917 1162//917 998//917 
f 1000//918 1002//918 1165//918 
f 1165//918 1164//918 1000//918 
f 1002//919 1004//919 1167//919 
f 1167//919 1165//919 1002//919 
f 1004//920 1006//920 1169//920 
f 1169//920 1167//920 1004//920 
f 1006//921 1008//921 1170//921 
f 1170//921 1169//921 1006//921 
f 1008//922 1010//922 1172//922 
f 1172//922 1170//922 1008//922 
f 1010//923 1012//923 1174//923 
f 1174//923 1172//923 1010//923 
f 1012//924 1014//924 1175//924 
f 1175//924 1174//924 1012//924 
f 1014//925 1016//925 1177//925 
f 1177//925 1175//925 1014//925 
f 1016//926 1018//926 1178//926 
f 1178//926 1177//926 1016//926 
f 1018//927 1020//927 1180//927 
f 1180//927 1178//927 1018//927 
f 1020//928 1022//928 1182//928 
f 1182//928 1180//928 1020//928 
f 1022//929 1024//929 1129//929 
f 1129//929 1182//929 1022//929 
f 1024//930 1026//930 1127//930 
f 1127//930 1129//930 1024//930 
f 1026//273 1028//273 1125//273 
f 1125//273 1127//273 1026//273 
f 1028//274 1030//274 1123//274 
f 1123//274 1125//274 1028//274 
f 1030//931 1032//931 1121//931 
f 1121//931 1123//931 1030//931 
f 1032//932 1034//932 1119//932 
f 1119//932 1121//932 1032//932 
f 1034//933 1036//933 1117//933 
f 1117//933 1119//933 1034//933 
f 1036//934 1038//934 1115//934 
f 1115//934 1117//934 1036//934 
f 1038//280 1040//280 1113//280 
f 1113//280 1115//280 1038//280 
f 1040//7 1042//7 1109//7 
f 1109//7 1113//7 1040//7 
f 1042//26 961//26 1110//26 
f 1110//26 1109//26 1042//26 
f 1043//25 1046//25 1112//25 
f 1112//25 1111//25 1043//25 
f 1046//1 1048//1 1114//1 
f 1114//1 1112//1 1046//1 
f 1048//281 1050//281 1116//281 
f 1116//281 1114//281 1048//281 
f 1050//935 1052//935 1118//935 
f 1118//935 1116//935 1050//935 
f 1052//936 1054//936 1120//936 
f 1120//936 1118//936 1052//936 
f 1054//937 1056//937 1122//937 
f 1122//937 1120//937 1054//937 
f 1056//938 1058//938 1124//938 
f 1124//938 1122//938 1056//938 
f 1058//287 1060//287 1126//287 
f 1126//287 1124//287 1058//287 
f 1060//288 1062//288 1128//288 
f 1128//288 1126//288 1060//288 
f 1062//939 1064//939 1181//939 
f 1181//939 1128//939 1062//939 
f 1064//940 1066//940 1179//940 
f 1179//940 1181//940 1064//940 
f 1066//941 1068//941 1176//941 
f 1176//941 1179//941 1066//941 
f 1068//942 1070//942 1173//942 
f 1173//942 1176//942 1068//942 
f 1070//943 1072//943 1171//943 
f 1171//943 1173//943 1070//943 
f 1072//944 1074//944 1168//944 
f 1168//944 1171//944 1072//944 
f 1074//945 1076//945 1166//945 
f 1166//945 1168//945 1074//945 
f 1076//946 1078//946 1163//946 
f 1163//946 1166//946 1076//946 
f 1078//947 1080//947 1161//947 
f 1161//947 1163//947 1078//947 
f 1080//948 1082//948 1159//948 
f 1159//948 1161//948 1080//948 
f 1082//949 1084//949 1157//949 
f 1157//949 1159//949 1082//949 
f 1084//950 1086//950 1155//950 
f 1155//950 1157//950 1084//950 
f 1086//951 1088//951 1152//951 
f 1152//951 1155//951 1086//951 
f 1088//952 1090//952 1150//952 
f 1150//952 1152//952 1088//952 
f 1090//953 1092//953 1148//953 
f 1148//953 1150//953 1090//953 
f 1092//954 1094//954 1146//954 
f 1146//954 1148//954 1092//954 
f 1094//955 1096//955 1144//955 
f 1144//955 1146//955 1094//955 
f 1096//956 1098//956 1142//956 
f 1142//956 1144//956 1096//956 
f 1098//957 1100//957 1140//957 
f 1140//957 1142//957 1098//957 
f 1100//958 1102//958 1138//958 
f 1138//958 1140//958 1100//958 
f 1102//959 1104//959 1136//959 
f 1136//959 1138//959 1102//959 
f 1104//960 1106//960 1135//960 
f 1135//960 1136//960 1104//960 
f 1106//312 1108//312 1132//312 
f 1132//312 1135//312 1106//312 
f 1108//7 1043//7 1111//7 
f 1111//7 1132//7 1108//7 
f 1183//1 1186//1 1194//1 
f 1194//1 1193//1 1183//1 
f 1186//25 1188//25 1191//25 
f 1191//25 1194//25 1186//25 
f 1188//7 1190//7 1192//7 
f 1192//7 1191//7 1188//7 
f 1190//26 1183//26 1193//26 
f 1193//26 1192//26 1190//26 
f 1195//313 1198//313 1747//313 
f 1747//313 1589//313 1195//313 
f 1198//961 1200//961 1745//961 
f 1745//961 1747//961 1198//961 
f 1200//962 1202//962 1744//962 
f 1744//962 1745//962 1200//962 
f 1202//963 1204//963 1742//963 
f 1742//963 1744//963 1202//963 
f 1204//964 1206//964 1740//964 
f 1740//964 1742//964 1204//964 
f 1206//319 1208//319 1599//319 
f 1599//319 1740//319 1206//319 
f 1208//1 1210//1 1600//1 
f 1600//1 1599//1 1208//1 
f 1210//320 1212//320 1601//320 
f 1601//320 1600//320 1210//320 
f 1212//965 1214//965 1602//965 
f 1602//965 1601//965 1212//965 
f 1214//966 1216//966 1609//966 
f 1609//966 1602//966 1214//966 
f 1216//967 1218//967 1741//967 
f 1741//967 1609//967 1216//967 
f 1218//968 1220//968 1743//968 
f 1743//968 1741//968 1218//968 
f 1220//969 1222//969 1746//969 
f 1746//969 1743//969 1220//969 
f 1222//970 1224//970 1748//970 
f 1748//970 1746//970 1222//970 
f 1224//971 1226//971 1749//971 
f 1749//971 1748//971 1224//971 
f 1226//972 1228//972 1750//972 
f 1750//972 1749//972 1226//972 
f 1228//973 1230//973 1751//973 
f 1751//973 1750//973 1228//973 
f 1230//974 1232//974 1752//974 
f 1752//974 1751//974 1230//974 
f 1232//332 1234//332 1753//332 
f 1753//332 1752//332 1232//332 
f 1234//25 1236//25 1754//25 
f 1754//25 1753//25 1234//25 
f 1236//333 1238//333 1756//333 
f 1756//333 1754//333 1236//333 
f 1238//975 1240//975 1757//975 
f 1757//975 1756//975 1238//975 
f 1240//976 1242//976 1759//976 
f 1759//976 1757//976 1240//976 
f 1242//977 1244//977 1761//977 
f 1761//977 1759//977 1242//977 
f 1244//978 1246//978 1762//978 
f 1762//978 1761//978 1244//978 
f 1246//339 1248//339 1764//339 
f 1764//339 1762//339 1246//339 
f 1248//340 1250//340 1765//340 
f 1765//340 1764//340 1248//340 
f 1250//979 1252//979 1766//979 
f 1766//979 1765//979 1250//979 
f 1252//980 1254//980 1768//980 
f 1768//980 1766//980 1252//980 
f 1254//981 1256//981 1769//981 
f 1769//981 1768//981 1254//981 
f 1256//982 1258//982 1770//982 
f 1770//982 1769//982 1256//982 
f 1258//983 1260//983 1772//983 
f 1772//983 1770//983 1258//983 
f 1260//984 1262//984 1773//984 
f 1773//984 1772//984 1260//984 
f 1262//985 1264//985 1774//985 
f 1774//985 1773//985 1262//985 
f 1264//986 1266//986 1776//986 
f 1776//986 1774//986 1264//986 
f 1266//987 1268//987 1777//987 
f 1777//987 1776//987 1266//987 
f 1268//988 1270//988 1779//988 
f 1779//988 1777//988 1268//988 
f 1270//989 1272//989 1780//989 
f 1780//989 1779//989 1270//989 
f 1272//990 1274//990 1782//990 
f 1782//990 1780//990 1272//990 
f 1274//991 1276//991 1783//991 
f 1783//991 1782//991 1274//991 
f 1276//992 1278//992 1785//992 
f 1785//992 1783//992 1276//992 
f 1278//993 1280//993 1646//993 
f 1646//993 1785//993 1278//993 
f 1280//994 1282//994 1644//994 
f 1644//994 1646//994 1280//994 
f 1282//995 1284//995 1642//995 
f 1642//995 1644//995 1282//995 
f 1284//996 1286//996 1640//996 
f 1640//996 1642//996 1284//996 
f 1286//997 1288//997 1638//997 
f 1638//997 1640//997 1286//997 
f 1288//998 1290//998 1636//998 
f 1636//998 1638//998 1288//998 
f 1290//999 1292//999 1634//999 
f 1634//999 1636//999 1290//999 
f 1292//1000 1294//1000 1631//1000 
f 1631//1000 1634//1000 1292//1000 
f 1294//1001 1296//1001 1629//1001 
f 1629//1001 1631//1001 1294//1001 
f 1296//1002 1298//1002 1627//1002 
f 1627//1002 1629//1002 1296//1002 
f 1298//1003 1300//1003 1625//1003 
f 1625//1003 1627//1003 1298//1003 
f 1300//1004 1302//1004 1624//1004 
f 1624//1004 1625//1004 1300//1004 
f 1302//1005 1304//1005 1622//1005 
f 1622//1005 1624//1005 1302//1005 
f 1304//1006 1306//1006 1621//1006 
f 1621//1006 1622//1006 1304//1006 
f 1306//1007 1308//1007 1619//1007 
f 1619//1007 1621//1007 1306//1007 
f 1308//1008 1310//1008 1618//1008 
f 1618//1008 1619//1008 1308//1008 
f 1310//1009 1312//1009 1616//1009 
f 1616//1009 1618//1009 1310//1009 
f 1312//1010 1314//1010 1614//1010 
f 1614//1010 1616//1010 1312//1010 
f 1314//1011 1316//1011 1613//1011 
f 1613//1011 1614//1011 1314//1011 
f 1316//1012 1318//1012 1606//1012 
f 1606//1012 1613//1012 1316//1012 
f 1318//376 1320//376 1607//376 
f 1607//376 1606//376 1318//376 
f 1320//377 1322//377 1608//377 
f 1608//377 1607//377 1320//377 
f 1322//378 1324//378 1612//378 
f 1612//378 1608//378 1322//378 
f 1324//1013 1326//1013 1615//1013 
f 1615//1013 1612//1013 1324//1013 
f 1326//1014 1328//1014 1617//1014 
f 1617//1014 1615//1014 1326//1014 
f 1328//1015 1330//1015 1620//1015 
f 1620//1015 1617//1015 1328//1015 
f 1330//1016 1332//1016 1623//1016 
f 1623//1016 1620//1016 1330//1016 
f 1332//1017 1334//1017 1626//1017 
f 1626//1017 1623//1017 1332//1017 
f 1334//1018 1336//1018 1628//1018 
f 1628//1018 1626//1018 1334//1018 
f 1336//1019 1338//1019 1630//1019 
f 1630//1019 1628//1019 1336//1019 
f 1338//1020 1340//1020 1635//1020 
f 1635//1020 1630//1020 1338//1020 
f 1340//1021 1342//1021 1637//1021 
f 1637//1021 1635//1021 1340//1021 
f 1342//1022 1344//1022 1639//1022 
f 1639//1022 1637//1022 1342//1022 
f 1344//1023 1346//1023 1641//1023 
f 1641//1023 1639//1023 1344//1023 
f 1346//727 1348//727 1643//727 
f 1643//727 1641//727 1346//727 
f 1348//1024 1350//1024 1645//1024 
f 1645//1024 1643//1024 1348//1024 
f 1350//1025 1352//1025 1784//1025 
f 1784//1025 1645//1025 1350//1025 
f 1352//1026 1354//1026 1781//1026 
f 1781//1026 1784//1026 1352//1026 
f 1354//1027 1356//1027 1778//1027 
f 1778//1027 1781//1027 1354//1027 
f 1356//1028 1358//1028 1775//1028 
f 1775//1028 1778//1028 1356//1028 
f 1358//1029 1360//1029 1771//1029 
f 1771//1029 1775//1029 1358//1029 
f 1360//1030 1362//1030 1767//1030 
f 1767//1030 1771//1030 1360//1030 
f 1362//1031 1364//1031 1763//1031 
f 1763//1031 1767//1031 1362//1031 
f 1364//1032 1366//1032 1760//1032 
f 1760//1032 1763//1032 1364//1032 
f 1366//1033 1368//1033 1758//1033 
f 1758//1033 1760//1033 1366//1033 
f 1368//1034 1370//1034 1755//1034 
f 1755//1034 1758//1034 1368//1034 
f 1370//403 1372//403 1739//403 
f 1739//403 1755//403 1370//403 
f 1372//404 1374//404 1737//404 
f 1737//404 1739//404 1372//404 
f 1374//1035 1376//1035 1735//1035 
f 1735//1035 1737//1035 1374//1035 
f 1376//1036 1378//1036 1733//1036 
f 1733//1036 1735//1036 1376//1036 
f 1378//1037 1380//1037 1731//1037 
f 1731//1037 1733//1037 1378//1037 
f 1380//1038 1382//1038 1728//1038 
f 1728//1038 1731//1038 1380//1038 
f 1382//1039 1384//1039 1726//1039 
f 1726//1039 1728//1039 1382//1039 
f 1384//998 1386//998 1725//998 
f 1725//998 1726//998 1384//998 
f 1386//1040 1388//1040 1723//1040 
f 1723//1040 1725//1040 1386//1040 
f 1388//1041 1390//1041 1721//1041 
f 1721//1041 1723//1041 1388//1041 
f 1390//1042 1392//1042 1719//1042 
f 1719//1042 1721//1042 1390//1042 
f 1392//1043 1394//1043 1717//1043 
f 1717//1043 1719//1043 1392//1043 
f 1394//416 1396//416 1715//416 
f 1715//416 1717//416 1394//416 
f 1396//417 1398//417 1714//417 
f 1714//417 1715//417 1396//417 
f 1398//1044 1400//1044 1712//1044 
f 1712//1044 1714//1044 1398//1044 
f 1400//1045 1402//1045 1710//1045 
f 1710//1045 1712//1045 1400//1045 
f 1402//1046 1404//1046 1708//1046 
f 1708//1046 1710//1046 1402//1046 
f 1404//1047 1406//1047 1706//1047 
f 1706//1047 1708//1047 1404//1047 
f 1406//1048 1408//1048 1705//1048 
f 1705//1048 1706//1048 1406//1048 
f 1408//1049 1410//1049 1703//1049 
f 1703//1049 1705//1049 1408//1049 
f 1410//1050 1412//1050 1701//1050 
f 1701//1050 1703//1050 1410//1050 
f 1412//1051 1414//1051 1700//1051 
f 1700//1051 1701//1051 1412//1051 
f 1414//1052 1416//1052 1698//1052 
f 1698//1052 1700//1052 1414//1052 
f 1416//1053 1418//1053 1696//1053 
f 1696//1053 1698//1053 1416//1053 
f 1418//1054 1420//1054 1694//1054 
f 1694//1054 1696//1054 1418//1054 
f 1420//1055 1422//1055 1693//1055 
f 1693//1055 1694//1055 1420//1055 
f 1422//1056 1424//1056 1691//1056 
f 1691//1056 1693//1056 1422//1056 
f 1424//1057 1426//1057 1689//1057 
f 1689//1057 1691//1057 1424//1057 
f 1426//1058 1428//1058 1688//1058 
f 1688//1058 1689//1058 1426//1058 
f 1428//1059 1430//1059 1686//1059 
f 1686//1059 1688//1059 1428//1059 
f 1430//1060 1432//1060 1684//1060 
f 1684//1060 1686//1060 1430//1060 
f 1432//1061 1434//1061 1682//1061 
f 1682//1061 1684//1061 1432//1061 
f 1434//1062 1436//1062 1681//1062 
f 1681//1062 1682//1062 1434//1062 
f 1436//1063 1438//1063 1679//1063 
f 1679//1063 1681//1063 1436//1063 
f 1438//1064 1440//1064 1677//1064 
f 1677//1064 1679//1064 1438//1064 
f 1440//1065 1442//1065 1675//1065 
f 1675//1065 1677//1065 1440//1065 
f 1442//1066 1444//1066 1674//1066 
f 1674//1066 1675//1066 1442//1066 
f 1444//1067 1446//1067 1672//1067 
f 1672//1067 1674//1067 1444//1067 
f 1446//1068 1448//1068 1670//1068 
f 1670//1068 1672//1068 1446//1068 
f 1448//1069 1450//1069 1668//1069 
f 1668//1069 1670//1069 1448//1069 
f 1450//1070 1452//1070 1666//1070 
f 1666//1070 1668//1070 1450//1070 
f 1452//1071 1454//1071 1663//1071 
f 1663//1071 1666//1071 1452//1071 
f 1454//1072 1456//1072 1662//1072 
f 1662//1072 1663//1072 1454//1072 
f 1456//1073 1458//1073 1660//1073 
f 1660//1073 1662//1073 1456//1073 
f 1458//522 1460//522 1658//522 
f 1658//522 1660//522 1458//522 
f 1460//1074 1462//1074 1656//1074 
f 1656//1074 1658//1074 1460//1074 
f 1462//1075 1464//1075 1655//1075 
f 1655//1075 1656//1075 1462//1075 
f 1464//1076 1466//1076 1653//1076 
f 1653//1076 1655//1076 1464//1076 
f 1466//1077 1468//1077 1651//1077 
f 1651//1077 1653//1077 1466//1077 
f 1468//1078 1470//1078 1649//1078 
f 1649//1078 1651//1078 1468//1078 
f 1470//1079 1472//1079 1647//1079 
f 1647//1079 1649//1079 1470//1079 
f 1472//1080 1474//1080 1632//1080 
f 1632//1080 1647//1080 1472//1080 
f 1474//1081 1476//1081 1610//1081 
f 1610//1081 1632//1081 1474//1081 
f 1476//1082 1478//1082 1604//1082 
f 1604//1082 1610//1082 1476//1082 
f 1478//460 1195//460 1589//460 
f 1589//460 1604//460 1478//460 
f 1479//461 1482//461 1590//461 
f 1590//461 1738//461 1479//461 
f 1482//462 1484//462 1591//462 
f 1591//462 1590//462 1482//462 
f 1484//1083 1486//1083 1592//1083 
f 1592//1083 1591//1083 1484//1083 
f 1486//1084 1488//1084 1593//1084 
f 1593//1084 1592//1084 1486//1084 
f 1488//1085 1490//1085 1594//1085 
f 1594//1085 1593//1085 1488//1085 
f 1490//1086 1492//1086 1595//1086 
f 1595//1086 1594//1086 1490//1086 
f 1492//1087 1494//1087 1596//1087 
f 1596//1087 1595//1087 1492//1087 
f 1494//1088 1496//1088 1597//1088 
f 1597//1088 1596//1088 1494//1088 
f 1496//1089 1498//1089 1598//1089 
f 1598//1089 1597//1089 1496//1089 
f 1498//1090 1500//1090 1603//1090 
f 1603//1090 1598//1090 1498//1090 
f 1500//1091 1502//1091 1605//1091 
f 1605//1091 1603//1091 1500//1091 
f 1502//1092 1504//1092 1611//1092 
f 1611//1092 1605//1092 1502//1092 
f 1504//1093 1506//1093 1633//1093 
f 1633//1093 1611//1093 1504//1093 
f 1506//1094 1508//1094 1648//1094 
f 1648//1094 1633//1094 1506//1094 
f 1508//419 1510//419 1650//419 
f 1650//419 1648//419 1508//419 
f 1510//1095 1512//1095 1652//1095 
f 1652//1095 1650//1095 1510//1095 
f 1512//1096 1514//1096 1654//1096 
f 1654//1096 1652//1096 1512//1096 
f 1514//1097 1516//1097 1657//1097 
f 1657//1097 1654//1097 1514//1097 
f 1516//1098 1518//1098 1659//1098 
f 1659//1098 1657//1098 1516//1098 
f 1518//1099 1520//1099 1661//1099 
f 1661//1099 1659//1099 1518//1099 
f 1520//1100 1522//1100 1664//1100 
f 1664//1100 1661//1100 1520//1100 
f 1522//1101 1524//1101 1665//1101 
f 1665//1101 1664//1101 1522//1101 
f 1524//1102 1526//1102 1667//1102 
f 1667//1102 1665//1102 1524//1102 
f 1526//1103 1528//1103 1669//1103 
f 1669//1103 1667//1103 1526//1103 
f 1528//1104 1530//1104 1671//1104 
f 1671//1104 1669//1104 1528//1104 
f 1530//1105 1532//1105 1673//1105 
f 1673//1105 1671//1105 1530//1105 
f 1532//1106 1534//1106 1676//1106 
f 1676//1106 1673//1106 1532//1106 
f 1534//1107 1536//1107 1678//1107 
f 1678//1107 1676//1107 1534//1107 
f 1536//1108 1538//1108 1680//1108 
f 1680//1108 1678//1108 1536//1108 
f 1538//1109 1540//1109 1683//1109 
f 1683//1109 1680//1109 1538//1109 
f 1540//1110 1542//1110 1685//1110 
f 1685//1110 1683//1110 1540//1110 
f 1542//1111 1544//1111 1687//1111 
f 1687//1111 1685//1111 1542//1111 
f 1544//1112 1546//1112 1690//1112 
f 1690//1112 1687//1112 1544//1112 
f 1546//1113 1548//1113 1692//1113 
f 1692//1113 1690//1113 1546//1113 
f 1548//1114 1550//1114 1695//1114 
f 1695//1114 1692//1114 1548//1114 
f 1550//1115 1552//1115 1697//1115 
f 1697//1115 1695//1115 1550//1115 
f 1552//1116 1554//1116 1699//1116 
f 1699//1116 1697//1116 1552//1116 
f 1554//1117 1556//1117 1702//1117 
f 1702//1117 1699//1117 1554//1117 
f 1556//1118 1558//1118 1704//1118 
f 1704//1118 1702//1118 1556//1118 
f 1558//1119 1560//1119 1707//1119 
f 1707//1119 1704//1119 1558//1119 
f 1560//1120 1562//1120 1709//1120 
f 1709//1120 1707//1120 1560//1120 
f 1562//1121 1564//1121 1711//1121 
f 1711//1121 1709//1121 1562//1121 
f 1564//1122 1566//1122 1713//1122 
f 1713//1122 1711//1122 1564//1122 
f 1566//1123 1568//1123 1716//1123 
f 1716//1123 1713//1123 1566//1123 
f 1568//1124 1570//1124 1718//1124 
f 1718//1124 1716//1124 1568//1124 
f 1570//1125 1572//1125 1720//1125 
f 1720//1125 1718//1125 1570//1125 
f 1572//1126 1574//1126 1722//1126 
f 1722//1126 1720//1126 1572//1126 
f 1574//1127 1576//1127 1724//1127 
f 1724//1127 1722//1127 1574//1127 
f 1576//1128 1578//1128 1727//1128 
f 1727//1128 1724//1128 1576//1128 
f 1578//509 1580//509 1729//509 
f 1729//509 1727//509 1578//509 
f 1580//1129 1582//1129 1730//1129 
f 1730//1129 1729//1129 1580//1129 
f 1582//1130 1584//1130 1732//1130 
f 1732//1130 1730//1130 1582//1130 
f 1584//1131 1586//1131 1734//1131 
f 1734//1131 1732//1131 1584//1131 
f 1586//1132 1588//1132 1736//1132 
f 1736//1132 1734//1132 1586//1132 
f 1588//515 1479//515 1738//515 
f 1738//515 1736//515 1588//515 
f 1786//445 1789//445 1988//445 
f 1988//445 1924//445 1786//445 
f 1789//1133 1791//1133 1987//1133 
f 1987//1133 1988//1133 1789//1133 
f 1791//1134 1793//1134 1985//1134 
f 1985//1134 1987//1134 1791//1134 
f 1793//1135 1795//1135 1983//1135 
f 1983//1135 1985//1135 1793//1135 
f 1795//1136 1797//1136 1982//1136 
f 1982//1136 1983//1136 1795//1136 
f 1797//1137 1799//1137 1980//1137 
f 1980//1137 1982//1137 1797//1137 
f 1799//1138 1801//1138 1978//1138 
f 1978//1138 1980//1138 1799//1138 
f 1801//1139 1803//1139 1976//1139 
f 1976//1139 1978//1139 1801//1139 
f 1803//1140 1805//1140 1975//1140 
f 1975//1140 1976//1140 1803//1140 
f 1805//1141 1807//1141 1973//1141 
f 1973//1141 1975//1141 1805//1141 
f 1807//1142 1809//1142 1971//1142 
f 1971//1142 1973//1142 1807//1142 
f 1809//1143 1811//1143 1970//1143 
f 1970//1143 1971//1143 1809//1143 
f 1811//663 1813//663 1968//663 
f 1968//663 1970//663 1811//663 
f 1813//1144 1815//1144 1966//1144 
f 1966//1144 1968//1144 1813//1144 
f 1815//1145 1817//1145 1964//1145 
f 1964//1145 1966//1145 1815//1145 
f 1817//1146 1819//1146 1962//1146 
f 1962//1146 1964//1146 1817//1146 
f 1819//1147 1821//1147 1959//1147 
f 1959//1147 1962//1147 1819//1147 
f 1821//1148 1823//1148 1957//1148 
f 1957//1148 1959//1148 1821//1148 
f 1823//1149 1825//1149 1955//1149 
f 1955//1149 1957//1149 1823//1149 
f 1825//1150 1827//1150 1952//1150 
f 1952//1150 1955//1150 1825//1150 
f 1827//1151 1829//1151 1949//1151 
f 1949//1151 1952//1151 1827//1151 
f 1829//1152 1831//1152 1947//1152 
f 1947//1152 1949//1152 1829//1152 
f 1831//1153 1833//1153 1944//1153 
f 1944//1153 1947//1153 1831//1153 
f 1833//539 1835//539 1935//539 
f 1935//539 1944//539 1833//539 
f 1835//540 1837//540 1936//540 
f 1936//540 1935//540 1835//540 
f 1837//7 1839//7 1937//7 
f 1937//7 1936//7 1837//7 
f 1839//541 1841//541 1938//541 
f 1938//541 1937//541 1839//541 
f 1841//542 1843//542 1939//542 
f 1939//542 1938//542 1841//542 
f 1843//1154 1845//1154 1940//1154 
f 1940//1154 1939//1154 1843//1154 
f 1845//1155 1847//1155 1941//1155 
f 1941//1155 1940//1155 1845//1155 
f 1847//1156 1849//1156 1942//1156 
f 1942//1156 1941//1156 1847//1156 
f 1849//1157 1851//1157 1943//1157 
f 1943//1157 1942//1157 1849//1157 
f 1851//548 1853//548 1934//548 
f 1934//548 1943//548 1851//548 
f 1853//549 1855//549 1933//549 
f 1933//549 1934//549 1853//549 
f 1855//1158 1857//1158 1932//1158 
f 1932//1158 1933//1158 1855//1158 
f 1857//1159 1859//1159 1931//1159 
f 1931//1159 1932//1159 1857//1159 
f 1859//1160 1861//1160 1930//1160 
f 1930//1160 1931//1160 1859//1160 
f 1861//1161 1863//1161 1929//1161 
f 1929//1161 1930//1161 1861//1161 
f 1863//555 1865//555 1928//555 
f 1928//555 1929//555 1863//555 
f 1865//556 1867//556 1925//556 
f 1925//556 1928//556 1865//556 
f 1867//7 1869//7 1926//7 
f 1926//7 1925//7 1867//7 
f 1869//557 1871//557 1927//557 
f 1927//557 1926//557 1869//557 
f 1871//558 1873//558 1946//558 
f 1946//558 1927//558 1871//558 
f 1873//559 1875//559 1948//559 
f 1948//559 1946//559 1873//559 
f 1875//1162 1877//1162 1950//1162 
f 1950//1162 1948//1162 1875//1162 
f 1877//1163 1879//1163 1953//1163 
f 1953//1163 1950//1163 1877//1163 
f 1879//1164 1881//1164 1954//1164 
f 1954//1164 1953//1164 1879//1164 
f 1881//1165 1883//1165 1956//1165 
f 1956//1165 1954//1165 1881//1165 
f 1883//1166 1885//1166 1958//1166 
f 1958//1166 1956//1166 1883//1166 
f 1885//1167 1887//1167 1960//1167 
f 1960//1167 1958//1167 1885//1167 
f 1887//1168 1889//1168 1961//1168 
f 1961//1168 1960//1168 1887//1168 
f 1889//1169 1891//1169 1963//1169 
f 1963//1169 1961//1169 1889//1169 
f 1891//1170 1893//1170 1965//1170 
f 1965//1170 1963//1170 1891//1170 
f 1893//1171 1895//1171 1967//1171 
f 1967//1171 1965//1171 1893//1171 
f 1895//1172 1897//1172 1969//1172 
f 1969//1172 1967//1172 1895//1172 
f 1897//1173 1899//1173 1972//1173 
f 1972//1173 1969//1173 1897//1173 
f 1899//1174 1901//1174 1974//1174 
f 1974//1174 1972//1174 1899//1174 
f 1901//1175 1903//1175 1977//1175 
f 1977//1175 1974//1175 1901//1175 
f 1903//1176 1905//1176 1979//1176 
f 1979//1176 1977//1176 1903//1176 
f 1905//585 1907//585 1981//585 
f 1981//585 1979//585 1905//585 
f 1907//1177 1909//1177 1984//1177 
f 1984//1177 1981//1177 1907//1177 
f 1909//1178 1911//1178 1986//1178 
f 1986//1178 1984//1178 1909//1178 
f 1911//1179 1913//1179 1989//1179 
f 1989//1179 1986//1179 1911//1179 
f 1913//1180 1915//1180 1951//1180 
f 1951//1180 1989//1180 1913//1180 
f 1915//1181 1917//1181 1945//1181 
f 1945//1181 1951//1181 1915//1181 
f 1917//1182 1919//1182 1922//1182 
f 1922//1182 1945//1182 1917//1182 
f 1919//583 1921//583 1923//583 
f 1923//583 1922//583 1919//583 
f 1921//584 1786//584 1924//584 
f 1924//584 1923//584 1921//584 
f 1990//95 1993//95 2224//95 
f 2224//95 2192//95 1990//95 
f 1993//778 1995//778 2241//778 
f 2241//778 2224//778 1993//778 
f 1995//779 1997//779 2244//779 
f 2244//779 2241//779 1995//779 
f 1997//780 1999//780 2246//780 
f 2246//780 2244//780 1997//780 
f 1999//781 2001//781 2248//781 
f 2248//781 2246//781 1999//781 
f 2001//782 2003//782 2250//782 
f 2250//782 2248//782 2001//782 
f 2003//783 2005//783 2252//783 
f 2252//783 2250//783 2003//783 
f 2005//784 2007//784 2254//784 
f 2254//784 2252//784 2005//784 
f 2007//785 2009//785 2256//785 
f 2256//785 2254//785 2007//785 
f 2009//1183 2011//1183 2257//1183 
f 2257//1183 2256//1183 2009//1183 
f 2011//787 2013//787 2259//787 
f 2259//787 2257//787 2011//787 
f 2013//788 2015//788 2261//788 
f 2261//788 2259//788 2013//788 
f 2015//789 2017//789 2263//789 
f 2263//789 2261//789 2015//789 
f 2017//790 2019//790 2264//790 
f 2264//790 2263//790 2017//790 
f 2019//791 2021//791 2266//791 
f 2266//791 2264//791 2019//791 
f 2021//792 2023//792 2268//792 
f 2268//792 2266//792 2021//792 
f 2023//793 2025//793 2270//793 
f 2270//793 2268//793 2023//793 
f 2025//794 2027//794 2272//794 
f 2272//794 2270//794 2025//794 
f 2027//1184 2029//1184 2274//1184 
f 2274//1184 2272//1184 2027//1184 
f 2029//796 2031//796 2276//796 
f 2276//796 2274//796 2029//796 
f 2031//797 2033//797 2278//797 
f 2278//797 2276//797 2031//797 
f 2033//798 2035//798 2280//798 
f 2280//798 2278//798 2033//798 
f 2035//799 2037//799 2282//799 
f 2282//799 2280//799 2035//799 
f 2037//587 2039//587 2194//587 
f 2194//587 2282//587 2037//587 
f 2039//1 2041//1 2195//1 
f 2195//1 2194//1 2039//1 
f 2041//120 2043//120 2197//120 
f 2197//120 2195//120 2041//120 
f 2043//745 2045//745 2198//745 
f 2198//745 2197//745 2043//745 
f 2045//800 2047//800 2199//800 
f 2199//800 2198//800 2045//800 
f 2047//801 2049//801 2201//801 
f 2201//801 2199//801 2047//801 
f 2049//802 2051//802 2203//802 
f 2203//802 2201//802 2049//802 
f 2051//803 2053//803 2206//803 
f 2206//803 2203//803 2051//803 
f 2053//753 2055//753 2208//753 
f 2208//753 2206//753 2053//753 
f 2055//635 2057//635 2210//635 
f 2210//635 2208//635 2055//635 
f 2057//804 2059//804 2212//804 
f 2212//804 2210//804 2057//804 
f 2059//805 2061//805 2214//805 
f 2214//805 2212//805 2059//805 
f 2061//806 2063//806 2216//806 
f 2216//806 2214//806 2061//806 
f 2063//807 2065//807 2218//807 
f 2218//807 2216//807 2063//807 
f 2065//808 2067//808 2220//808 
f 2220//808 2218//808 2065//808 
f 2067//809 2069//809 2222//809 
f 2222//809 2220//809 2067//809 
f 2069//810 2071//810 2227//810 
f 2227//810 2222//810 2069//810 
f 2071//811 2073//811 2229//811 
f 2229//811 2227//811 2071//811 
f 2073//812 2075//812 2231//812 
f 2231//812 2229//812 2073//812 
f 2075//813 2077//813 2233//813 
f 2233//813 2231//813 2075//813 
f 2077//814 2079//814 2235//814 
f 2235//814 2233//814 2077//814 
f 2079//815 2081//815 2237//815 
f 2237//815 2235//815 2079//815 
f 2081//1185 2083//1185 2239//1185 
f 2239//1185 2237//1185 2081//1185 
f 2083//817 2085//817 2288//817 
f 2288//817 2239//817 2083//817 
f 2085//818 2087//818 2286//818 
f 2286//818 2288//818 2085//818 
f 2087//819 2089//819 2285//819 
f 2285//819 2286//819 2087//819 
f 2089//1186 2091//1186 2284//1186 
f 2284//1186 2285//1186 2089//1186 
f 2091//821 2093//821 2283//821 
f 2283//821 2284//821 2091//821 
f 2093//822 2095//822 2281//822 
f 2281//822 2283//822 2093//822 
f 2095//823 2097//823 2279//823 
f 2279//823 2281//823 2095//823 
f 2097//824 2099//824 2277//824 
f 2277//824 2279//824 2097//824 
f 2099//825 2101//825 2275//825 
f 2275//825 2277//825 2099//825 
f 2101//826 2103//826 2273//826 
f 2273//826 2275//826 2101//826 
f 2103//827 2105//827 2271//827 
f 2271//827 2273//827 2103//827 
f 2105//828 2107//828 2269//828 
f 2269//828 2271//828 2105//828 
f 2107//829 2109//829 2267//829 
f 2267//829 2269//829 2107//829 
f 2109//830 2111//830 2265//830 
f 2265//830 2267//830 2109//830 
f 2111//831 2113//831 2262//831 
f 2262//831 2265//831 2111//831 
f 2113//1187 2115//1187 2260//1187 
f 2260//1187 2262//1187 2113//1187 
f 2115//833 2117//833 2258//833 
f 2258//833 2260//833 2115//833 
f 2117//834 2119//834 2255//834 
f 2255//834 2258//834 2117//834 
f 2119//835 2121//835 2253//835 
f 2253//835 2255//835 2119//835 
f 2121//836 2123//836 2251//836 
f 2251//836 2253//836 2121//836 
f 2123//837 2125//837 2249//837 
f 2249//837 2251//837 2123//837 
f 2125//838 2127//838 2247//838 
f 2247//838 2249//838 2125//838 
f 2127//839 2129//839 2245//839 
f 2245//839 2247//839 2127//839 
f 2129//1188 2131//1188 2243//1188 
f 2243//1188 2245//1188 2129//1188 
f 2131//841 2133//841 2242//841 
f 2242//841 2243//841 2131//841 
f 2133//842 2135//842 2225//842 
f 2225//842 2242//842 2133//842 
f 2135//843 2137//843 2190//843 
f 2190//843 2225//843 2135//843 
f 2137//171 2139//171 2191//171 
f 2191//171 2190//171 2137//171 
f 2139//172 1990//172 2192//172 
f 2192//172 2191//172 2139//172 
f 2140//173 2143//173 2287//173 
f 2287//173 2193//173 2140//173 
f 2143//844 2145//844 2289//844 
f 2289//844 2287//844 2143//844 
f 2145//1189 2147//1189 2240//1189 
f 2240//1189 2289//1189 2145//1189 
f 2147//1190 2149//1190 2238//1190 
f 2238//1190 2240//1190 2147//1190 
f 2149//847 2151//847 2236//847 
f 2236//847 2238//847 2149//847 
f 2151//848 2153//848 2234//848 
f 2234//848 2236//848 2151//848 
f 2153//849 2155//849 2232//849 
f 2232//849 2234//849 2153//849 
f 2155//850 2157//850 2230//850 
f 2230//850 2232//850 2155//850 
f 2157//851 2159//851 2228//851 
f 2228//851 2230//851 2157//851 
f 2159//852 2161//852 2226//852 
f 2226//852 2228//852 2159//852 
f 2161//853 2163//853 2223//853 
f 2223//853 2226//853 2161//853 
f 2163//854 2165//854 2221//854 
f 2221//854 2223//854 2163//854 
f 2165//855 2167//855 2219//855 
f 2219//855 2221//855 2165//855 
f 2167//856 2169//856 2217//856 
f 2217//856 2219//856 2167//856 
f 2169//857 2171//857 2215//857 
f 2215//857 2217//857 2169//857 
f 2171//1191 2173//1191 2213//1191 
f 2213//1191 2215//1191 2171//1191 
f 2173//859 2175//859 2211//859 
f 2211//859 2213//859 2173//859 
f 2175//860 2177//860 2209//860 
f 2209//860 2211//860 2175//860 
f 2177//861 2179//861 2207//861 
f 2207//861 2209//861 2177//861 
f 2179//862 2181//862 2205//862 
f 2205//862 2207//862 2179//862 
f 2181//863 2183//863 2204//863 
f 2204//863 2205//863 2181//863 
f 2183//864 2185//864 2202//864 
f 2202//864 2204//864 2183//864 
f 2185//865 2187//865 2200//865 
f 2200//865 2202//865 2185//865 
f 2187//197 2189//197 2196//197 
f 2196//197 2200//197 2187//197 
f 2189//7 2140//7 2193//7 
f 2193//7 2196//7 2189//7 
f 2290//1 2293//1 2393//1 
f 2393//1 2391//1 2290//1 
f 2293//25 2295//25 2394//25 
f 2394//25 2393//25 2293//25 
f 2295//591 2297//591 2395//591 
f 2395//591 2394//591 2295//591 
f 2297//866 2299//866 2396//866 
f 2396//866 2395//866 2297//866 
f 2299//867 2301//867 2397//867 
f 2397//867 2396//867 2299//867 
f 2301//868 2303//868 2398//868 
f 2398//868 2397//868 2301//868 
f 2303//869 2305//869 2399//869 
f 2399//869 2398//869 2303//869 
f 2305//870 2307//870 2400//870 
f 2400//870 2399//870 2305//870 
f 2307//871 2309//871 2401//871 
f 2401//871 2400//871 2307//871 
f 2309//1192 2311//1192 2402//1192 
f 2402//1192 2401//1192 2309//1192 
f 2311//873 2313//873 2403//873 
f 2403//873 2402//873 2311//873 
f 2313//874 2315//874 2404//874 
f 2404//874 2403//874 2313//874 
f 2315//875 2317//875 2433//875 
f 2433//875 2404//875 2315//875 
f 2317//876 2319//876 2432//876 
f 2432//876 2433//876 2317//876 
f 2319//877 2321//877 2430//877 
f 2430//877 2432//877 2319//877 
f 2321//878 2323//878 2428//878 
f 2428//878 2430//878 2321//878 
f 2323//879 2325//879 2425//879 
f 2425//879 2428//879 2323//879 
f 2325//880 2327//880 2422//880 
f 2422//880 2425//880 2325//880 
f 2327//881 2329//881 2418//881 
f 2418//881 2422//881 2327//881 
f 2329//882 2331//882 2415//882 
f 2415//882 2418//882 2329//882 
f 2331//883 2333//883 2412//883 
f 2412//883 2415//883 2331//883 
f 2333//884 2335//884 2410//884 
f 2410//884 2412//884 2333//884 
f 2335//885 2337//885 2408//885 
f 2408//885 2410//885 2335//885 
f 2337//886 2339//886 2406//886 
f 2406//886 2408//886 2337//886 
f 2339//1193 2341//1193 2386//1193 
f 2386//1193 2406//1193 2339//1193 
f 2341//222 2343//222 2387//222 
f 2387//222 2386//222 2341//222 
f 2343//223 2345//223 2388//223 
f 2388//223 2387//223 2343//223 
f 2345//224 2347//224 2405//224 
f 2405//224 2388//224 2345//224 
f 2347//888 2349//888 2407//888 
f 2407//888 2405//888 2347//888 
f 2349//889 2351//889 2409//889 
f 2409//889 2407//889 2349//889 
f 2351//890 2353//890 2411//890 
f 2411//890 2409//890 2351//890 
f 2353//1194 2355//1194 2413//1194 
f 2413//1194 2411//1194 2353//1194 
f 2355//892 2357//892 2414//892 
f 2414//892 2413//892 2355//892 
f 2357//893 2359//893 2416//893 
f 2416//893 2414//893 2357//893 
f 2359//412 2361//412 2417//412 
f 2417//412 2416//412 2359//412 
f 2361//894 2363//894 2419//894 
f 2419//894 2417//894 2361//894 
f 2363//895 2365//895 2420//895 
f 2420//895 2419//895 2363//895 
f 2365//896 2367//896 2421//896 
f 2421//896 2420//896 2365//896 
f 2367//1195 2369//1195 2423//1195 
f 2423//1195 2421//1195 2367//1195 
f 2369//898 2371//898 2424//898 
f 2424//898 2423//898 2369//898 
f 2371//899 2373//899 2426//899 
f 2426//899 2424//899 2371//899 
f 2373//900 2375//900 2427//900 
f 2427//900 2426//900 2373//900 
f 2375//901 2377//901 2429//901 
f 2429//901 2427//901 2375//901 
f 2377//902 2379//902 2431//902 
f 2431//902 2429//902 2377//902 
f 2379//242 2381//242 2392//242 
f 2392//242 2431//242 2379//242 
f 2381//25 2383//25 2389//25 
f 2389//25 2392//25 2381//25 
f 2383//7 2385//7 2390//7 
f 2390//7 2389//7 2383//7 
f 2385//26 2290//26 2391//26 
f 2391//26 2390//26 2385//26 
f 2434//7 2437//7 2750//7 
f 2750//7 2749//7 2434//7 
f 2437//599 2439//599 2754//599 
f 2754//599 2750//599 2437//599 
f 2439//1196 2441//1196 2756//1196 
f 2756//1196 2754//1196 2439//1196 
f 2441//1197 2443//1197 2757//1197 
f 2757//1197 2756//1197 2441//1197 
f 2443//1198 2445//1198 2759//1198 
f 2759//1198 2757//1198 2443//1198 
f 2445//1199 2447//1199 2761//1199 
f 2761//1199 2759//1199 2445//1199 
f 2447//1200 2449//1200 2762//1200 
f 2762//1200 2761//1200 2447//1200 
f 2449//1201 2451//1201 2764//1201 
f 2764//1201 2762//1201 2449//1201 
f 2451//1202 2453//1202 2765//1202 
f 2765//1202 2764//1202 2451//1202 
f 2453//1203 2455//1203 2767//1203 
f 2767//1203 2765//1203 2453//1203 
f 2455//1204 2457//1204 2769//1204 
f 2769//1204 2767//1204 2455//1204 
f 2457//1205 2459//1205 2738//1205 
f 2738//1205 2769//1205 2457//1205 
f 2459//1206 2461//1206 2736//1206 
f 2736//1206 2738//1206 2459//1206 
f 2461//1207 2463//1207 2734//1207 
f 2734//1207 2736//1207 2461//1207 
f 2463//1208 2465//1208 2732//1208 
f 2732//1208 2734//1208 2463//1208 
f 2465//1209 2467//1209 2731//1209 
f 2731//1209 2732//1209 2465//1209 
f 2467//1210 2469//1210 2729//1210 
f 2729//1210 2731//1210 2467//1210 
f 2469//499 2471//499 2727//499 
f 2727//499 2729//499 2469//499 
f 2471//1211 2473//1211 2725//1211 
f 2725//1211 2727//1211 2471//1211 
f 2473//1212 2475//1212 2724//1212 
f 2724//1212 2725//1212 2473//1212 
f 2475//1213 2477//1213 2722//1213 
f 2722//1213 2724//1213 2475//1213 
f 2477//1214 2479//1214 2720//1214 
f 2720//1214 2722//1214 2477//1214 
f 2479//1215 2481//1215 2719//1215 
f 2719//1215 2720//1215 2479//1215 
f 2481//1216 2483//1216 2717//1216 
f 2717//1216 2719//1216 2481//1216 
f 2483//1217 2485//1217 2716//1217 
f 2716//1217 2717//1217 2483//1217 
f 2485//1218 2487//1218 2714//1218 
f 2714//1218 2716//1218 2485//1218 
f 2487//1219 2489//1219 2713//1219 
f 2713//1219 2714//1219 2487//1219 
f 2489//1220 2491//1220 2711//1220 
f 2711//1220 2713//1220 2489//1220 
f 2491//1221 2493//1221 2710//1221 
f 2710//1221 2711//1221 2491//1221 
f 2493//1222 2495//1222 2708//1222 
f 2708//1222 2710//1222 2493//1222 
f 2495//1223 2497//1223 2706//1223 
f 2706//1223 2708//1223 2495//1223 
f 2497//1224 2499//1224 2704//1224 
f 2704//1224 2706//1224 2497//1224 
f 2499//1225 2501//1225 2703//1225 
f 2703//1225 2704//1225 2499//1225 
f 2501//1226 2503//1226 2701//1226 
f 2701//1226 2703//1226 2501//1226 
f 2503//1227 2505//1227 2699//1227 
f 2699//1227 2701//1227 2503//1227 
f 2505//1228 2507//1228 2697//1228 
f 2697//1228 2699//1228 2505//1228 
f 2507//1229 2509//1229 2695//1229 
f 2695//1229 2697//1229 2507//1229 
f 2509//1230 2511//1230 2693//1230 
f 2693//1230 2695//1230 2509//1230 
f 2511//1231 2513//1231 2691//1231 
f 2691//1231 2693//1231 2511//1231 
f 2513//1232 2515//1232 2689//1232 
f 2689//1232 2691//1232 2513//1232 
f 2515//1233 2517//1233 2687//1233 
f 2687//1233 2689//1233 2515//1233 
f 2517//580 2519//580 2684//580 
f 2684//580 2687//580 2517//580 
f 2519//1234 2521//1234 2682//1234 
f 2682//1234 2684//1234 2519//1234 
f 2521//1235 2523//1235 2680//1235 
f 2680//1235 2682//1235 2521//1235 
f 2523//1236 2525//1236 2678//1236 
f 2678//1236 2680//1236 2523//1236 
f 2525//1237 2527//1237 2676//1237 
f 2676//1237 2678//1237 2525//1237 
f 2527//1238 2529//1238 2674//1238 
f 2674//1238 2676//1238 2527//1238 
f 2529//1239 2531//1239 2672//1239 
f 2672//1239 2674//1239 2529//1239 
f 2531//1240 2533//1240 2670//1240 
f 2670//1240 2672//1240 2531//1240 
f 2533//1241 2535//1241 2668//1241 
f 2668//1241 2670//1241 2533//1241 
f 2535//1242 2537//1242 2666//1242 
f 2666//1242 2668//1242 2535//1242 
f 2537//1243 2539//1243 2665//1243 
f 2665//1243 2666//1243 2537//1243 
f 2539//1244 2541//1244 2663//1244 
f 2663//1244 2665//1244 2539//1244 
f 2541//1245 2543//1245 2661//1245 
f 2661//1245 2663//1245 2541//1245 
f 2543//654 2545//654 2658//654 
f 2658//654 2661//654 2543//654 
f 2545//655 2547//655 2659//655 
f 2659//655 2658//655 2545//655 
f 2547//656 2549//656 2660//656 
f 2660//656 2659//656 2547//656 
f 2549//1246 2551//1246 2662//1246 
f 2662//1246 2660//1246 2549//1246 
f 2551//1247 2553//1247 2664//1247 
f 2664//1247 2662//1247 2551//1247 
f 2553//1248 2555//1248 2667//1248 
f 2667//1248 2664//1248 2553//1248 
f 2555//1249 2557//1249 2669//1249 
f 2669//1249 2667//1249 2555//1249 
f 2557//1250 2559//1250 2671//1250 
f 2671//1250 2669//1250 2557//1250 
f 2559//1251 2561//1251 2673//1251 
f 2673//1251 2671//1251 2559//1251 
f 2561//1252 2563//1252 2675//1252 
f 2675//1252 2673//1252 2561//1252 
f 2563//1253 2565//1253 2677//1253 
f 2677//1253 2675//1253 2563//1253 
f 2565//1254 2567//1254 2679//1254 
f 2679//1254 2677//1254 2565//1254 
f 2567//1255 2569//1255 2681//1255 
f 2681//1255 2679//1255 2567//1255 
f 2569//1256 2571//1256 2683//1256 
f 2683//1256 2681//1256 2569//1256 
f 2571//1257 2573//1257 2685//1257 
f 2685//1257 2683//1257 2571//1257 
f 2573//1258 2575//1258 2686//1258 
f 2686//1258 2685//1258 2573//1258 
f 2575//1259 2577//1259 2688//1259 
f 2688//1259 2686//1259 2575//1259 
f 2577//1260 2579//1260 2690//1260 
f 2690//1260 2688//1260 2577//1260 
f 2579//1261 2581//1261 2692//1261 
f 2692//1261 2690//1261 2579//1261 
f 2581//1262 2583//1262 2694//1262 
f 2694//1262 2692//1262 2581//1262 
f 2583//1263 2585//1263 2696//1263 
f 2696//1263 2694//1263 2583//1263 
f 2585//1264 2587//1264 2698//1264 
f 2698//1264 2696//1264 2585//1264 
f 2587//1265 2589//1265 2700//1265 
f 2700//1265 2698//1265 2587//1265 
f 2589//1266 2591//1266 2702//1266 
f 2702//1266 2700//1266 2589//1266 
f 2591//1267 2593//1267 2705//1267 
f 2705//1267 2702//1267 2591//1267 
f 2593//1268 2595//1268 2707//1268 
f 2707//1268 2705//1268 2593//1268 
f 2595//1269 2597//1269 2709//1269 
f 2709//1269 2707//1269 2595//1269 
f 2597//1270 2599//1270 2712//1270 
f 2712//1270 2709//1270 2597//1270 
f 2599//1271 2601//1271 2715//1271 
f 2715//1271 2712//1271 2599//1271 
f 2601//1272 2603//1272 2718//1272 
f 2718//1272 2715//1272 2601//1272 
f 2603//1273 2605//1273 2721//1273 
f 2721//1273 2718//1273 2603//1273 
f 2605//1274 2607//1274 2723//1274 
f 2723//1274 2721//1274 2605//1274 
f 2607//1275 2609//1275 2726//1275 
f 2726//1275 2723//1275 2607//1275 
f 2609//1276 2611//1276 2728//1276 
f 2728//1276 2726//1276 2609//1276 
f 2611//1277 2613//1277 2730//1277 
f 2730//1277 2728//1277 2611//1277 
f 2613//1278 2615//1278 2733//1278 
f 2733//1278 2730//1278 2613//1278 
f 2615//1279 2617//1279 2735//1279 
f 2735//1279 2733//1279 2615//1279 
f 2617//1280 2619//1280 2737//1280 
f 2737//1280 2735//1280 2617//1280 
f 2619//1281 2621//1281 2768//1281 
f 2768//1281 2737//1281 2619//1281 
f 2621//1282 2623//1282 2766//1282 
f 2766//1282 2768//1282 2621//1282 
f 2623//1283 2625//1283 2763//1283 
f 2763//1283 2766//1283 2623//1283 
f 2625//1284 2627//1284 2760//1284 
f 2760//1284 2763//1284 2625//1284 
f 2627//1285 2629//1285 2758//1285 
f 2758//1285 2760//1285 2627//1285 
f 2629//1286 2631//1286 2755//1286 
f 2755//1286 2758//1286 2629//1286 
f 2631//1287 2633//1287 2753//1287 
f 2753//1287 2755//1287 2631//1287 
f 2633//1288 2635//1288 2752//1288 
f 2752//1288 2753//1288 2633//1288 
f 2635//1289 2637//1289 2751//1289 
f 2751//1289 2752//1289 2635//1289 
f 2637//1290 2639//1290 2748//1290 
f 2748//1290 2751//1290 2637//1290 
f 2639//1291 2641//1291 2747//1291 
f 2747//1291 2748//1291 2639//1291 
f 2641//703 2643//703 2746//703 
f 2746//703 2747//703 2641//703 
f 2643//704 2645//704 2745//704 
f 2745//704 2746//704 2643//704 
f 2645//1292 2647//1292 2744//1292 
f 2744//1292 2745//1292 2645//1292 
f 2647//1293 2649//1293 2743//1293 
f 2743//1293 2744//1293 2647//1293 
f 2649//1294 2651//1294 2742//1294 
f 2742//1294 2743//1294 2649//1294 
f 2651//1295 2653//1295 2739//1295 
f 2739//1295 2742//1295 2651//1295 
f 2653//710 2655//710 2740//710 
f 2740//710 2739//710 2653//710 
f 2655//1 2657//1 2741//1 
f 2741//1 2740//1 2655//1 
f 2657//25 2434//25 2749//25 
f 2749//25 2741//25 2657//25 
f 2770//1 2773//1 2795//1 
f 2795//1 2794//1 2770//1 
f 2773//711 2775//711 2793//711 
f 2793//711 2795//711 2773//711 
f 2775//25 2777//25 2790//25 
f 2790//25 2793//25 2775//25 
f 2777//7 2779//7 2791//7 
f 2791//7 2790//7 2777//7 
f 2779//26 2781//26 2792//26 
f 2792//26 2791//26 2779//26 
f 2781//712 2770//712 2794//712 
f 2794//712 2792//712 2781//712 
f 2782//1 2785//1 2799//1 
f 2799//1 2798//1 2782//1 
f 2785//25 2787//25 2796//25 
f 2796//25 2799//25 2785//25 
f 2787//7 2789//7 2797//7 
f 2797//7 2796//7 2787//7 
f 2789//26 2782//26 2798//26 
f 2798//26 2797//26 2789//26 
f 2800//1 2803//1 2825//1 
f 2825//1 2824//1 2800//1 
f 2803//711 2805//711 2823//711 
f 2823//711 2825//711 2803//711 
f 2805//25 2807//25 2820//25 
f 2820//25 2823//25 2805//25 
f 2807//7 2809//7 2821//7 
f 2821//7 2820//7 2807//7 
f 2809//26 2811//26 2822//26 
f 2822//26 2821//26 2809//26 
f 2811//712 2800//712 2824//712 
f 2824//712 2822//712 2811//712 
f 2812//1 2815//1 2829//1 
f 2829//1 2828//1 2812//1 
f 2815//25 2817//25 2826//25 
f 2826//25 2829//25 2815//25 
f 2817//7 2819//7 2827//7 
f 2827//7 2826//7 2817//7 
f 2819//26 2812//26 2828//26 
f 2828//26 2827//26 2819//26 
# 5598 faces

