# 3ds Max Wavefront OBJ Exporter v0.99 - (c)2007 guruware
# File Created: 10.12.2025 12:25:44

mtllib p3-win.mtl

#
# object TextPlus003
#

v  -97.9212 3.0000 67.0542
v  -97.9212 0.0000 67.0542
v  -95.7029 0.0000 67.0542
v  -95.7029 3.0000 67.0542
v  -92.3326 0.0000 54.8476
v  -92.3326 3.0000 54.8476
v  -91.8427 0.0000 52.9640
v  -91.8427 3.0000 52.9640
v  -91.3247 0.0000 54.8441
v  -91.3247 3.0000 54.8441
v  -87.9630 0.0000 67.0542
v  -87.9630 3.0000 67.0542
v  -85.8888 0.0000 67.0542
v  -85.8888 3.0000 67.0542
v  -81.5302 0.0000 51.0292
v  -81.5302 3.0000 51.0292
v  -83.6607 0.0000 51.0292
v  -83.6607 3.0000 51.0292
v  -86.1587 0.0000 61.3347
v  -86.1587 3.0000 61.3347
v  -86.9677 0.0000 64.8132
v  -86.9677 3.0000 64.8132
v  -87.1130 0.0000 63.9189
v  -87.1130 3.0000 63.9189
v  -87.2836 0.0000 63.0044
v  -87.2836 3.0000 63.0044
v  -87.4794 0.0000 62.0695
v  -87.4794 3.0000 62.0695
v  -87.7005 0.0000 61.1143
v  -87.7005 3.0000 61.1143
v  -87.9469 0.0000 60.1387
v  -87.9469 3.0000 60.1387
v  -88.2185 0.0000 59.1429
v  -88.2185 3.0000 59.1429
v  -90.5099 0.0000 51.0292
v  -90.5099 3.0000 51.0292
v  -93.0661 0.0000 51.0292
v  -93.0661 3.0000 51.0292
v  -96.1103 0.0000 61.8574
v  -96.1103 3.0000 61.8574
v  -96.8427 0.0000 64.8132
v  -96.8427 3.0000 64.8132
v  -97.5259 0.0000 61.5378
v  -97.5259 3.0000 61.5378
v  -99.9333 0.0000 51.0292
v  -99.9333 3.0000 51.0292
v  -102.1302 0.0000 51.0292
v  -102.1302 3.0000 51.0292
v  -79.8052 3.0000 53.2792
v  -79.8052 0.0000 53.2792
v  -77.8302 0.0000 53.2792
v  -77.8302 3.0000 53.2792
v  -77.8302 0.0000 51.0292
v  -77.8302 3.0000 51.0292
v  -79.8052 0.0000 51.0292
v  -79.8052 3.0000 51.0292
v  -79.8052 3.0000 67.0542
v  -79.8052 0.0000 67.0542
v  -77.8302 0.0000 67.0542
v  -77.8302 3.0000 67.0542
v  -77.8302 0.0000 55.4292
v  -77.8302 3.0000 55.4292
v  -79.8052 0.0000 55.4292
v  -79.8052 3.0000 55.4292
v  -74.8302 3.0000 67.0542
v  -74.8302 0.0000 67.0542
v  -72.8552 0.0000 67.0542
v  -72.8552 3.0000 67.0542
v  -72.8552 0.0000 60.7085
v  -72.8552 3.0000 60.7085
v  -72.8300 0.0000 60.0043
v  -72.8300 3.0000 60.0043
v  -72.7542 0.0000 59.3798
v  -72.7542 3.0000 59.3798
v  -72.6280 0.0000 58.8349
v  -72.6280 3.0000 58.8349
v  -72.4513 0.0000 58.3696
v  -72.4513 3.0000 58.3696
v  -72.2241 0.0000 57.9839
v  -72.2241 3.0000 57.9839
v  -71.9464 0.0000 57.6779
v  -71.9464 3.0000 57.6779
v  -71.6339 0.0000 57.4338
v  -71.6339 3.0000 57.4338
v  -71.3024 0.0000 57.2342
v  -71.3024 3.0000 57.2342
v  -70.9518 0.0000 57.0789
v  -70.9518 3.0000 57.0789
v  -70.5822 0.0000 56.9680
v  -70.5822 3.0000 56.9680
v  -70.1935 0.0000 56.9014
v  -70.1935 3.0000 56.9014
v  -69.7857 0.0000 56.8792
v  -69.7857 3.0000 56.8792
v  -69.5301 0.0000 56.8891
v  -69.5301 3.0000 56.8891
v  -69.2856 0.0000 56.9188
v  -69.2856 3.0000 56.9188
v  -69.0524 0.0000 56.9682
v  -69.0524 3.0000 56.9682
v  -68.8303 0.0000 57.0373
v  -68.8303 3.0000 57.0373
v  -68.6194 0.0000 57.1262
v  -68.6194 3.0000 57.1262
v  -68.4197 0.0000 57.2349
v  -68.4197 3.0000 57.2349
v  -68.2353 0.0000 57.3601
v  -68.2353 3.0000 57.3601
v  -68.0707 0.0000 57.4987
v  -68.0707 3.0000 57.4987
v  -67.9257 0.0000 57.6507
v  -67.9257 3.0000 57.6507
v  -67.8004 0.0000 57.8160
v  -67.8004 3.0000 57.8160
v  -67.6947 0.0000 57.9946
v  -67.6947 3.0000 57.9946
v  -67.6087 0.0000 58.1867
v  -67.6087 3.0000 58.1867
v  -67.5389 0.0000 58.4022
v  -67.5389 3.0000 58.4022
v  -67.4818 0.0000 58.6515
v  -67.4818 3.0000 58.6515
v  -67.4373 0.0000 58.9346
v  -67.4373 3.0000 58.9346
v  -67.4056 0.0000 59.2514
v  -67.4056 3.0000 59.2514
v  -67.3865 0.0000 59.6020
v  -67.3865 3.0000 59.6020
v  -67.3802 0.0000 59.9863
v  -67.3802 3.0000 59.9863
v  -67.3802 0.0000 67.0542
v  -67.3802 3.0000 67.0542
v  -65.4052 0.0000 67.0542
v  -65.4052 3.0000 67.0542
v  -65.4052 0.0000 59.9140
v  -65.4052 3.0000 59.9140
v  -65.4082 0.0000 59.4812
v  -65.4082 3.0000 59.4812
v  -65.4173 0.0000 59.0939
v  -65.4173 3.0000 59.0939
v  -65.4324 0.0000 58.7522
v  -65.4324 3.0000 58.7522
v  -65.4536 0.0000 58.4560
v  -65.4536 3.0000 58.4560
v  -65.4809 0.0000 58.2054
v  -65.4809 3.0000 58.2054
v  -65.5142 0.0000 58.0003
v  -65.5142 3.0000 58.0003
v  -65.5797 0.0000 57.7261
v  -65.5797 3.0000 57.7261
v  -65.6597 0.0000 57.4646
v  -65.6597 3.0000 57.4646
v  -65.7543 0.0000 57.2159
v  -65.7543 3.0000 57.2159
v  -65.8634 0.0000 56.9798
v  -65.8634 3.0000 56.9798
v  -65.9871 0.0000 56.7566
v  -65.9871 3.0000 56.7566
v  -66.1253 0.0000 56.5460
v  -66.1253 3.0000 56.5460
v  -66.2831 0.0000 56.3484
v  -66.2831 3.0000 56.3484
v  -66.4654 0.0000 56.1638
v  -66.4654 3.0000 56.1638
v  -66.6723 0.0000 55.9924
v  -66.6723 3.0000 55.9924
v  -66.9038 0.0000 55.8340
v  -66.9038 3.0000 55.8340
v  -67.1598 0.0000 55.6886
v  -67.1598 3.0000 55.6886
v  -67.4404 0.0000 55.5564
v  -67.4404 3.0000 55.5564
v  -67.7379 0.0000 55.4411
v  -67.7379 3.0000 55.4411
v  -68.0448 0.0000 55.3469
v  -68.0448 3.0000 55.3469
v  -68.3612 0.0000 55.2735
v  -68.3612 3.0000 55.2735
v  -68.6869 0.0000 55.2211
v  -68.6869 3.0000 55.2211
v  -69.0220 0.0000 55.1897
v  -69.0220 3.0000 55.1897
v  -69.3665 0.0000 55.1792
v  -69.3665 3.0000 55.1792
v  -70.1389 0.0000 55.2320
v  -70.1389 3.0000 55.2320
v  -70.8483 0.0000 55.3903
v  -70.8483 3.0000 55.3903
v  -71.4946 0.0000 55.6541
v  -71.4946 3.0000 55.6541
v  -72.0778 0.0000 56.0235
v  -72.0778 3.0000 56.0235
v  -72.5980 0.0000 56.4984
v  -72.5980 3.0000 56.4984
v  -73.0552 0.0000 57.0788
v  -73.0552 3.0000 57.0788
v  -73.0552 0.0000 55.4292
v  -73.0552 3.0000 55.4292
v  -74.8302 0.0000 55.4292
v  -74.8302 3.0000 55.4292
v  -62.3802 3.0000 67.0542
v  -62.3802 0.0000 67.0542
v  -60.4052 0.0000 67.0542
v  -60.4052 3.0000 67.0542
v  -60.4052 0.0000 60.7085
v  -60.4052 3.0000 60.7085
v  -60.3800 0.0000 60.0043
v  -60.3800 3.0000 60.0043
v  -60.3042 0.0000 59.3798
v  -60.3042 3.0000 59.3798
v  -60.1780 0.0000 58.8349
v  -60.1780 3.0000 58.8349
v  -60.0013 0.0000 58.3696
v  -60.0013 3.0000 58.3696
v  -59.7741 0.0000 57.9839
v  -59.7741 3.0000 57.9839
v  -59.4964 0.0000 57.6779
v  -59.4964 3.0000 57.6779
v  -59.1840 0.0000 57.4338
v  -59.1840 3.0000 57.4338
v  -58.8524 0.0000 57.2342
v  -58.8524 3.0000 57.2342
v  -58.5018 0.0000 57.0789
v  -58.5018 3.0000 57.0789
v  -58.1322 0.0000 56.9680
v  -58.1322 3.0000 56.9680
v  -57.7434 0.0000 56.9014
v  -57.7434 3.0000 56.9014
v  -57.3357 0.0000 56.8792
v  -57.3357 3.0000 56.8792
v  -57.0801 0.0000 56.8891
v  -57.0801 3.0000 56.8891
v  -56.8356 0.0000 56.9188
v  -56.8356 3.0000 56.9188
v  -56.6024 0.0000 56.9682
v  -56.6024 3.0000 56.9682
v  -56.3803 0.0000 57.0373
v  -56.3803 3.0000 57.0373
v  -56.1694 0.0000 57.1262
v  -56.1694 3.0000 57.1262
v  -55.9697 0.0000 57.2349
v  -55.9697 3.0000 57.2349
v  -55.7853 0.0000 57.3601
v  -55.7853 3.0000 57.3601
v  -55.6207 0.0000 57.4987
v  -55.6207 3.0000 57.4987
v  -55.4757 0.0000 57.6507
v  -55.4757 3.0000 57.6507
v  -55.3504 0.0000 57.8160
v  -55.3504 3.0000 57.8160
v  -55.2447 0.0000 57.9946
v  -55.2447 3.0000 57.9946
v  -55.1587 0.0000 58.1867
v  -55.1587 3.0000 58.1867
v  -55.0889 0.0000 58.4022
v  -55.0889 3.0000 58.4022
v  -55.0318 0.0000 58.6515
v  -55.0318 3.0000 58.6515
v  -54.9873 0.0000 58.9346
v  -54.9873 3.0000 58.9346
v  -54.9556 0.0000 59.2514
v  -54.9556 3.0000 59.2514
v  -54.9366 0.0000 59.6020
v  -54.9366 3.0000 59.6020
v  -54.9302 0.0000 59.9863
v  -54.9302 3.0000 59.9863
v  -54.9302 0.0000 67.0542
v  -54.9302 3.0000 67.0542
v  -52.9552 0.0000 67.0542
v  -52.9552 3.0000 67.0542
v  -52.9552 0.0000 59.9140
v  -52.9552 3.0000 59.9140
v  -52.9582 0.0000 59.4812
v  -52.9582 3.0000 59.4812
v  -52.9673 0.0000 59.0939
v  -52.9673 3.0000 59.0939
v  -52.9824 0.0000 58.7522
v  -52.9824 3.0000 58.7522
v  -53.0036 0.0000 58.4560
v  -53.0036 3.0000 58.4560
v  -53.0309 0.0000 58.2054
v  -53.0309 3.0000 58.2054
v  -53.0642 0.0000 58.0003
v  -53.0642 3.0000 58.0003
v  -53.1297 0.0000 57.7261
v  -53.1297 3.0000 57.7261
v  -53.2097 0.0000 57.4646
v  -53.2097 3.0000 57.4646
v  -53.3043 0.0000 57.2159
v  -53.3043 3.0000 57.2159
v  -53.4134 0.0000 56.9798
v  -53.4134 3.0000 56.9798
v  -53.5371 0.0000 56.7566
v  -53.5371 3.0000 56.7566
v  -53.6753 0.0000 56.5460
v  -53.6753 3.0000 56.5460
v  -53.8331 0.0000 56.3484
v  -53.8331 3.0000 56.3484
v  -54.0154 0.0000 56.1638
v  -54.0154 3.0000 56.1638
v  -54.2223 0.0000 55.9924
v  -54.2223 3.0000 55.9924
v  -54.4538 0.0000 55.8340
v  -54.4538 3.0000 55.8340
v  -54.7098 0.0000 55.6886
v  -54.7098 3.0000 55.6886
v  -54.9904 0.0000 55.5564
v  -54.9904 3.0000 55.5564
v  -55.2879 0.0000 55.4411
v  -55.2879 3.0000 55.4411
v  -55.5948 0.0000 55.3469
v  -55.5948 3.0000 55.3469
v  -55.9112 0.0000 55.2735
v  -55.9112 3.0000 55.2735
v  -56.2369 0.0000 55.2211
v  -56.2369 3.0000 55.2211
v  -56.5720 0.0000 55.1897
v  -56.5720 3.0000 55.1897
v  -56.9165 0.0000 55.1792
v  -56.9165 3.0000 55.1792
v  -57.6889 0.0000 55.2320
v  -57.6889 3.0000 55.2320
v  -58.3983 0.0000 55.3903
v  -58.3983 3.0000 55.3903
v  -59.0446 0.0000 55.6541
v  -59.0446 3.0000 55.6541
v  -59.6278 0.0000 56.0235
v  -59.6278 3.0000 56.0235
v  -60.1480 0.0000 56.4984
v  -60.1480 3.0000 56.4984
v  -60.6052 0.0000 57.0788
v  -60.6052 3.0000 57.0788
v  -60.6052 0.0000 55.4292
v  -60.6052 3.0000 55.4292
v  -62.3802 0.0000 55.4292
v  -62.3802 3.0000 55.4292
v  -41.9771 3.0000 63.3042
v  -41.9771 0.0000 63.3042
v  -42.1355 0.0000 63.6994
v  -42.1355 3.0000 63.6994
v  -42.3116 0.0000 64.0571
v  -42.3116 3.0000 64.0571
v  -42.5053 0.0000 64.3772
v  -42.5053 3.0000 64.3772
v  -42.7166 0.0000 64.6599
v  -42.7166 3.0000 64.6599
v  -42.9455 0.0000 64.9050
v  -42.9455 3.0000 64.9050
v  -43.1921 0.0000 65.1126
v  -43.1921 3.0000 65.1126
v  -43.4563 0.0000 65.2858
v  -43.4563 3.0000 65.2858
v  -43.7382 0.0000 65.4274
v  -43.7382 3.0000 65.4274
v  -44.0377 0.0000 65.5376
v  -44.0377 3.0000 65.5376
v  -44.3548 0.0000 65.6163
v  -44.3548 3.0000 65.6163
v  -44.6895 0.0000 65.6635
v  -44.6895 3.0000 65.6635
v  -45.0419 0.0000 65.6792
v  -45.0419 3.0000 65.6792
v  -45.5137 0.0000 65.6512
v  -45.5137 3.0000 65.6512
v  -45.9588 0.0000 65.5669
v  -45.9588 3.0000 65.5669
v  -46.3771 0.0000 65.4265
v  -46.3771 3.0000 65.4265
v  -46.7687 0.0000 65.2298
v  -46.7687 3.0000 65.2298
v  -47.1335 0.0000 64.9771
v  -47.1335 3.0000 64.9771
v  -47.4716 0.0000 64.6681
v  -47.4716 3.0000 64.6681
v  -47.7723 0.0000 64.3063
v  -47.7723 3.0000 64.3063
v  -48.0250 0.0000 63.8950
v  -48.0250 3.0000 63.8950
v  -48.2296 0.0000 63.4341
v  -48.2296 3.0000 63.4341
v  -48.3862 0.0000 62.9237
v  -48.3862 3.0000 62.9237
v  -48.4947 0.0000 62.3637
v  -48.4947 3.0000 62.3637
v  -48.5552 0.0000 61.7542
v  -48.5552 3.0000 61.7542
v  -39.8911 0.0000 61.7542
v  -39.8911 3.0000 61.7542
v  -39.8802 0.0000 61.2292
v  -39.8802 3.0000 61.2292
v  -39.9212 0.0000 60.3060
v  -39.9212 3.0000 60.3060
v  -40.0441 0.0000 59.4545
v  -40.0441 3.0000 59.4545
v  -40.2491 0.0000 58.6746
v  -40.2491 3.0000 58.6746
v  -40.5359 0.0000 57.9666
v  -40.5359 3.0000 57.9666
v  -40.9048 0.0000 57.3302
v  -40.9048 3.0000 57.3302
v  -41.3556 0.0000 56.7656
v  -41.3556 3.0000 56.7656
v  -41.8711 0.0000 56.2809
v  -41.8711 3.0000 56.2809
v  -42.4339 0.0000 55.8843
v  -42.4339 3.0000 55.8843
v  -43.0442 0.0000 55.5758
v  -43.0442 3.0000 55.5758
v  -43.7018 0.0000 55.3555
v  -43.7018 3.0000 55.3555
v  -44.4067 0.0000 55.2233
v  -44.4067 3.0000 55.2233
v  -45.1591 0.0000 55.1792
v  -45.1591 3.0000 55.1792
v  -45.9358 0.0000 55.2241
v  -45.9358 3.0000 55.2241
v  -46.6626 0.0000 55.3589
v  -46.6626 3.0000 55.3589
v  -47.3397 0.0000 55.5834
v  -47.3397 3.0000 55.5834
v  -47.9669 0.0000 55.8977
v  -47.9669 3.0000 55.8977
v  -48.5444 0.0000 56.3019
v  -48.5444 3.0000 56.3019
v  -49.0720 0.0000 56.7958
v  -49.0720 3.0000 56.7958
v  -49.5328 0.0000 57.3711
v  -49.5328 3.0000 57.3711
v  -49.9099 0.0000 58.0193
v  -49.9099 3.0000 58.0193
v  -50.2032 0.0000 58.7402
v  -50.2032 3.0000 58.7402
v  -50.4126 0.0000 59.5340
v  -50.4126 3.0000 59.5340
v  -50.5383 0.0000 60.4007
v  -50.5383 3.0000 60.4007
v  -50.5802 0.0000 61.3402
v  -50.5802 3.0000 61.3402
v  -50.5388 0.0000 62.2481
v  -50.5388 3.0000 62.2481
v  -50.4144 0.0000 63.0860
v  -50.4144 3.0000 63.0860
v  -50.2073 0.0000 63.8537
v  -50.2073 3.0000 63.8537
v  -49.9172 0.0000 64.5515
v  -49.9172 3.0000 64.5515
v  -49.5442 0.0000 65.1791
v  -49.5442 3.0000 65.1791
v  -49.0884 0.0000 65.7367
v  -49.0884 3.0000 65.7367
v  -48.5618 0.0000 66.2156
v  -48.5618 3.0000 66.2156
v  -47.9766 0.0000 66.6075
v  -47.9766 3.0000 66.6075
v  -47.3328 0.0000 66.9123
v  -47.3328 3.0000 66.9123
v  -46.6304 0.0000 67.1301
v  -46.6304 3.0000 67.1301
v  -45.8694 0.0000 67.2607
v  -45.8694 3.0000 67.2607
v  -45.0497 0.0000 67.3042
v  -45.0497 3.0000 67.3042
v  -44.3958 0.0000 67.2769
v  -44.3958 3.0000 67.2769
v  -43.7820 0.0000 67.1949
v  -43.7820 3.0000 67.1949
v  -43.2082 0.0000 67.0582
v  -43.2082 3.0000 67.0582
v  -42.6745 0.0000 66.8669
v  -42.6745 3.0000 66.8669
v  -42.1808 0.0000 66.6209
v  -42.1808 3.0000 66.6209
v  -41.7273 0.0000 66.3203
v  -41.7273 3.0000 66.3203
v  -41.3165 0.0000 65.9701
v  -41.3165 3.0000 65.9701
v  -40.9513 0.0000 65.5756
v  -40.9513 3.0000 65.5756
v  -40.6316 0.0000 65.1368
v  -40.6316 3.0000 65.1368
v  -40.3575 0.0000 64.6536
v  -40.3575 3.0000 64.6536
v  -40.1289 0.0000 64.1261
v  -40.1289 3.0000 64.1261
v  -39.9458 0.0000 63.5542
v  -39.9458 3.0000 63.5542
v  -48.4552 3.0000 60.1292
v  -48.4552 0.0000 60.1292
v  -48.3993 0.0000 59.6411
v  -48.3993 3.0000 59.6411
v  -48.2974 0.0000 59.1869
v  -48.2974 3.0000 59.1869
v  -48.1495 0.0000 58.7666
v  -48.1495 3.0000 58.7666
v  -47.9557 0.0000 58.3802
v  -47.9557 3.0000 58.3802
v  -47.7159 0.0000 58.0277
v  -47.7159 3.0000 58.0277
v  -47.4302 0.0000 57.7091
v  -47.4302 3.0000 57.7091
v  -47.1095 0.0000 57.4326
v  -47.1095 3.0000 57.4326
v  -46.7647 0.0000 57.2064
v  -46.7647 3.0000 57.2064
v  -46.3958 0.0000 57.0305
v  -46.3958 3.0000 57.0305
v  -46.0029 0.0000 56.9048
v  -46.0029 3.0000 56.9048
v  -45.5860 0.0000 56.8294
v  -45.5860 3.0000 56.8294
v  -45.1450 0.0000 56.8042
v  -45.1450 3.0000 56.8042
v  -44.6599 0.0000 56.8357
v  -44.6599 3.0000 56.8357
v  -44.2059 0.0000 56.9302
v  -44.2059 3.0000 56.9302
v  -43.7829 0.0000 57.0876
v  -43.7829 3.0000 57.0876
v  -43.3910 0.0000 57.3081
v  -43.3910 3.0000 57.3081
v  -43.0302 0.0000 57.5915
v  -43.0302 3.0000 57.5915
v  -42.7005 0.0000 57.9378
v  -42.7005 3.0000 57.9378
v  -42.5093 0.0000 58.2016
v  -42.5093 3.0000 58.2016
v  -42.3450 0.0000 58.5060
v  -42.3450 3.0000 58.5060
v  -42.2073 0.0000 58.8509
v  -42.2073 3.0000 58.8509
v  -42.0965 0.0000 59.2364
v  -42.0965 3.0000 59.2364
v  -42.0125 0.0000 59.6625
v  -42.0125 3.0000 59.6625
v  -41.9552 0.0000 60.1292
v  -41.9552 3.0000 60.1292
v  -37.5052 3.0000 67.0542
v  -37.5052 0.0000 67.0542
v  -35.5302 0.0000 67.0542
v  -35.5302 3.0000 67.0542
v  -35.5302 0.0000 60.9691
v  -35.5302 3.0000 60.9691
v  -35.5211 0.0000 60.5587
v  -35.5211 3.0000 60.5587
v  -35.4938 0.0000 60.1592
v  -35.4938 3.0000 60.1592
v  -35.4484 0.0000 59.7706
v  -35.4484 3.0000 59.7706
v  -35.3847 0.0000 59.3930
v  -35.3847 3.0000 59.3930
v  -35.3029 0.0000 59.0264
v  -35.3029 3.0000 59.0264
v  -35.2029 0.0000 58.6706
v  -35.2029 3.0000 58.6706
v  -35.1221 0.0000 58.4492
v  -35.1221 3.0000 58.4492
v  -35.0253 0.0000 58.2444
v  -35.0253 3.0000 58.2444
v  -34.9123 0.0000 58.0564
v  -34.9123 3.0000 58.0564
v  -34.7831 0.0000 57.8851
v  -34.7831 3.0000 57.8851
v  -34.6379 0.0000 57.7306
v  -34.6379 3.0000 57.7306
v  -34.4765 0.0000 57.5927
v  -34.4765 3.0000 57.5927
v  -34.3034 0.0000 57.4740
v  -34.3034 3.0000 57.4740
v  -34.1232 0.0000 57.3769
v  -34.1232 3.0000 57.3769
v  -33.9357 0.0000 57.3014
v  -33.9357 3.0000 57.3014
v  -33.7411 0.0000 57.2474
v  -33.7411 3.0000 57.2474
v  -33.5392 0.0000 57.2150
v  -33.5392 3.0000 57.2150
v  -33.3302 0.0000 57.2042
v  -33.3302 3.0000 57.2042
v  -33.0922 0.0000 57.2157
v  -33.0922 3.0000 57.2157
v  -32.8542 0.0000 57.2500
v  -32.8542 3.0000 57.2500
v  -32.6162 0.0000 57.3073
v  -32.6162 3.0000 57.3073
v  -32.3783 0.0000 57.3874
v  -32.3783 3.0000 57.3874
v  -32.1404 0.0000 57.4904
v  -32.1404 3.0000 57.4904
v  -31.9025 0.0000 57.6163
v  -31.9025 3.0000 57.6163
v  -31.2052 0.0000 55.8019
v  -31.2052 3.0000 55.8019
v  -31.5460 0.0000 55.6116
v  -31.5460 3.0000 55.6116
v  -31.8849 0.0000 55.4560
v  -31.8849 3.0000 55.4560
v  -32.2220 0.0000 55.3349
v  -32.2220 3.0000 55.3349
v  -32.5573 0.0000 55.2484
v  -32.5573 3.0000 55.2484
v  -32.8907 0.0000 55.1965
v  -32.8907 3.0000 55.1965
v  -33.2224 0.0000 55.1792
v  -33.2224 3.0000 55.1792
v  -33.4481 0.0000 55.1901
v  -33.4481 3.0000 55.1901
v  -33.6675 0.0000 55.2228
v  -33.6675 3.0000 55.2228
v  -33.8805 0.0000 55.2772
v  -33.8805 3.0000 55.2772
v  -34.0872 0.0000 55.3535
v  -34.0872 3.0000 55.3535
v  -34.2876 0.0000 55.4515
v  -34.2876 3.0000 55.4515
v  -34.4816 0.0000 55.5712
v  -34.4816 3.0000 55.5712
v  -34.6753 0.0000 55.7252
v  -34.6753 3.0000 55.7252
v  -34.8747 0.0000 55.9257
v  -34.8747 3.0000 55.9257
v  -35.0800 0.0000 56.1727
v  -35.0800 3.0000 56.1727
v  -35.2909 0.0000 56.4664
v  -35.2909 3.0000 56.4664
v  -35.5077 0.0000 56.8066
v  -35.5077 3.0000 56.8066
v  -35.7302 0.0000 57.1933
v  -35.7302 3.0000 57.1933
v  -35.7302 0.0000 55.4292
v  -35.7302 3.0000 55.4292
v  -37.5052 0.0000 55.4292
v  -37.5052 3.0000 55.4292
v  -23.3052 3.0000 62.2542
v  -23.3052 0.0000 62.2542
v  -17.2552 0.0000 62.2542
v  -17.2552 3.0000 62.2542
v  -17.2552 0.0000 60.2792
v  -17.2552 3.0000 60.2792
v  -23.3052 0.0000 60.2792
v  -23.3052 3.0000 60.2792
v  -7.3302 3.0000 67.0542
v  -7.3302 0.0000 67.0542
v  -5.2052 0.0000 67.0542
v  -5.2052 3.0000 67.0542
v  -5.2052 0.0000 60.5542
v  -5.2052 3.0000 60.5542
v  -1.0997 0.0000 60.5542
v  -1.0997 3.0000 60.5542
v  -0.0261 0.0000 60.5149
v  -0.0261 3.0000 60.5149
v  0.9311 0.0000 60.3967
v  0.9311 3.0000 60.3967
v  1.7719 0.0000 60.1998
v  1.7719 3.0000 60.1998
v  2.4962 0.0000 59.9241
v  2.4962 3.0000 59.9241
v  3.1040 0.0000 59.5697
v  3.1040 3.0000 59.5697
v  3.5954 0.0000 59.1365
v  3.5954 3.0000 59.1365
v  3.9924 0.0000 58.6464
v  3.9924 3.0000 58.6464
v  4.3173 0.0000 58.1213
v  4.3173 3.0000 58.1213
v  4.5699 0.0000 57.5613
v  4.5699 3.0000 57.5613
v  4.7504 0.0000 56.9663
v  4.7504 3.0000 56.9663
v  4.8587 0.0000 56.3364
v  4.8587 3.0000 56.3364
v  4.8948 0.0000 55.6714
v  4.8948 3.0000 55.6714
v  4.8813 0.0000 55.2791
v  4.8813 3.0000 55.2791
v  4.8408 0.0000 54.8977
v  4.8408 3.0000 54.8977
v  4.7733 0.0000 54.5273
v  4.7733 3.0000 54.5273
v  4.6787 0.0000 54.1679
v  4.6787 3.0000 54.1679
v  4.5572 0.0000 53.8193
v  4.5572 3.0000 53.8193
v  4.4087 0.0000 53.4818
v  4.4087 3.0000 53.4818
v  4.2380 0.0000 53.1620
v  4.2380 3.0000 53.1620
v  4.0500 0.0000 52.8668
v  4.0500 3.0000 52.8668
v  3.8447 0.0000 52.5963
v  3.8447 3.0000 52.5963
v  3.6221 0.0000 52.3504
v  3.6221 3.0000 52.3504
v  3.3822 0.0000 52.1292
v  3.3822 3.0000 52.1292
v  3.1251 0.0000 51.9326
v  3.1251 3.0000 51.9326
v  2.8486 0.0000 51.7581
v  2.8486 3.0000 51.7581
v  2.5509 0.0000 51.6035
v  2.5509 3.0000 51.6035
v  2.2320 0.0000 51.4685
v  2.2320 3.0000 51.4685
v  1.8917 0.0000 51.3534
v  1.8917 3.0000 51.3534
v  1.5303 0.0000 51.2580
v  1.5303 3.0000 51.2580
v  1.1475 0.0000 51.1824
v  1.1475 3.0000 51.1824
v  0.8462 0.0000 51.1356
v  0.8462 3.0000 51.1356
v  0.5030 0.0000 51.0973
v  0.5030 3.0000 51.0973
v  0.1179 0.0000 51.0675
v  0.1179 3.0000 51.0675
v  -0.3091 0.0000 51.0463
v  -0.3091 3.0000 51.0463
v  -0.7780 0.0000 51.0335
v  -0.7780 3.0000 51.0335
v  -1.2888 0.0000 51.0292
v  -1.2888 3.0000 51.0292
v  -7.3302 0.0000 51.0292
v  -7.3302 3.0000 51.0292
v  -5.2052 3.0000 58.6542
v  -5.2052 0.0000 58.6542
v  -5.2052 0.0000 52.9292
v  -5.2052 3.0000 52.9292
v  -1.1060 0.0000 52.9292
v  -1.1060 3.0000 52.9292
v  -0.6502 0.0000 52.9332
v  -0.6502 3.0000 52.9332
v  -0.2448 0.0000 52.9450
v  -0.2448 3.0000 52.9450
v  0.1101 0.0000 52.9648
v  0.1101 3.0000 52.9648
v  0.4147 0.0000 52.9924
v  0.4147 3.0000 52.9924
v  0.6688 0.0000 53.0280
v  0.6688 3.0000 53.0280
v  0.8725 0.0000 53.0714
v  0.8725 3.0000 53.0714
v  1.1405 0.0000 53.1614
v  1.1405 3.0000 53.1614
v  1.3906 0.0000 53.2783
v  1.3906 3.0000 53.2783
v  1.6227 0.0000 53.4223
v  1.6227 3.0000 53.4223
v  1.8369 0.0000 53.5933
v  1.8369 3.0000 53.5933
v  2.0332 0.0000 53.7913
v  2.0332 3.0000 53.7913
v  2.2116 0.0000 54.0163
v  2.2116 3.0000 54.0163
v  2.3669 0.0000 54.2629
v  2.3669 3.0000 54.2629
v  2.4939 0.0000 54.5256
v  2.4939 3.0000 54.5256
v  2.5927 0.0000 54.8043
v  2.5927 3.0000 54.8043
v  2.6633 0.0000 55.0992
v  2.6633 3.0000 55.0992
v  2.7057 0.0000 55.4101
v  2.7057 3.0000 55.4101
v  2.7198 0.0000 55.7370
v  2.7198 3.0000 55.7370
v  2.6958 0.0000 56.1823
v  2.6958 3.0000 56.1823
v  2.6239 0.0000 56.5929
v  2.6239 3.0000 56.5929
v  2.5039 0.0000 56.9689
v  2.5039 3.0000 56.9689
v  2.3360 0.0000 57.3103
v  2.3360 3.0000 57.3103
v  2.1202 0.0000 57.6171
v  2.1202 3.0000 57.6171
v  1.8563 0.0000 57.8894
v  1.8563 3.0000 57.8894
v  1.5354 0.0000 58.1231
v  1.5354 3.0000 58.1231
v  1.1483 0.0000 58.3143
v  1.1483 3.0000 58.3143
v  0.6949 0.0000 58.4630
v  0.6949 3.0000 58.4630
v  0.1754 0.0000 58.5693
v  0.1754 3.0000 58.5693
v  -0.4103 0.0000 58.6330
v  -0.4103 3.0000 58.6330
v  -1.0622 0.0000 58.6542
v  -1.0622 3.0000 58.6542
v  7.2948 3.0000 67.0542
v  7.2948 0.0000 67.0542
v  9.2698 0.0000 67.0542
v  9.2698 3.0000 67.0542
v  9.2698 0.0000 51.0292
v  9.2698 3.0000 51.0292
v  7.2948 0.0000 51.0292
v  7.2948 3.0000 51.0292
v  19.9198 3.0000 65.6042
v  19.9198 0.0000 65.6042
v  19.9556 0.0000 65.8751
v  19.9556 3.0000 65.8751
v  20.0038 0.0000 66.1343
v  20.0038 3.0000 66.1343
v  20.0643 0.0000 66.3818
v  20.0643 3.0000 66.3818
v  20.1372 0.0000 66.6176
v  20.1372 3.0000 66.6176
v  20.2223 0.0000 66.8418
v  20.2223 3.0000 66.8418
v  20.3198 0.0000 67.0542
v  20.3198 3.0000 67.0542
v  22.3448 0.0000 67.0542
v  22.3448 3.0000 67.0542
v  22.2321 0.0000 66.8282
v  22.2321 3.0000 66.8282
v  22.1326 0.0000 66.5988
v  22.1326 3.0000 66.5988
v  22.0462 0.0000 66.3660
v  22.0462 3.0000 66.3660
v  21.9729 0.0000 66.1298
v  21.9729 3.0000 66.1298
v  21.9128 0.0000 65.8902
v  21.9128 3.0000 65.8902
v  21.8659 0.0000 65.6472
v  21.8659 3.0000 65.6472
v  21.8289 0.0000 65.3469
v  21.8289 3.0000 65.3469
v  21.7986 0.0000 64.9353
v  21.7986 3.0000 64.9353
v  21.7751 0.0000 64.4124
v  21.7751 3.0000 64.4124
v  21.7583 0.0000 63.7783
v  21.7583 3.0000 63.7783
v  21.7482 0.0000 63.0328
v  21.7482 3.0000 63.0328
v  21.7448 0.0000 62.1761
v  21.7448 3.0000 62.1761
v  21.7448 0.0000 59.5589
v  21.7448 3.0000 59.5589
v  21.7421 0.0000 59.1451
v  21.7421 3.0000 59.1451
v  21.7339 0.0000 58.7761
v  21.7339 3.0000 58.7761
v  21.7202 0.0000 58.4518
v  21.7202 3.0000 58.4518
v  21.7010 0.0000 58.1723
v  21.7010 3.0000 58.1723
v  21.6764 0.0000 57.9376
v  21.6764 3.0000 57.9376
v  21.6464 0.0000 57.7476
v  21.6464 3.0000 57.7476
v  21.5806 0.0000 57.4858
v  21.5806 3.0000 57.4858
v  21.5002 0.0000 57.2395
v  21.5002 3.0000 57.2395
v  21.4052 0.0000 57.0086
v  21.4052 3.0000 57.0086
v  21.2957 0.0000 56.7933
v  21.2957 3.0000 56.7933
v  21.1715 0.0000 56.5934
v  21.1715 3.0000 56.5934
v  21.0327 0.0000 56.4089
v  21.0327 3.0000 56.4089
v  20.8729 0.0000 56.2372
v  20.8729 3.0000 56.2372
v  20.6857 0.0000 56.0756
v  20.6857 3.0000 56.0756
v  20.4712 0.0000 55.9239
v  20.4712 3.0000 55.9239
v  20.2293 0.0000 55.7823
v  20.2293 3.0000 55.7823
v  19.9600 0.0000 55.6507
v  19.9600 3.0000 55.6507
v  19.6634 0.0000 55.5290
v  19.6634 3.0000 55.5290
v  19.3375 0.0000 55.4222
v  19.3375 3.0000 55.4222
v  18.9806 0.0000 55.3347
v  18.9806 3.0000 55.3347
v  18.5926 0.0000 55.2667
v  18.5926 3.0000 55.2667
v  18.1736 0.0000 55.2181
v  18.1736 3.0000 55.2181
v  17.7235 0.0000 55.1890
v  17.7235 3.0000 55.1890
v  17.2425 0.0000 55.1792
v  17.2425 3.0000 55.1792
v  16.7521 0.0000 55.1906
v  16.7521 3.0000 55.1906
v  16.2819 0.0000 55.2248
v  16.2819 3.0000 55.2248
v  15.8318 0.0000 55.2817
v  15.8318 3.0000 55.2817
v  15.4017 0.0000 55.3614
v  15.4017 3.0000 55.3614
v  14.9918 0.0000 55.4639
v  14.9918 3.0000 55.4639
v  14.6020 0.0000 55.5892
v  14.6020 3.0000 55.5892
v  14.2372 0.0000 55.7356
v  14.2372 3.0000 55.7356
v  13.9022 0.0000 55.9014
v  13.9022 3.0000 55.9014
v  13.5969 0.0000 56.0866
v  13.5969 3.0000 56.0866
v  13.3216 0.0000 56.2913
v  13.3216 3.0000 56.2913
v  13.0760 0.0000 56.5154
v  13.0760 3.0000 56.5154
v  12.8602 0.0000 56.7589
v  12.8602 3.0000 56.7589
v  12.6688 0.0000 57.0254
v  12.6688 3.0000 57.0254
v  12.4963 0.0000 57.3183
v  12.4963 3.0000 57.3183
v  12.3426 0.0000 57.6376
v  12.3426 3.0000 57.6376
v  12.2078 0.0000 57.9834
v  12.2078 3.0000 57.9834
v  12.0919 0.0000 58.3556
v  12.0919 3.0000 58.3556
v  11.9948 0.0000 58.7542
v  11.9948 3.0000 58.7542
v  13.9198 0.0000 59.0042
v  13.9198 3.0000 59.0042
v  14.0360 0.0000 58.6147
v  14.0360 3.0000 58.6147
v  14.1714 0.0000 58.2666
v  14.1714 3.0000 58.2666
v  14.3262 0.0000 57.9599
v  14.3262 3.0000 57.9599
v  14.5003 0.0000 57.6948
v  14.5003 3.0000 57.6948
v  14.6936 0.0000 57.4711
v  14.6936 3.0000 57.4711
v  14.9063 0.0000 57.2888
v  14.9063 3.0000 57.2888
v  15.1490 0.0000 57.1407
v  15.1490 3.0000 57.1407
v  15.4324 0.0000 57.0196
v  15.4324 3.0000 57.0196
v  15.7565 0.0000 56.9254
v  15.7565 3.0000 56.9254
v  16.1213 0.0000 56.8581
v  16.1213 3.0000 56.8581
v  16.5267 0.0000 56.8177
v  16.5267 3.0000 56.8177
v  16.9729 0.0000 56.8042
v  16.9729 3.0000 56.8042
v  17.4521 0.0000 56.8228
v  17.4521 3.0000 56.8228
v  17.8903 0.0000 56.8783
v  17.8903 3.0000 56.8783
v  18.2875 0.0000 56.9709
v  18.2875 3.0000 56.9709
v  18.6436 0.0000 57.1006
v  18.6436 3.0000 57.1006
v  18.9587 0.0000 57.2673
v  18.9587 3.0000 57.2673
v  19.2327 0.0000 57.4710
v  19.2327 3.0000 57.4710
v  19.4044 0.0000 57.6547
v  19.4044 3.0000 57.6547
v  19.5450 0.0000 57.8779
v  19.5450 3.0000 57.8779
v  19.6543 0.0000 58.1406
v  19.6543 3.0000 58.1406
v  19.7323 0.0000 58.4427
v  19.7323 3.0000 58.4427
v  19.7792 0.0000 58.7844
v  19.7792 3.0000 58.7844
v  19.7948 0.0000 59.1656
v  19.7948 3.0000 59.1656
v  19.7839 0.0000 59.6792
v  19.7839 3.0000 59.6792
v  19.3705 0.0000 59.8073
v  19.3705 3.0000 59.8073
v  18.8869 0.0000 59.9293
v  18.8869 3.0000 59.9293
v  18.3328 0.0000 60.0453
v  18.3328 3.0000 60.0453
v  17.7083 0.0000 60.1551
v  17.7083 3.0000 60.1551
v  17.0135 0.0000 60.2589
v  17.0135 3.0000 60.2589
v  16.2483 0.0000 60.3566
v  16.2483 3.0000 60.3566
v  15.8721 0.0000 60.4042
v  15.8721 3.0000 60.4042
v  15.5289 0.0000 60.4524
v  15.5289 3.0000 60.4524
v  15.2187 0.0000 60.5012
v  15.2187 3.0000 60.5012
v  14.9415 0.0000 60.5507
v  14.9415 3.0000 60.5507
v  14.6974 0.0000 60.6008
v  14.6974 3.0000 60.6008
v  14.4862 0.0000 60.6515
v  14.4862 3.0000 60.6515
v  14.2263 0.0000 60.7301
v  14.2263 3.0000 60.7301
v  13.9753 0.0000 60.8202
v  13.9753 3.0000 60.8202
v  13.7332 0.0000 60.9218
v  13.7332 3.0000 60.9218
v  13.4999 0.0000 61.0350
v  13.4999 3.0000 61.0350
v  13.2755 0.0000 61.1598
v  13.2755 3.0000 61.1598
v  13.0600 0.0000 61.2960
v  13.0600 3.0000 61.2960
v  12.8557 0.0000 61.4458
v  12.8557 3.0000 61.4458
v  12.6648 0.0000 61.6111
v  12.6648 3.0000 61.6111
v  12.4874 0.0000 61.7918
v  12.4874 3.0000 61.7918
v  12.3234 0.0000 61.9880
v  12.3234 3.0000 61.9880
v  12.1729 0.0000 62.1996
v  12.1729 3.0000 62.1996
v  12.0358 0.0000 62.4267
v  12.0358 3.0000 62.4267
v  11.9163 0.0000 62.6656
v  11.9163 3.0000 62.6656
v  11.8186 0.0000 62.9127
v  11.8186 3.0000 62.9127
v  11.7426 0.0000 63.1681
v  11.7426 3.0000 63.1681
v  11.6882 0.0000 63.4316
v  11.6882 3.0000 63.4316
v  11.6557 0.0000 63.7033
v  11.6557 3.0000 63.7033
v  11.6448 0.0000 63.9831
v  11.6448 3.0000 63.9831
v  11.6735 0.0000 64.4531
v  11.6735 3.0000 64.4531
v  11.7598 0.0000 64.8942
v  11.7598 3.0000 64.8942
v  11.9035 0.0000 65.3065
v  11.9035 3.0000 65.3065
v  12.1048 0.0000 65.6899
v  12.1048 3.0000 65.6899
v  12.3635 0.0000 66.0445
v  12.3635 3.0000 66.0445
v  12.6798 0.0000 66.3703
v  12.6798 3.0000 66.3703
v  13.0495 0.0000 66.6556
v  13.0495 3.0000 66.6556
v  13.4688 0.0000 66.8891
v  13.4688 3.0000 66.8891
v  13.9376 0.0000 67.0707
v  13.9376 3.0000 67.0707
v  14.4560 0.0000 67.2005
v  14.4560 3.0000 67.2005
v  15.0239 0.0000 67.2783
v  15.0239 3.0000 67.2783
v  15.6413 0.0000 67.3042
v  15.6413 3.0000 67.3042
v  16.0262 0.0000 67.2936
v  16.0262 3.0000 67.2936
v  16.4029 0.0000 67.2616
v  16.4029 3.0000 67.2616
v  16.7713 0.0000 67.2083
v  16.7713 3.0000 67.2083
v  17.1314 0.0000 67.1337
v  17.1314 3.0000 67.1337
v  17.4832 0.0000 67.0377
v  17.4832 3.0000 67.0377
v  17.8268 0.0000 66.9204
v  17.8268 3.0000 66.9204
v  18.1678 0.0000 66.7773
v  18.1678 3.0000 66.7773
v  18.5120 0.0000 66.6036
v  18.5120 3.0000 66.6036
v  18.8593 0.0000 66.3995
v  18.8593 3.0000 66.3995
v  19.2096 0.0000 66.1649
v  19.2096 3.0000 66.1649
v  19.5632 0.0000 65.8998
v  19.5632 3.0000 65.8998
v  19.7448 3.0000 61.2292
v  19.7448 0.0000 61.2292
v  19.7839 0.0000 61.9464
v  19.7839 3.0000 61.9464
v  19.7750 0.0000 62.3599
v  19.7750 3.0000 62.3599
v  19.7483 0.0000 62.7384
v  19.7483 3.0000 62.7384
v  19.7038 0.0000 63.0819
v  19.7038 3.0000 63.0819
v  19.6415 0.0000 63.3904
v  19.6415 3.0000 63.3904
v  19.5614 0.0000 63.6638
v  19.5614 3.0000 63.6638
v  19.4635 0.0000 63.9023
v  19.4635 3.0000 63.9023
v  19.3105 0.0000 64.1783
v  19.3105 3.0000 64.1783
v  19.1311 0.0000 64.4343
v  19.1311 3.0000 64.4343
v  18.9253 0.0000 64.6702
v  18.9253 3.0000 64.6702
v  18.6931 0.0000 64.8860
v  18.6931 3.0000 64.8860
v  18.4346 0.0000 65.0817
v  18.4346 3.0000 65.0817
v  18.1497 0.0000 65.2574
v  18.1497 3.0000 65.2574
v  17.8445 0.0000 65.4092
v  17.8445 3.0000 65.4092
v  17.5253 0.0000 65.5334
v  17.5253 3.0000 65.5334
v  17.1919 0.0000 65.6300
v  17.1919 3.0000 65.6300
v  16.8445 0.0000 65.6990
v  16.8445 3.0000 65.6990
v  16.4829 0.0000 65.7404
v  16.4829 3.0000 65.7404
v  16.1073 0.0000 65.7542
v  16.1073 3.0000 65.7542
v  15.7364 0.0000 65.7397
v  15.7364 3.0000 65.7397
v  15.3966 0.0000 65.6962
v  15.3966 3.0000 65.6962
v  15.0876 0.0000 65.6237
v  15.0876 3.0000 65.6237
v  14.8096 0.0000 65.5222
v  14.8096 3.0000 65.5222
v  14.5626 0.0000 65.3917
v  14.5626 3.0000 65.3917
v  14.3466 0.0000 65.2322
v  14.3466 3.0000 65.2322
v  14.1627 0.0000 65.0509
v  14.1627 3.0000 65.0509
v  14.0122 0.0000 64.8551
v  14.0122 3.0000 64.8551
v  13.8952 0.0000 64.6448
v  13.8952 3.0000 64.6448
v  13.8117 0.0000 64.4200
v  13.8117 3.0000 64.4200
v  13.7615 0.0000 64.1807
v  13.7615 3.0000 64.1807
v  13.7448 0.0000 63.9269
v  13.7448 3.0000 63.9269
v  13.7524 0.0000 63.7590
v  13.7524 3.0000 63.7590
v  13.7753 0.0000 63.5963
v  13.7753 3.0000 63.5963
v  13.8134 0.0000 63.4387
v  13.8134 3.0000 63.4387
v  13.8667 0.0000 63.2863
v  13.8667 3.0000 63.2863
v  13.9352 0.0000 63.1390
v  13.9352 3.0000 63.1390
v  14.0190 0.0000 62.9968
v  14.0190 3.0000 62.9968
v  14.1168 0.0000 62.8628
v  14.1168 3.0000 62.8628
v  14.2274 0.0000 62.7400
v  14.2274 3.0000 62.7400
v  14.3508 0.0000 62.6284
v  14.3508 3.0000 62.6284
v  14.4870 0.0000 62.5279
v  14.4870 3.0000 62.5279
v  14.6360 0.0000 62.4386
v  14.6360 3.0000 62.4386
v  14.7977 0.0000 62.3605
v  14.7977 3.0000 62.3605
v  14.9857 0.0000 62.2892
v  14.9857 3.0000 62.2892
v  15.2133 0.0000 62.2203
v  15.2133 3.0000 62.2203
v  15.4805 0.0000 62.1538
v  15.4805 3.0000 62.1538
v  15.7873 0.0000 62.0898
v  15.7873 3.0000 62.0898
v  16.1337 0.0000 62.0282
v  16.1337 3.0000 62.0282
v  16.5198 0.0000 61.9691
v  16.5198 3.0000 61.9691
v  17.2066 0.0000 61.8639
v  17.2066 3.0000 61.8639
v  17.8337 0.0000 61.7515
v  17.8337 3.0000 61.7515
v  18.4010 0.0000 61.6318
v  18.4010 3.0000 61.6318
v  18.9087 0.0000 61.5048
v  18.9087 3.0000 61.5048
v  19.3566 0.0000 61.3707
v  19.3566 3.0000 61.3707
v  24.6948 3.0000 71.5156
v  24.6948 0.0000 71.5156
v  24.9245 0.0000 71.5885
v  24.9245 3.0000 71.5885
v  25.1469 0.0000 71.6482
v  25.1469 3.0000 71.6482
v  25.3620 0.0000 71.6946
v  25.3620 3.0000 71.6946
v  25.5698 0.0000 71.7277
v  25.5698 3.0000 71.7277
v  25.7703 0.0000 71.7476
v  25.7703 3.0000 71.7476
v  25.9635 0.0000 71.7542
v  25.9635 3.0000 71.7542
v  26.2698 0.0000 71.7417
v  26.2698 3.0000 71.7417
v  26.5614 0.0000 71.7040
v  26.5614 3.0000 71.7040
v  26.8385 0.0000 71.6413
v  26.8385 3.0000 71.6413
v  27.1010 0.0000 71.5535
v  27.1010 3.0000 71.5535
v  27.3488 0.0000 71.4405
v  27.3488 3.0000 71.4405
v  27.5821 0.0000 71.3025
v  27.5821 3.0000 71.3025
v  27.8038 0.0000 71.1375
v  27.8038 3.0000 71.1375
v  28.0171 0.0000 70.9438
v  28.0171 3.0000 70.9438
v  28.2218 0.0000 70.7214
v  28.2218 3.0000 70.7214
v  28.4180 0.0000 70.4702
v  28.4180 3.0000 70.4702
v  28.6058 0.0000 70.1903
v  28.6058 3.0000 70.1903
v  28.7850 0.0000 69.8816
v  28.7850 3.0000 69.8816
v  28.9251 0.0000 69.6092
v  28.9251 3.0000 69.6092
v  29.0828 0.0000 69.2708
v  29.0828 3.0000 69.2708
v  29.2581 0.0000 68.8665
v  29.2581 3.0000 68.8665
v  29.4510 0.0000 68.3963
v  29.4510 3.0000 68.3963
v  29.6615 0.0000 67.8602
v  29.6615 3.0000 67.8602
v  29.8897 0.0000 67.2581
v  29.8897 3.0000 67.2581
v  34.2854 0.0000 55.4292
v  34.2854 3.0000 55.4292
v  32.3198 0.0000 55.4292
v  32.3198 3.0000 55.4292
v  29.8432 0.0000 62.2160
v  29.8432 3.0000 62.2160
v  29.6900 0.0000 62.6461
v  29.6900 3.0000 62.6461
v  29.5437 0.0000 63.0775
v  29.5437 3.0000 63.0775
v  29.4044 0.0000 63.5100
v  29.4044 3.0000 63.5100
v  29.2720 0.0000 63.9437
v  29.2720 3.0000 63.9437
v  29.1467 0.0000 64.3787
v  29.1467 3.0000 64.3787
v  29.0284 0.0000 64.8148
v  29.0284 3.0000 64.8148
v  28.9012 0.0000 64.3497
v  28.9012 3.0000 64.3497
v  28.7684 0.0000 63.8918
v  28.7684 3.0000 63.8918
v  28.6302 0.0000 63.4412
v  28.6302 3.0000 63.4412
v  28.4865 0.0000 62.9979
v  28.4865 3.0000 62.9979
v  28.3374 0.0000 62.5619
v  28.3374 3.0000 62.5619
v  28.1827 0.0000 62.1331
v  28.1827 3.0000 62.1331
v  25.7557 0.0000 55.4292
v  25.7557 3.0000 55.4292
v  23.6448 0.0000 55.4292
v  23.6448 3.0000 55.4292
v  28.0698 0.0000 67.0742
v  28.0698 3.0000 67.0742
v  27.8948 0.0000 67.5558
v  27.8948 3.0000 67.5558
v  27.7625 0.0000 67.9218
v  27.7625 3.0000 67.9218
v  27.6430 0.0000 68.2393
v  27.6430 3.0000 68.2393
v  27.5363 0.0000 68.5080
v  27.5363 3.0000 68.5080
v  27.4424 0.0000 68.7282
v  27.4424 3.0000 68.7282
v  27.3612 0.0000 68.8997
v  27.3612 3.0000 68.8997
v  27.2928 0.0000 69.0226
v  27.2928 3.0000 69.0226
v  27.2050 0.0000 69.1490
v  27.2050 3.0000 69.1490
v  27.1093 0.0000 69.2657
v  27.1093 3.0000 69.2657
v  27.0057 0.0000 69.3726
v  27.0057 3.0000 69.3726
v  26.8941 0.0000 69.4699
v  26.8941 3.0000 69.4699
v  26.7747 0.0000 69.5575
v  26.7747 3.0000 69.5575
v  26.6473 0.0000 69.6353
v  26.6473 3.0000 69.6353
v  26.5087 0.0000 69.7022
v  26.5087 3.0000 69.7022
v  26.3555 0.0000 69.7569
v  26.3555 3.0000 69.7569
v  26.1877 0.0000 69.7995
v  26.1877 3.0000 69.7995
v  26.0053 0.0000 69.8299
v  26.0053 3.0000 69.8299
v  25.8083 0.0000 69.8482
v  25.8083 3.0000 69.8482
v  25.5968 0.0000 69.8542
v  25.5968 3.0000 69.8542
v  25.4318 0.0000 69.8494
v  25.4318 3.0000 69.8494
v  25.2576 0.0000 69.8348
v  25.2576 3.0000 69.8348
v  25.0744 0.0000 69.8106
v  25.0744 3.0000 69.8106
v  24.8820 0.0000 69.7766
v  24.8820 3.0000 69.7766
v  24.6805 0.0000 69.7330
v  24.6805 3.0000 69.7330
v  24.4698 0.0000 69.6796
v  24.4698 3.0000 69.6796
v  43.9229 3.0000 63.3042
v  43.9229 0.0000 63.3042
v  43.7645 0.0000 63.6994
v  43.7645 3.0000 63.6994
v  43.5884 0.0000 64.0571
v  43.5884 3.0000 64.0571
v  43.3947 0.0000 64.3772
v  43.3947 3.0000 64.3772
v  43.1834 0.0000 64.6599
v  43.1834 3.0000 64.6599
v  42.9545 0.0000 64.9050
v  42.9545 3.0000 64.9050
v  42.7079 0.0000 65.1126
v  42.7079 3.0000 65.1126
v  42.4437 0.0000 65.2858
v  42.4437 3.0000 65.2858
v  42.1618 0.0000 65.4274
v  42.1618 3.0000 65.4274
v  41.8623 0.0000 65.5376
v  41.8623 3.0000 65.5376
v  41.5452 0.0000 65.6163
v  41.5452 3.0000 65.6163
v  41.2105 0.0000 65.6635
v  41.2105 3.0000 65.6635
v  40.8581 0.0000 65.6792
v  40.8581 3.0000 65.6792
v  40.3863 0.0000 65.6512
v  40.3863 3.0000 65.6512
v  39.9412 0.0000 65.5669
v  39.9412 3.0000 65.5669
v  39.5229 0.0000 65.4265
v  39.5229 3.0000 65.4265
v  39.1313 0.0000 65.2298
v  39.1313 3.0000 65.2298
v  38.7665 0.0000 64.9771
v  38.7665 3.0000 64.9771
v  38.4284 0.0000 64.6681
v  38.4284 3.0000 64.6681
v  38.1277 0.0000 64.3063
v  38.1277 3.0000 64.3063
v  37.8750 0.0000 63.8950
v  37.8750 3.0000 63.8950
v  37.6704 0.0000 63.4341
v  37.6704 3.0000 63.4341
v  37.5138 0.0000 62.9237
v  37.5138 3.0000 62.9237
v  37.4053 0.0000 62.3637
v  37.4053 3.0000 62.3637
v  37.3448 0.0000 61.7542
v  37.3448 3.0000 61.7542
v  46.0089 0.0000 61.7542
v  46.0089 3.0000 61.7542
v  46.0198 0.0000 61.2292
v  46.0198 3.0000 61.2292
v  45.9788 0.0000 60.3060
v  45.9788 3.0000 60.3060
v  45.8559 0.0000 59.4545
v  45.8559 3.0000 59.4545
v  45.6509 0.0000 58.6746
v  45.6509 3.0000 58.6746
v  45.3641 0.0000 57.9666
v  45.3641 3.0000 57.9666
v  44.9952 0.0000 57.3302
v  44.9952 3.0000 57.3302
v  44.5444 0.0000 56.7656
v  44.5444 3.0000 56.7656
v  44.0289 0.0000 56.2809
v  44.0289 3.0000 56.2809
v  43.4661 0.0000 55.8843
v  43.4661 3.0000 55.8843
v  42.8558 0.0000 55.5758
v  42.8558 3.0000 55.5758
v  42.1982 0.0000 55.3555
v  42.1982 3.0000 55.3555
v  41.4932 0.0000 55.2233
v  41.4932 3.0000 55.2233
v  40.7409 0.0000 55.1792
v  40.7409 3.0000 55.1792
v  39.9642 0.0000 55.2241
v  39.9642 3.0000 55.2241
v  39.2374 0.0000 55.3589
v  39.2374 3.0000 55.3589
v  38.5603 0.0000 55.5834
v  38.5603 3.0000 55.5834
v  37.9331 0.0000 55.8977
v  37.9331 3.0000 55.8977
v  37.3556 0.0000 56.3019
v  37.3556 3.0000 56.3019
v  36.8280 0.0000 56.7958
v  36.8280 3.0000 56.7958
v  36.3672 0.0000 57.3711
v  36.3672 3.0000 57.3711
v  35.9901 0.0000 58.0193
v  35.9901 3.0000 58.0193
v  35.6968 0.0000 58.7402
v  35.6968 3.0000 58.7402
v  35.4874 0.0000 59.5340
v  35.4874 3.0000 59.5340
v  35.3617 0.0000 60.4007
v  35.3617 3.0000 60.4007
v  35.3198 0.0000 61.3402
v  35.3198 3.0000 61.3402
v  35.3612 0.0000 62.2481
v  35.3612 3.0000 62.2481
v  35.4855 0.0000 63.0860
v  35.4855 3.0000 63.0860
v  35.6927 0.0000 63.8537
v  35.6927 3.0000 63.8537
v  35.9828 0.0000 64.5515
v  35.9828 3.0000 64.5515
v  36.3558 0.0000 65.1791
v  36.3558 3.0000 65.1791
v  36.8116 0.0000 65.7367
v  36.8116 3.0000 65.7367
v  37.3382 0.0000 66.2156
v  37.3382 3.0000 66.2156
v  37.9234 0.0000 66.6075
v  37.9234 3.0000 66.6075
v  38.5672 0.0000 66.9123
v  38.5672 3.0000 66.9123
v  39.2696 0.0000 67.1301
v  39.2696 3.0000 67.1301
v  40.0306 0.0000 67.2607
v  40.0306 3.0000 67.2607
v  40.8503 0.0000 67.3042
v  40.8503 3.0000 67.3042
v  41.5042 0.0000 67.2769
v  41.5042 3.0000 67.2769
v  42.1180 0.0000 67.1949
v  42.1180 3.0000 67.1949
v  42.6918 0.0000 67.0582
v  42.6918 3.0000 67.0582
v  43.2255 0.0000 66.8669
v  43.2255 3.0000 66.8669
v  43.7192 0.0000 66.6209
v  43.7192 3.0000 66.6209
v  44.1727 0.0000 66.3203
v  44.1727 3.0000 66.3203
v  44.5835 0.0000 65.9701
v  44.5835 3.0000 65.9701
v  44.9487 0.0000 65.5756
v  44.9487 3.0000 65.5756
v  45.2684 0.0000 65.1368
v  45.2684 3.0000 65.1368
v  45.5425 0.0000 64.6536
v  45.5425 3.0000 64.6536
v  45.7711 0.0000 64.1261
v  45.7711 3.0000 64.1261
v  45.9542 0.0000 63.5542
v  45.9542 3.0000 63.5542
v  37.4448 3.0000 60.1292
v  37.4448 0.0000 60.1292
v  37.5007 0.0000 59.6411
v  37.5007 3.0000 59.6411
v  37.6026 0.0000 59.1869
v  37.6026 3.0000 59.1869
v  37.7505 0.0000 58.7666
v  37.7505 3.0000 58.7666
v  37.9443 0.0000 58.3802
v  37.9443 3.0000 58.3802
v  38.1841 0.0000 58.0277
v  38.1841 3.0000 58.0277
v  38.4698 0.0000 57.7091
v  38.4698 3.0000 57.7091
v  38.7905 0.0000 57.4326
v  38.7905 3.0000 57.4326
v  39.1353 0.0000 57.2064
v  39.1353 3.0000 57.2064
v  39.5042 0.0000 57.0305
v  39.5042 3.0000 57.0305
v  39.8971 0.0000 56.9048
v  39.8971 3.0000 56.9048
v  40.3140 0.0000 56.8294
v  40.3140 3.0000 56.8294
v  40.7550 0.0000 56.8042
v  40.7550 3.0000 56.8042
v  41.2401 0.0000 56.8357
v  41.2401 3.0000 56.8357
v  41.6941 0.0000 56.9302
v  41.6941 3.0000 56.9302
v  42.1171 0.0000 57.0876
v  42.1171 3.0000 57.0876
v  42.5089 0.0000 57.3081
v  42.5089 3.0000 57.3081
v  42.8697 0.0000 57.5915
v  42.8697 3.0000 57.5915
v  43.1995 0.0000 57.9378
v  43.1995 3.0000 57.9378
v  43.3906 0.0000 58.2016
v  43.3906 3.0000 58.2016
v  43.5550 0.0000 58.5060
v  43.5550 3.0000 58.5060
v  43.6926 0.0000 58.8509
v  43.6926 3.0000 58.8509
v  43.8035 0.0000 59.2364
v  43.8035 3.0000 59.2364
v  43.8875 0.0000 59.6625
v  43.8875 3.0000 59.6625
v  43.9448 0.0000 60.1292
v  43.9448 3.0000 60.1292
v  48.3948 3.0000 67.0542
v  48.3948 0.0000 67.0542
v  50.3698 0.0000 67.0542
v  50.3698 3.0000 67.0542
v  50.3698 0.0000 60.9691
v  50.3698 3.0000 60.9691
v  50.3789 0.0000 60.5587
v  50.3789 3.0000 60.5587
v  50.4062 0.0000 60.1592
v  50.4062 3.0000 60.1592
v  50.4516 0.0000 59.7706
v  50.4516 3.0000 59.7706
v  50.5153 0.0000 59.3930
v  50.5153 3.0000 59.3930
v  50.5971 0.0000 59.0264
v  50.5971 3.0000 59.0264
v  50.6971 0.0000 58.6706
v  50.6971 3.0000 58.6706
v  50.7779 0.0000 58.4492
v  50.7779 3.0000 58.4492
v  50.8747 0.0000 58.2444
v  50.8747 3.0000 58.2444
v  50.9877 0.0000 58.0564
v  50.9877 3.0000 58.0564
v  51.1168 0.0000 57.8851
v  51.1168 3.0000 57.8851
v  51.2621 0.0000 57.7306
v  51.2621 3.0000 57.7306
v  51.4235 0.0000 57.5927
v  51.4235 3.0000 57.5927
v  51.5966 0.0000 57.4740
v  51.5966 3.0000 57.4740
v  51.7768 0.0000 57.3769
v  51.7768 3.0000 57.3769
v  51.9643 0.0000 57.3014
v  51.9643 3.0000 57.3014
v  52.1589 0.0000 57.2474
v  52.1589 3.0000 57.2474
v  52.3608 0.0000 57.2150
v  52.3608 3.0000 57.2150
v  52.5698 0.0000 57.2042
v  52.5698 3.0000 57.2042
v  52.8078 0.0000 57.2157
v  52.8078 3.0000 57.2157
v  53.0458 0.0000 57.2500
v  53.0458 3.0000 57.2500
v  53.2838 0.0000 57.3073
v  53.2838 3.0000 57.3073
v  53.5217 0.0000 57.3874
v  53.5217 3.0000 57.3874
v  53.7596 0.0000 57.4904
v  53.7596 3.0000 57.4904
v  53.9975 0.0000 57.6163
v  53.9975 3.0000 57.6163
v  54.6948 0.0000 55.8019
v  54.6948 3.0000 55.8019
v  54.3540 0.0000 55.6116
v  54.3540 3.0000 55.6116
v  54.0151 0.0000 55.4560
v  54.0151 3.0000 55.4560
v  53.6780 0.0000 55.3349
v  53.6780 3.0000 55.3349
v  53.3427 0.0000 55.2484
v  53.3427 3.0000 55.2484
v  53.0092 0.0000 55.1965
v  53.0092 3.0000 55.1965
v  52.6776 0.0000 55.1792
v  52.6776 3.0000 55.1792
v  52.4519 0.0000 55.1901
v  52.4519 3.0000 55.1901
v  52.2325 0.0000 55.2228
v  52.2325 3.0000 55.2228
v  52.0194 0.0000 55.2772
v  52.0194 3.0000 55.2772
v  51.8128 0.0000 55.3535
v  51.8128 3.0000 55.3535
v  51.6124 0.0000 55.4515
v  51.6124 3.0000 55.4515
v  51.4184 0.0000 55.5712
v  51.4184 3.0000 55.5712
v  51.2247 0.0000 55.7252
v  51.2247 3.0000 55.7252
v  51.0253 0.0000 55.9257
v  51.0253 3.0000 55.9257
v  50.8200 0.0000 56.1727
v  50.8200 3.0000 56.1727
v  50.6090 0.0000 56.4664
v  50.6090 3.0000 56.4664
v  50.3923 0.0000 56.8066
v  50.3923 3.0000 56.8066
v  50.1698 0.0000 57.1933
v  50.1698 3.0000 57.1933
v  50.1698 0.0000 55.4292
v  50.1698 3.0000 55.4292
v  48.3948 0.0000 55.4292
v  48.3948 3.0000 55.4292
v  62.8448 3.0000 62.8292
v  62.8448 0.0000 62.8292
v  62.9435 0.0000 63.4734
v  62.9435 3.0000 63.4734
v  63.1085 0.0000 64.0763
v  63.1085 3.0000 64.0763
v  63.3400 0.0000 64.6381
v  63.3400 3.0000 64.6381
v  63.6377 0.0000 65.1587
v  63.6377 3.0000 65.1587
v  64.0019 0.0000 65.6381
v  64.0019 3.0000 65.6381
v  64.4325 0.0000 66.0763
v  64.4325 3.0000 66.0763
v  64.9161 0.0000 66.4591
v  64.9161 3.0000 66.4591
v  65.4394 0.0000 66.7724
v  65.4394 3.0000 66.7724
v  66.0023 0.0000 67.0160
v  66.0023 3.0000 67.0160
v  66.6050 0.0000 67.1900
v  66.6050 3.0000 67.1900
v  67.2474 0.0000 67.2944
v  67.2474 3.0000 67.2944
v  67.9295 0.0000 67.3292
v  67.9295 3.0000 67.3292
v  68.6855 0.0000 67.2887
v  68.6855 3.0000 67.2887
v  69.3966 0.0000 67.1670
v  69.3966 3.0000 67.1670
v  70.0628 0.0000 66.9643
v  70.0628 3.0000 66.9643
v  70.6841 0.0000 66.6805
v  70.6841 3.0000 66.6805
v  71.2606 0.0000 66.3155
v  71.2606 3.0000 66.3155
v  71.7922 0.0000 65.8695
v  71.7922 3.0000 65.8695
v  72.2590 0.0000 65.3651
v  72.2590 3.0000 65.3651
v  72.6409 0.0000 64.8252
v  72.6409 3.0000 64.8252
v  72.9379 0.0000 64.2497
v  72.9379 3.0000 64.2497
v  73.1501 0.0000 63.6387
v  73.1501 3.0000 63.6387
v  73.2774 0.0000 62.9922
v  73.2774 3.0000 62.9922
v  73.3198 0.0000 62.3101
v  73.3198 3.0000 62.3101
v  73.2981 0.0000 61.8069
v  73.2981 3.0000 61.8069
v  73.2330 0.0000 61.3326
v  73.2330 3.0000 61.3326
v  73.1246 0.0000 60.8872
v  73.1246 3.0000 60.8872
v  72.9727 0.0000 60.4706
v  72.9727 3.0000 60.4706
v  72.7775 0.0000 60.0829
v  72.7775 3.0000 60.0829
v  72.5389 0.0000 59.7240
v  72.5389 3.0000 59.7240
v  72.2609 0.0000 59.3991
v  72.2609 3.0000 59.3991
v  71.9473 0.0000 59.1134
v  71.9473 3.0000 59.1134
v  71.5982 0.0000 58.8669
v  71.5982 3.0000 58.8669
v  71.2136 0.0000 58.6596
v  71.2136 3.0000 58.6596
v  70.7934 0.0000 58.4914
v  70.7934 3.0000 58.4914
v  70.3377 0.0000 58.3624
v  70.3377 3.0000 58.3624
v  70.6871 0.0000 58.1852
v  70.6871 3.0000 58.1852
v  71.0067 0.0000 57.9885
v  71.0067 3.0000 57.9885
v  71.2965 0.0000 57.7724
v  71.2965 3.0000 57.7724
v  71.5566 0.0000 57.5368
v  71.5566 3.0000 57.5368
v  71.7869 0.0000 57.2819
v  71.7869 3.0000 57.2819
v  71.9876 0.0000 57.0076
v  71.9876 3.0000 57.0076
v  72.1578 0.0000 56.7183
v  72.1578 3.0000 56.7183
v  72.2971 0.0000 56.4188
v  72.2971 3.0000 56.4188
v  72.4055 0.0000 56.1089
v  72.4055 3.0000 56.1089
v  72.4829 0.0000 55.7886
v  72.4829 3.0000 55.7886
v  72.5293 0.0000 55.4580
v  72.5293 3.0000 55.4580
v  72.5448 0.0000 55.1171
v  72.5448 3.0000 55.1171
v  72.5285 0.0000 54.7563
v  72.5285 3.0000 54.7563
v  72.4799 0.0000 54.4021
v  72.4799 3.0000 54.4021
v  72.3987 0.0000 54.0546
v  72.3987 3.0000 54.0546
v  72.2851 0.0000 53.7137
v  72.2851 3.0000 53.7137
v  72.1391 0.0000 53.3796
v  72.1391 3.0000 53.3796
v  71.9606 0.0000 53.0521
v  71.9606 3.0000 53.0521
v  71.7515 0.0000 52.7393
v  71.7515 3.0000 52.7393
v  71.5135 0.0000 52.4493
v  71.5135 3.0000 52.4493
v  71.2467 0.0000 52.1821
v  71.2467 3.0000 52.1821
v  70.9511 0.0000 51.9376
v  70.9511 3.0000 51.9376
v  70.6267 0.0000 51.7159
v  70.6267 3.0000 51.7159
v  70.2735 0.0000 51.5169
v  70.2735 3.0000 51.5169
v  69.9001 0.0000 51.3450
v  69.9001 3.0000 51.3450
v  69.5152 0.0000 51.2043
v  69.5152 3.0000 51.2043
v  69.1188 0.0000 51.0949
v  69.1188 3.0000 51.0949
v  68.7108 0.0000 51.0168
v  68.7108 3.0000 51.0168
v  68.2914 0.0000 50.9699
v  68.2914 3.0000 50.9699
v  67.8604 0.0000 50.9542
v  67.8604 3.0000 50.9542
v  67.2444 0.0000 50.9844
v  67.2444 3.0000 50.9844
v  66.6629 0.0000 51.0750
v  66.6629 3.0000 51.0750
v  66.1160 0.0000 51.2259
v  66.1160 3.0000 51.2259
v  65.6036 0.0000 51.4372
v  65.6036 3.0000 51.4372
v  65.1259 0.0000 51.7089
v  65.1259 3.0000 51.7089
v  64.6827 0.0000 52.0410
v  64.6827 3.0000 52.0410
v  64.2822 0.0000 52.4279
v  64.2822 3.0000 52.4279
v  63.9328 0.0000 52.8643
v  63.9328 3.0000 52.8643
v  63.6343 0.0000 53.3501
v  63.6343 3.0000 53.3501
v  63.3868 0.0000 53.8854
v  63.3868 3.0000 53.8854
v  63.1903 0.0000 54.4701
v  63.1903 3.0000 54.4701
v  63.0448 0.0000 55.1042
v  63.0448 3.0000 55.1042
v  65.0198 0.0000 55.4542
v  65.0198 3.0000 55.4542
v  65.1076 0.0000 54.9950
v  65.1076 3.0000 54.9950
v  65.2256 0.0000 54.5758
v  65.2256 3.0000 54.5758
v  65.3738 0.0000 54.1964
v  65.3738 3.0000 54.1964
v  65.5523 0.0000 53.8570
v  65.5523 3.0000 53.8570
v  65.7611 0.0000 53.5575
v  65.7611 3.0000 53.5575
v  66.0001 0.0000 53.2980
v  66.0001 3.0000 53.2980
v  66.2648 0.0000 53.0784
v  66.2648 3.0000 53.0784
v  66.5506 0.0000 52.8987
v  66.5506 3.0000 52.8987
v  66.8577 0.0000 52.7589
v  66.8577 3.0000 52.7589
v  67.1860 0.0000 52.6591
v  67.1860 3.0000 52.6591
v  67.5354 0.0000 52.5992
v  67.5354 3.0000 52.5992
v  67.9061 0.0000 52.5792
v  67.9061 3.0000 52.5792
v  68.2791 0.0000 52.5989
v  68.2791 3.0000 52.5989
v  68.6285 0.0000 52.6580
v  68.6285 3.0000 52.6580
v  68.9542 0.0000 52.7565
v  68.9542 3.0000 52.7565
v  69.2564 0.0000 52.8944
v  69.2564 3.0000 52.8944
v  69.5351 0.0000 53.0717
v  69.5351 3.0000 53.0717
v  69.7901 0.0000 53.2884
v  69.7901 3.0000 53.2884
v  70.0131 0.0000 53.5351
v  70.0131 3.0000 53.5351
v  70.1955 0.0000 53.8024
v  70.1955 3.0000 53.8024
v  70.3374 0.0000 54.0903
v  70.3374 3.0000 54.0903
v  70.4387 0.0000 54.3988
v  70.4387 3.0000 54.3988
v  70.4995 0.0000 54.7280
v  70.4995 3.0000 54.7280
v  70.5198 0.0000 55.0777
v  70.5198 3.0000 55.0777
v  70.4919 0.0000 55.5127
v  70.4919 3.0000 55.5127
v  70.4084 0.0000 55.9082
v  70.4084 3.0000 55.9082
v  70.2692 0.0000 56.2644
v  70.2692 3.0000 56.2644
v  70.0744 0.0000 56.5811
v  70.0744 3.0000 56.5811
v  69.8238 0.0000 56.8585
v  69.8238 3.0000 56.8585
v  69.5176 0.0000 57.0964
v  69.5176 3.0000 57.0964
v  69.1766 0.0000 57.2965
v  69.1766 3.0000 57.2965
v  68.8217 0.0000 57.4601
v  68.8217 3.0000 57.4601
v  68.4529 0.0000 57.5874
v  68.4529 3.0000 57.5874
v  68.0702 0.0000 57.6784
v  68.0702 3.0000 57.6784
v  67.6736 0.0000 57.7329
v  67.6736 3.0000 57.7329
v  67.2631 0.0000 57.7511
v  67.2631 3.0000 57.7511
v  67.2210 0.0000 57.7505
v  67.2210 3.0000 57.7505
v  67.1747 0.0000 57.7487
v  67.1747 3.0000 57.7487
v  67.1241 0.0000 57.7456
v  67.1241 3.0000 57.7456
v  67.0692 0.0000 57.7414
v  67.0692 3.0000 57.7414
v  67.0101 0.0000 57.7359
v  67.0101 3.0000 57.7359
v  66.9467 0.0000 57.7292
v  66.9467 3.0000 57.7292
v  66.7288 0.0000 59.4542
v  66.7288 3.0000 59.4542
v  66.9975 0.0000 59.3874
v  66.9975 3.0000 59.3874
v  67.2511 0.0000 59.3327
v  67.2511 3.0000 59.3327
v  67.4895 0.0000 59.2902
v  67.4895 3.0000 59.2902
v  67.7128 0.0000 59.2598
v  67.7128 3.0000 59.2598
v  67.9209 0.0000 59.2416
v  67.9209 3.0000 59.2416
v  68.1139 0.0000 59.2355
v  68.1139 3.0000 59.2355
v  68.5551 0.0000 59.2600
v  68.5551 3.0000 59.2600
v  68.9697 0.0000 59.3334
v  68.9697 3.0000 59.3334
v  69.3576 0.0000 59.4557
v  69.3576 3.0000 59.4557
v  69.7188 0.0000 59.6271
v  69.7188 3.0000 59.6271
v  70.0533 0.0000 59.8473
v  70.0533 3.0000 59.8473
v  70.3612 0.0000 60.1165
v  70.3612 3.0000 60.1165
v  70.6312 0.0000 60.4235
v  70.6312 3.0000 60.4235
v  70.8521 0.0000 60.7568
v  70.8521 3.0000 60.7568
v  71.0239 0.0000 61.1167
v  71.0239 3.0000 61.1167
v  71.1466 0.0000 61.5030
v  71.1466 3.0000 61.5030
v  71.2202 0.0000 61.9158
v  71.2202 3.0000 61.9158
v  71.2448 0.0000 62.3550
v  71.2448 3.0000 62.3550
v  71.2184 0.0000 62.8165
v  71.2184 3.0000 62.8165
v  71.1394 0.0000 63.2524
v  71.1394 3.0000 63.2524
v  71.0077 0.0000 63.6628
v  71.0077 3.0000 63.6628
v  70.8233 0.0000 64.0477
v  70.8233 3.0000 64.0477
v  70.5863 0.0000 64.4071
v  70.5863 3.0000 64.4071
v  70.2965 0.0000 64.7410
v  70.2965 3.0000 64.7410
v  69.9680 0.0000 65.0353
v  69.9680 3.0000 65.0353
v  69.6144 0.0000 65.2761
v  69.6144 3.0000 65.2761
v  69.2359 0.0000 65.4634
v  69.2359 3.0000 65.4634
v  68.8325 0.0000 65.5972
v  68.8325 3.0000 65.5972
v  68.4040 0.0000 65.6775
v  68.4040 3.0000 65.6775
v  67.9506 0.0000 65.7042
v  67.9506 3.0000 65.7042
v  67.5678 0.0000 65.6839
v  67.5678 3.0000 65.6839
v  67.2057 0.0000 65.6229
v  67.2057 3.0000 65.6229
v  66.8643 0.0000 65.5211
v  66.8643 3.0000 65.5211
v  66.5436 0.0000 65.3787
v  66.5436 3.0000 65.3787
v  66.2437 0.0000 65.1956
v  66.2437 3.0000 65.1956
v  65.9645 0.0000 64.9718
v  65.9645 3.0000 64.9718
v  65.7087 0.0000 64.7019
v  65.7087 3.0000 64.7019
v  65.4789 0.0000 64.3805
v  65.4789 3.0000 64.3805
v  65.2751 0.0000 64.0075
v  65.2751 3.0000 64.0075
v  65.0973 0.0000 63.5829
v  65.0973 3.0000 63.5829
v  64.9455 0.0000 63.1069
v  64.9455 3.0000 63.1069
v  64.8198 0.0000 62.5792
v  64.8198 3.0000 62.5792
v  84.3698 3.0000 63.0792
v  84.3698 0.0000 63.0792
v  85.6198 0.0000 63.0792
v  85.6198 3.0000 63.0792
v  86.1948 0.0000 54.5831
v  86.1948 3.0000 54.5831
v  86.1948 0.0000 51.0292
v  86.1948 3.0000 51.0292
v  83.7698 0.0000 51.0292
v  83.7698 3.0000 51.0292
v  83.7698 0.0000 54.5831
v  83.7698 3.0000 54.5831
v  83.8448 3.0000 67.0542
v  83.8448 0.0000 67.0542
v  86.0948 0.0000 67.0542
v  86.0948 3.0000 67.0542
v  86.0948 0.0000 64.8042
v  86.0948 3.0000 64.8042
v  83.8448 0.0000 64.8042
v  83.8448 3.0000 64.8042
v  90.5948 3.0000 63.0792
v  90.5948 0.0000 63.0792
v  91.8448 0.0000 63.0792
v  91.8448 3.0000 63.0792
v  92.4198 0.0000 54.5831
v  92.4198 3.0000 54.5831
v  92.4198 0.0000 51.0292
v  92.4198 3.0000 51.0292
v  89.9948 0.0000 51.0292
v  89.9948 3.0000 51.0292
v  89.9948 0.0000 54.5831
v  89.9948 3.0000 54.5831
v  90.0698 3.0000 67.0542
v  90.0698 0.0000 67.0542
v  92.3198 0.0000 67.0542
v  92.3198 3.0000 67.0542
v  92.3198 0.0000 64.8042
v  92.3198 3.0000 64.8042
v  90.0698 0.0000 64.8042
v  90.0698 3.0000 64.8042
# 1992 vertices

vn 0.0000 0.0000 1.0000
vn 0.9639 0.0000 0.2661
vn 0.9678 0.0000 0.2517
vn -0.9641 0.0000 0.2656
vn -0.9641 0.0000 0.2654
vn 0.9649 0.0000 0.2625
vn 0.0000 0.0000 -1.0000
vn -0.9719 0.0000 -0.2356
vn -0.9740 0.0000 -0.2265
vn 0.9871 0.0000 -0.1604
vn 0.9851 0.0000 -0.1719
vn 0.9810 0.0000 -0.1942
vn 0.9766 0.0000 -0.2153
vn 0.9720 0.0000 -0.2352
vn 0.9672 0.0000 -0.2540
vn 0.9648 0.0000 -0.2631
vn 0.9624 0.0000 -0.2718
vn -0.9627 0.0000 -0.2706
vn -0.9706 0.0000 -0.2405
vn 0.9789 0.0000 -0.2042
vn 0.9747 0.0000 -0.2233
vn -0.9672 0.0000 0.2540
vn 0.0000 1.0000 -0.0000
vn 0.0000 -1.0000 -0.0000
vn 1.0000 0.0000 -0.0000
vn -1.0000 0.0000 -0.0000
vn 0.9994 0.0000 0.0358
vn 0.9969 0.0000 0.0782
vn 0.9849 0.0000 0.1733
vn 0.9567 0.0000 0.2910
vn 0.9015 0.0000 0.4329
vn 0.8053 0.0000 0.5929
vn 0.6805 0.0000 0.7327
vn 0.5667 0.0000 0.8239
vn 0.4614 0.0000 0.8872
vn 0.3469 0.0000 0.9379
vn 0.2285 0.0000 0.9735
vn 0.1117 0.0000 0.9937
vn 0.0079 0.0000 1.0000
vn -0.0796 0.0000 0.9968
vn -0.1639 0.0000 0.9865
vn -0.2525 0.0000 0.9676
vn -0.3433 0.0000 0.9392
vn -0.4338 0.0000 0.9010
vn -0.5206 0.0000 0.8538
vn -0.6038 0.0000 0.7971
vn -0.6848 0.0000 0.7288
vn -0.7614 0.0000 0.6483
vn -0.8302 0.0000 0.5575
vn -0.8881 0.0000 0.4596
vn -0.9334 0.0000 0.3590
vn -0.9640 0.0000 0.2660
vn -0.9819 0.0000 0.1893
vn -0.9918 0.0000 0.1274
vn -0.9970 0.0000 0.0770
vn -0.9994 0.0000 0.0354
vn -0.9999 0.0000 0.0165
vn 1.0000 0.0000 -0.0070
vn 0.9999 0.0000 -0.0152
vn 0.9994 0.0000 -0.0338
vn 0.9983 0.0000 -0.0578
vn 0.9960 0.0000 -0.0897
vn 0.9909 0.0000 -0.1342
vn 0.9871 0.0000 -0.1603
vn 0.9727 0.0000 -0.2322
vn 0.9649 0.0000 -0.2626
vn 0.9460 0.0000 -0.3242
vn 0.9218 0.0000 -0.3878
vn 0.8918 0.0000 -0.4524
vn 0.8559 0.0000 -0.5171
vn 0.8096 0.0000 -0.5870
vn 0.7475 0.0000 -0.6643
vn 0.6756 0.0000 -0.7373
vn 0.6021 0.0000 -0.7984
vn 0.5297 0.0000 -0.8482
vn 0.4604 0.0000 -0.8877
vn 0.3940 0.0000 -0.9191
vn 0.3276 0.0000 -0.9448
vn 0.2599 0.0000 -0.9656
vn 0.1924 0.0000 -0.9813
vn 0.1261 0.0000 -0.9920
vn 0.0619 0.0000 -0.9981
vn -0.0189 0.0000 -0.9998
vn -0.1434 0.0000 -0.9897
vn -0.2989 0.0000 -0.9543
vn -0.4583 0.0000 -0.8888
vn -0.6070 0.0000 -0.7947
vn -0.7323 0.0000 -0.6809
vn -0.7856 0.0000 -0.6188
vn 0.4613 0.0000 0.8872
vn -0.6847 0.0000 0.7288
vn -0.9333 0.0000 0.3590
vn 0.9994 0.0000 -0.0339
vn 0.9909 0.0000 -0.1343
vn -0.9282 0.0000 -0.3721
vn -0.9134 0.0000 -0.4072
vn -0.8772 0.0000 -0.4801
vn -0.8292 0.0000 -0.5589
vn -0.7670 0.0000 -0.6416
vn -0.6887 0.0000 -0.7251
vn -0.5971 0.0000 -0.8021
vn -0.4994 0.0000 -0.8664
vn -0.3978 0.0000 -0.9175
vn -0.2935 0.0000 -0.9560
vn -0.1905 0.0000 -0.9817
vn -0.0923 0.0000 -0.9957
vn 0.0074 0.0000 -1.0000
vn 0.1230 0.0000 -0.9924
vn 0.2527 0.0000 -0.9675
vn 0.3844 0.0000 -0.9231
vn 0.5104 0.0000 -0.8600
vn 0.6234 0.0000 -0.7819
vn 0.7235 0.0000 -0.6903
vn 0.8126 0.0000 -0.5828
vn 0.8850 0.0000 -0.4656
vn 0.9367 0.0000 -0.3502
vn 0.9702 0.0000 -0.2421
vn 0.9895 0.0000 -0.1447
vn 0.9951 0.0000 -0.0988
vn 0.9998 0.0000 0.0208
vn 0.9999 0.0000 -0.0118
vn 0.9956 0.0000 -0.0937
vn 0.9800 0.0000 -0.1988
vn 0.9489 0.0000 -0.3155
vn 0.8982 0.0000 -0.4396
vn 0.8256 0.0000 -0.5643
vn 0.7351 0.0000 -0.6779
vn 0.6321 0.0000 -0.7749
vn 0.5149 0.0000 -0.8572
vn 0.3854 0.0000 -0.9227
vn 0.2516 0.0000 -0.9678
vn 0.1216 0.0000 -0.9926
vn 0.0004 0.0000 -1.0000
vn -0.1202 0.0000 -0.9927
vn -0.2491 0.0000 -0.9685
vn -0.3824 0.0000 -0.9240
vn -0.5121 0.0000 -0.8589
vn -0.6300 0.0000 -0.7766
vn -0.7338 0.0000 -0.6793
vn -0.8247 0.0000 -0.5656
vn -0.8976 0.0000 -0.4409
vn -0.9486 0.0000 -0.3166
vn -0.9799 0.0000 -0.1997
vn -0.9956 0.0000 -0.0942
vn -1.0000 0.0000 0.0005
vn -0.9954 0.0000 0.0963
vn -0.9790 0.0000 0.2040
vn -0.9464 0.0000 0.3229
vn -0.8938 0.0000 0.4485
vn -0.8192 0.0000 0.5735
vn -0.7255 0.0000 0.6882
vn -0.6163 0.0000 0.7875
vn -0.4935 0.0000 0.8697
vn -0.3629 0.0000 0.9318
vn -0.2331 0.0000 0.9724
vn -0.1113 0.0000 0.9938
vn -0.0057 0.0000 1.0000
vn 0.0872 0.0000 0.9962
vn 0.1823 0.0000 0.9832
vn 0.2850 0.0000 0.9585
vn 0.3924 0.0000 0.9198
vn 0.5002 0.0000 0.8659
vn 0.6017 0.0000 0.7987
vn 0.6925 0.0000 0.7214
vn 0.7724 0.0000 0.6352
vn 0.8404 0.0000 0.5420
vn 0.8949 0.0000 0.4462
vn 0.9361 0.0000 0.3517
vn 0.9524 0.0000 0.3049
vn 0.1222 0.0000 -0.9925
vn 0.9935 0.0000 0.1138
vn 0.9860 0.0000 0.1666
vn 0.9612 0.0000 0.2758
vn 0.9204 0.0000 0.3909
vn 0.8622 0.0000 0.5065
vn 0.7874 0.0000 0.6164
vn 0.7001 0.0000 0.7140
vn 0.6020 0.0000 0.7985
vn 0.4907 0.0000 0.8713
vn 0.3685 0.0000 0.9296
vn 0.2418 0.0000 0.9703
vn 0.1177 0.0000 0.9931
vn -0.0039 0.0000 1.0000
vn -0.1346 0.0000 0.9909
vn -0.2771 0.0000 0.9609
vn -0.4208 0.0000 0.9071
vn -0.5556 0.0000 0.8314
vn -0.6727 0.0000 0.7399
vn -0.7687 0.0000 0.6396
vn -0.8466 0.0000 0.5322
vn -0.9059 0.0000 0.4236
vn -0.9461 0.0000 0.3238
vn -0.9720 0.0000 0.2351
vn -0.9875 0.0000 0.1578
vn -0.9926 0.0000 0.1218
vn 0.9998 0.0000 0.0221
vn 0.9990 0.0000 0.0452
vn 0.9957 0.0000 0.0922
vn 0.9900 0.0000 0.1413
vn 0.9814 0.0000 0.1921
vn 0.9697 0.0000 0.2443
vn 0.9518 0.0000 0.3068
vn 0.9227 0.0000 0.3855
vn 0.8816 0.0000 0.4720
vn 0.8290 0.0000 0.5593
vn 0.7647 0.0000 0.6443
vn 0.6901 0.0000 0.7237
vn 0.6084 0.0000 0.7936
vn 0.5207 0.0000 0.8537
vn 0.4247 0.0000 0.9053
vn 0.3209 0.0000 0.9471
vn 0.2131 0.0000 0.9770
vn 0.1051 0.0000 0.9945
vn 0.0018 0.0000 1.0000
vn -0.0955 0.0000 0.9954
vn -0.1885 0.0000 0.9821
vn -0.2768 0.0000 0.9609
vn -0.3586 0.0000 0.9335
vn -0.4329 0.0000 0.9014
vn -0.4678 0.0000 0.8838
vn 0.9334 0.0000 0.3587
vn 0.4875 0.0000 -0.8731
vn 0.4528 0.0000 -0.8916
vn 0.3780 0.0000 -0.9258
vn 0.2942 0.0000 -0.9557
vn 0.2020 0.0000 -0.9794
vn 0.1031 0.0000 -0.9947
vn 0.0020 0.0000 -1.0000
vn -0.0978 0.0000 -0.9952
vn -0.1977 0.0000 -0.9803
vn -0.2972 0.0000 -0.9548
vn -0.3932 0.0000 -0.9195
vn -0.4829 0.0000 -0.8756
vn -0.5748 0.0000 -0.8183
vn -0.6667 0.0000 -0.7453
vn -0.7398 0.0000 -0.6728
vn -0.7912 0.0000 -0.6116
vn -0.8281 0.0000 -0.5607
vn -0.8553 0.0000 -0.5182
vn -0.8668 0.0000 -0.4987
vn 0.0367 0.0000 0.9993
vn 0.0797 0.0000 0.9968
vn 0.1755 0.0000 0.9845
vn 0.2925 0.0000 0.9563
vn 0.4312 0.0000 0.9023
vn 0.5853 0.0000 0.8108
vn 0.7217 0.0000 0.6922
vn 0.8153 0.0000 0.5790
vn 0.8828 0.0000 0.4697
vn 0.9362 0.0000 0.3515
vn 0.9731 0.0000 0.2303
vn 0.9937 0.0000 0.1120
vn 1.0000 0.0000 0.0099
vn 0.9975 0.0000 -0.0701
vn 0.9898 0.0000 -0.1426
vn 0.9762 0.0000 -0.2170
vn 0.9564 0.0000 -0.2920
vn 0.9305 0.0000 -0.3663
vn 0.8994 0.0000 -0.4371
vn 0.8635 0.0000 -0.5044
vn 0.8207 0.0000 -0.5713
vn 0.7697 0.0000 -0.6384
vn 0.7104 0.0000 -0.7038
vn 0.6434 0.0000 -0.7655
vn 0.5711 0.0000 -0.8209
vn 0.4978 0.0000 -0.8673
vn 0.4256 0.0000 -0.9049
vn 0.3553 0.0000 -0.9347
vn 0.2881 0.0000 -0.9576
vn 0.2246 0.0000 -0.9744
vn 0.1939 0.0000 -0.9810
vn 0.1535 0.0000 -0.9882
vn 0.1322 0.0000 -0.9912
vn 0.0940 0.0000 -0.9956
vn 0.0634 0.0000 -0.9980
vn 0.0385 0.0000 -0.9993
vn 0.0178 0.0000 -0.9998
vn 0.0083 0.0000 -1.0000
vn -0.0087 0.0000 1.0000
vn -0.0189 0.0000 0.9998
vn -0.0424 0.0000 0.9991
vn -0.0730 0.0000 0.9973
vn -0.1145 0.0000 0.9934
vn -0.1737 0.0000 0.9848
vn -0.2086 0.0000 0.9780
vn -0.3182 0.0000 0.9480
vn -0.3715 0.0000 0.9284
vn -0.4762 0.0000 0.8793
vn -0.5765 0.0000 0.8171
vn -0.6682 0.0000 0.7440
vn -0.7481 0.0000 0.6636
vn -0.8161 0.0000 0.5779
vn -0.8746 0.0000 0.4849
vn -0.9228 0.0000 0.3854
vn -0.9589 0.0000 0.2839
vn -0.9829 0.0000 0.1841
vn -0.9960 0.0000 0.0891
vn -1.0000 0.0000 -0.0053
vn -0.9935 0.0000 -0.1134
vn -0.9711 0.0000 -0.2388
vn -0.9276 0.0000 -0.3736
vn -0.8602 0.0000 -0.5099
vn -0.7703 0.0000 -0.6376
vn -0.6558 0.0000 -0.7549
vn -0.5176 0.0000 -0.8556
vn -0.3782 0.0000 -0.9257
vn -0.2564 0.0000 -0.9666
vn -0.1544 0.0000 -0.9880
vn -0.0704 0.0000 -0.9975
vn -0.0326 0.0000 -0.9995
vn -0.9914 0.0000 0.1312
vn -0.9876 0.0000 0.1570
vn -0.9777 0.0000 0.2102
vn -0.9639 0.0000 0.2664
vn -0.9456 0.0000 0.3253
vn -0.9224 0.0000 0.3863
vn -0.9089 0.0000 0.4170
vn 0.8949 0.0000 -0.4462
vn 0.9065 0.0000 -0.4223
vn 0.9278 0.0000 -0.3731
vn 0.9467 0.0000 -0.3222
vn 0.9629 0.0000 -0.2698
vn 0.9763 0.0000 -0.2166
vn 0.9877 0.0000 -0.1561
vn 0.9952 0.0000 -0.0978
vn 0.9982 0.0000 -0.0592
vn 0.9994 0.0000 -0.0358
vn 0.9998 0.0000 -0.0200
vn 1.0000 0.0000 -0.0087
vn 1.0000 0.0000 -0.0039
vn 1.0000 0.0000 -0.0066
vn 0.9999 0.0000 -0.0144
vn 0.9995 0.0000 -0.0322
vn 0.9985 0.0000 -0.0552
vn 0.9963 0.0000 -0.0863
vn 0.9915 0.0000 -0.1304
vn 0.9877 0.0000 -0.1564
vn 0.9699 0.0000 -0.2436
vn 0.9608 0.0000 -0.2771
vn 0.9384 0.0000 -0.3456
vn 0.9088 0.0000 -0.4173
vn 0.8711 0.0000 -0.4910
vn 0.8251 0.0000 -0.5651
vn 0.7666 0.0000 -0.6422
vn 0.6939 0.0000 -0.7201
vn 0.6162 0.0000 -0.7876
vn 0.5417 0.0000 -0.8405
vn 0.4725 0.0000 -0.8813
vn 0.4094 0.0000 -0.9123
vn 0.3457 0.0000 -0.9383
vn 0.2750 0.0000 -0.9614
vn 0.2054 0.0000 -0.9787
vn 0.1440 0.0000 -0.9896
vn 0.0899 0.0000 -0.9959
vn 0.0424 0.0000 -0.9991
vn -0.0015 0.0000 -1.0000
vn -0.0479 0.0000 -0.9989
vn -0.0990 0.0000 -0.9951
vn -0.1539 0.0000 -0.9881
vn -0.2125 0.0000 -0.9772
vn -0.2744 0.0000 -0.9616
vn -0.3394 0.0000 -0.9407
vn -0.4083 0.0000 -0.9129
vn -0.4816 0.0000 -0.8764
vn -0.5583 0.0000 -0.8297
vn -0.6361 0.0000 -0.7716
vn -0.7123 0.0000 -0.7019
vn -0.7814 0.0000 -0.6241
vn -0.8378 0.0000 -0.5460
vn -0.8821 0.0000 -0.4710
vn -0.9171 0.0000 -0.3987
vn -0.9438 0.0000 -0.3305
vn -0.9637 0.0000 -0.2671
vn -0.9716 0.0000 -0.2366
vn -0.1288 0.0000 0.9917
vn 0.9583 0.0000 0.2858
vn 0.9459 0.0000 0.3245
vn 0.9134 0.0000 0.4071
vn 0.8657 0.0000 0.5005
vn 0.7980 0.0000 0.6027
vn 0.7056 0.0000 0.7086
vn 0.5877 0.0000 0.8091
vn 0.4581 0.0000 0.8889
vn 0.3367 0.0000 0.9416
vn 0.2306 0.0000 0.9730
vn 0.1404 0.0000 0.9901
vn 0.0647 0.0000 0.9979
vn -0.0042 0.0000 1.0000
vn -0.0823 0.0000 0.9966
vn -0.1767 0.0000 0.9843
vn -0.2851 0.0000 0.9585
vn -0.4058 0.0000 0.9139
vn -0.5337 0.0000 0.8457
vn -0.6662 0.0000 0.7458
vn -0.7919 0.0000 0.6107
vn -0.8879 0.0000 0.4601
vn -0.9481 0.0000 0.3179
vn -0.9811 0.0000 0.1933
vn -0.9961 0.0000 0.0885
vn -1.0000 0.0000 0.0098
vn -0.9998 0.0000 -0.0213
vn -0.2960 0.0000 -0.9552
vn -0.2704 0.0000 -0.9628
vn -0.2247 0.0000 -0.9744
vn -0.1891 0.0000 -0.9820
vn -0.1605 0.0000 -0.9870
vn -0.1372 0.0000 -0.9905
vn -0.1261 0.0000 -0.9920
vn -0.1323 0.0000 -0.9912
vn -0.1473 0.0000 -0.9891
vn -0.1656 0.0000 -0.9862
vn -0.1884 0.0000 -0.9821
vn -0.2173 0.0000 -0.9761
vn -0.2336 0.0000 -0.9723
vn -0.2894 0.0000 -0.9572
vn -0.3137 0.0000 -0.9495
vn -0.3626 0.0000 -0.9319
vn -0.4120 0.0000 -0.9112
vn -0.4614 0.0000 -0.8872
vn -0.5104 0.0000 -0.8599
vn -0.5632 0.0000 -0.8263
vn -0.6234 0.0000 -0.7819
vn -0.6846 0.0000 -0.7289
vn -0.7410 0.0000 -0.6715
vn -0.7917 0.0000 -0.6109
vn -0.8361 0.0000 -0.5485
vn -0.8760 0.0000 -0.4824
vn -0.9130 0.0000 -0.4079
vn -0.9450 0.0000 -0.3269
vn -0.9698 0.0000 -0.2439
vn -0.9870 0.0000 -0.1606
vn -0.9969 0.0000 -0.0790
vn -0.9999 0.0000 0.0112
vn -0.9919 0.0000 0.1267
vn -0.9653 0.0000 0.2612
vn -0.9174 0.0000 0.3981
vn -0.8489 0.0000 0.5285
vn -0.7645 0.0000 0.6446
vn -0.6660 0.0000 0.7460
vn -0.5503 0.0000 0.8350
vn -0.4249 0.0000 0.9052
vn -0.3026 0.0000 0.9531
vn -0.1896 0.0000 0.9819
vn -0.0890 0.0000 0.9960
vn -0.0072 0.0000 1.0000
vn 0.0562 0.0000 0.9984
vn 0.1140 0.0000 0.9935
vn 0.1731 0.0000 0.9849
vn 0.2331 0.0000 0.9725
vn 0.2932 0.0000 0.9561
vn 0.3553 0.0000 0.9348
vn 0.4191 0.0000 0.9080
vn 0.4789 0.0000 0.8779
vn 0.5318 0.0000 0.8469
vn 0.5784 0.0000 0.8158
vn 0.6192 0.0000 0.7852
vn 0.6381 0.0000 0.7700
vn -0.9985 0.0000 0.0544
vn -0.9998 0.0000 -0.0215
vn -0.9989 0.0000 -0.0459
vn -0.9950 0.0000 -0.0994
vn -0.9866 0.0000 -0.1633
vn -0.9708 0.0000 -0.2397
vn -0.9437 0.0000 -0.3308
vn -0.9014 0.0000 -0.4330
vn -0.8479 0.0000 -0.5302
vn -0.7873 0.0000 -0.6166
vn -0.7182 0.0000 -0.6959
vn -0.6430 0.0000 -0.7658
vn -0.5648 0.0000 -0.8252
vn -0.4856 0.0000 -0.8742
vn -0.4044 0.0000 -0.9146
vn -0.3208 0.0000 -0.9471
vn -0.2368 0.0000 -0.9716
vn -0.0753 0.0000 -0.9972
vn 0.0012 0.0000 -1.0000
vn 0.0831 0.0000 -0.9965
vn 0.1780 0.0000 -0.9840
vn 0.2863 0.0000 -0.9581
vn 0.4060 0.0000 -0.9139
vn 0.5321 0.0000 -0.8467
vn 0.6497 0.0000 -0.7602
vn 0.7493 0.0000 -0.6623
vn 0.8357 0.0000 -0.5492
vn 0.9082 0.0000 -0.4186
vn 0.9607 0.0000 -0.2776
vn 0.9907 0.0000 -0.1357
vn 0.9999 0.0000 -0.0102
vn 0.9957 0.0000 0.0923
vn 0.9823 0.0000 0.1872
vn 0.9592 0.0000 0.2829
vn 0.9264 0.0000 0.3765
vn 0.8851 0.0000 0.4654
vn 0.8356 0.0000 0.5493
vn 0.7764 0.0000 0.6302
vn 0.7079 0.0000 0.7063
vn 0.6331 0.0000 0.7741
vn 0.5545 0.0000 0.8322
vn 0.4749 0.0000 0.8800
vn 0.3951 0.0000 0.9186
vn 0.3224 0.0000 0.9466
vn 0.2656 0.0000 0.9641
vn 0.2228 0.0000 0.9749
vn 0.1897 0.0000 0.9818
vn 0.1633 0.0000 0.9866
vn 0.1514 0.0000 0.9885
vn 0.1639 0.0000 0.9865
vn 0.1915 0.0000 0.9815
vn 0.2245 0.0000 0.9745
vn 0.2648 0.0000 0.9643
vn 0.3148 0.0000 0.9492
vn 0.3423 0.0000 0.9396
vn -0.2809 0.0000 0.9597
vn -0.2351 0.0000 0.9720
vn -0.1843 0.0000 0.9829
vn -0.1282 0.0000 0.9918
vn -0.0665 0.0000 0.9978
vn 0.0033 0.0000 1.0000
vn 0.0846 0.0000 0.9964
vn 0.1746 0.0000 0.9846
vn 0.2695 0.0000 0.9630
vn 0.3665 0.0000 0.9304
vn 0.4626 0.0000 0.8866
vn 0.5538 0.0000 0.8326
vn 0.6354 0.0000 0.7722
vn 0.7048 0.0000 0.7094
vn 0.7625 0.0000 0.6469
vn 0.8098 0.0000 0.5867
vn 0.8481 0.0000 0.5299
vn 0.8773 0.0000 0.4799
vn 0.8980 0.0000 0.4399
vn 0.9120 0.0000 0.4102
vn 0.9214 0.0000 0.3887
vn 0.9280 0.0000 0.3726
vn 0.9330 0.0000 0.3600
vn 0.9351 0.0000 0.3544
vn 0.9374 0.0000 0.3483
vn -0.9394 0.0000 -0.3428
vn -0.9420 0.0000 -0.3357
vn -0.9445 0.0000 -0.3284
vn -0.9495 0.0000 -0.3139
vn -0.9542 0.0000 -0.2992
vn -0.9587 0.0000 -0.2843
vn -0.9630 0.0000 -0.2694
vn -0.9651 0.0000 -0.2619
vn 0.9646 0.0000 -0.2638
vn 0.9625 0.0000 -0.2711
vn 0.9583 0.0000 -0.2858
vn 0.9537 0.0000 -0.3008
vn 0.9487 0.0000 -0.3160
vn 0.9434 0.0000 -0.3315
vn 0.9407 0.0000 -0.3393
vn 0.9403 0.0000 -0.3404
vn -0.9348 0.0000 0.3552
vn -0.9399 0.0000 -0.3415
vn -0.9405 0.0000 -0.3399
vn -0.9382 0.0000 -0.3461
vn -0.9327 0.0000 -0.3607
vn -0.9247 0.0000 -0.3808
vn -0.9120 0.0000 -0.4102
vn -0.8894 0.0000 -0.4572
vn -0.8486 0.0000 -0.5290
vn -0.7978 0.0000 -0.6029
vn -0.7463 0.0000 -0.6656
vn -0.6883 0.0000 -0.7254
vn -0.6247 0.0000 -0.7808
vn -0.5568 0.0000 -0.8306
vn -0.4787 0.0000 -0.8780
vn -0.3861 0.0000 -0.9225
vn -0.2915 0.0000 -0.9566
vn -0.2054 0.0000 -0.9787
vn -0.1284 0.0000 -0.9917
vn -0.0605 0.0000 -0.9982
vn 0.0003 0.0000 -1.0000
vn 0.0564 0.0000 -0.9984
vn 0.1073 0.0000 -0.9942
vn 0.1525 0.0000 -0.9883
vn 0.1928 0.0000 -0.9812
vn 0.2286 0.0000 -0.9735
vn 0.2455 0.0000 -0.9694
vn -0.9926 0.0000 0.1216
vn -0.0922 0.0000 -0.9957
vn 0.6235 0.0000 -0.7819
vn 0.9951 0.0000 -0.0987
vn -0.9956 0.0000 -0.0941
vn -0.6164 0.0000 0.7875
vn 0.7874 0.0000 0.6165
vn 0.9998 0.0000 0.0222
vn 0.9990 0.0000 0.0451
vn 0.9697 0.0000 0.2444
vn 0.3210 0.0000 0.9471
vn -0.3932 0.0000 -0.9194
vn -0.4830 0.0000 -0.8756
vn -0.7911 0.0000 -0.6116
vn -0.8553 0.0000 -0.5181
vn -0.9885 0.0000 0.1514
vn -0.9781 0.0000 0.2081
vn -0.9464 0.0000 0.3231
vn -0.8982 0.0000 0.4396
vn -0.8339 0.0000 0.5519
vn -0.7563 0.0000 0.6542
vn -0.6683 0.0000 0.7439
vn -0.5684 0.0000 0.8228
vn -0.4563 0.0000 0.8898
vn -0.3380 0.0000 0.9412
vn -0.2193 0.0000 0.9757
vn -0.1059 0.0000 0.9944
vn 0.0013 0.0000 1.0000
vn 0.1113 0.0000 0.9938
vn 0.2303 0.0000 0.9731
vn 0.3541 0.0000 0.9352
vn 0.4763 0.0000 0.8793
vn 0.5901 0.0000 0.8073
vn 0.6897 0.0000 0.7241
vn 0.7768 0.0000 0.6297
vn 0.8546 0.0000 0.5193
vn 0.9190 0.0000 0.3943
vn 0.9653 0.0000 0.2612
vn 0.9918 0.0000 0.1279
vn 1.0000 0.0000 0.0095
vn 0.9960 0.0000 -0.0896
vn 0.9825 0.0000 -0.1865
vn 0.9570 0.0000 -0.2900
vn 0.9179 0.0000 -0.3967
vn 0.8645 0.0000 -0.5026
vn 0.7977 0.0000 -0.6030
vn 0.7180 0.0000 -0.6961
vn 0.6264 0.0000 -0.7795
vn 0.5266 0.0000 -0.8501
vn 0.4237 0.0000 -0.9058
vn 0.3224 0.0000 -0.9466
vn 0.2723 0.0000 -0.9622
vn 0.4526 0.0000 0.8917
vn 0.4888 0.0000 0.8724
vn 0.5615 0.0000 0.8275
vn 0.6352 0.0000 0.7723
vn 0.7075 0.0000 0.7067
vn 0.7756 0.0000 0.6312
vn 0.8355 0.0000 0.5495
vn 0.8853 0.0000 0.4650
vn 0.9265 0.0000 0.3763
vn 0.9592 0.0000 0.2828
vn 1.0000 0.0000 0.0002
vn 0.9959 0.0000 -0.0906
vn 0.9833 0.0000 -0.1820
vn 0.9623 0.0000 -0.2721
vn 0.9335 0.0000 -0.3587
vn 0.8980 0.0000 -0.4399
vn 0.8555 0.0000 -0.5177
vn 0.8031 0.0000 -0.5958
vn 0.7413 0.0000 -0.6712
vn 0.6733 0.0000 -0.7394
vn 0.6014 0.0000 -0.7989
vn 0.5280 0.0000 -0.8493
vn 0.4549 0.0000 -0.8906
vn 0.3811 0.0000 -0.9245
vn 0.3049 0.0000 -0.9524
vn 0.2273 0.0000 -0.9738
vn 0.1497 0.0000 -0.9887
vn 0.0737 0.0000 -0.9973
vn -0.0064 0.0000 -1.0000
vn -0.1016 0.0000 -0.9948
vn -0.2103 0.0000 -0.9776
vn -0.3243 0.0000 -0.9460
vn -0.4387 0.0000 -0.8987
vn -0.5480 0.0000 -0.8364
vn -0.6485 0.0000 -0.7612
vn -0.7392 0.0000 -0.6734
vn -0.8179 0.0000 -0.5754
vn -0.8814 0.0000 -0.4724
vn -0.9292 0.0000 -0.3697
vn -0.9624 0.0000 -0.2715
vn -0.9747 0.0000 -0.2237
vn -0.1745 0.0000 0.9847
vn 0.9822 0.0000 0.1878
vn 0.9733 0.0000 0.2296
vn 0.9481 0.0000 0.3179
vn 0.9097 0.0000 0.4154
vn 0.8544 0.0000 0.5196
vn 0.7798 0.0000 0.6260
vn 0.6886 0.0000 0.7251
vn 0.5866 0.0000 0.8099
vn 0.4743 0.0000 0.8804
vn 0.3534 0.0000 0.9355
vn 0.2304 0.0000 0.9731
vn 0.1115 0.0000 0.9938
vn 0.0005 0.0000 1.0000
vn -0.1099 0.0000 0.9939
vn -0.2285 0.0000 0.9735
vn -0.3531 0.0000 0.9356
vn -0.4771 0.0000 0.8788
vn -0.5936 0.0000 0.8048
vn -0.6962 0.0000 0.7178
vn -0.7858 0.0000 0.6185
vn -0.8636 0.0000 0.5041
vn -0.9258 0.0000 0.3780
vn -0.9689 0.0000 0.2474
vn -0.9928 0.0000 0.1200
vn -1.0000 0.0000 -0.0030
vn -0.9908 0.0000 -0.1356
vn -0.9582 0.0000 -0.2862
vn -0.8951 0.0000 -0.4458
vn -0.8003 0.0000 -0.5997
vn -0.6804 0.0000 -0.7328
vn -0.5610 0.0000 -0.8278
vn -0.4630 0.0000 -0.8864
vn -0.3730 0.0000 -0.9278
vn -0.2791 0.0000 -0.9603
vn -0.1839 0.0000 -0.9829
vn -0.0904 0.0000 -0.9959
vn -0.0149 0.0000 -0.9999
vn 0.0269 0.0000 -0.9996
vn 0.0496 0.0000 -0.9988
vn 0.0686 0.0000 -0.9976
vn 0.0847 0.0000 -0.9964
vn 0.0985 0.0000 -0.9951
vn 0.1049 0.0000 -0.9945
vn -0.9921 0.0000 -0.1254
vn 0.2414 0.0000 0.9704
vn 0.2261 0.0000 0.9741
vn 0.1932 0.0000 0.9812
vn 0.1553 0.0000 0.9879
vn 0.1111 0.0000 0.9938
vn 0.0594 0.0000 0.9982
vn -0.0120 0.0000 0.9999
vn -0.1151 0.0000 0.9934
vn -0.2381 0.0000 0.9712
vn -0.3656 0.0000 0.9308
vn -0.4904 0.0000 0.8715
vn -0.6055 0.0000 0.7958
vn -0.7061 0.0000 0.7081
vn -0.7941 0.0000 0.6078
vn -0.8701 0.0000 0.4928
vn -0.9300 0.0000 0.3677
vn -0.9708 0.0000 0.2397
vn -0.9933 0.0000 0.1159
vn -1.0000 0.0000 -0.0006
vn -0.9930 0.0000 -0.1179
vn -0.9702 0.0000 -0.2425
vn -0.9292 0.0000 -0.3696
vn -0.8703 0.0000 -0.4925
vn -0.7967 0.0000 -0.6043
vn -0.7126 0.0000 -0.7015
vn -0.6165 0.0000 -0.7874
vn -0.5045 0.0000 -0.8634
vn -0.3801 0.0000 -0.9250
vn -0.2500 0.0000 -0.9682
vn -0.1218 0.0000 -0.9926
vn -0.0029 0.0000 -1.0000
vn 0.1098 0.0000 -0.9940
vn 0.2263 0.0000 -0.9741
vn 0.3464 0.0000 -0.9381
vn 0.4645 0.0000 -0.8856
vn 0.5745 0.0000 -0.8185
vn 0.6772 0.0000 -0.7358
vn 0.7715 0.0000 -0.6362
vn 0.8471 0.0000 -0.5315
vn 0.9012 0.0000 -0.4335
vn 0.9385 0.0000 -0.3453
vn 0.9634 0.0000 -0.2680
vn 0.9727 0.0000 -0.2319
vn -0.1256 0.0000 -0.9921
vn 0.9977 0.0000 0.0675
vn -0.9975 0.0000 0.0704
# 764 vertex normals

o TextPlus003
g TextPlus003
usemtl wire_052125065
s 1
f 1//1 2//1 3//1 
f 1//1 3//1 4//1 
s 4
f 4//2 3//2 5//2 
f 4//2 5//2 6//2 
s 2
f 6//3 5//3 7//3 
f 6//3 7//3 8//3 
s 4
f 8//4 7//4 9//4 
f 8//4 9//4 10//4 
s 2
f 10//5 9//5 11//5 
f 10//5 11//5 12//5 
s 4
f 12//1 11//1 13//1 
f 12//1 13//1 14//1 
s 2
f 14//6 13//6 15//6 
f 14//6 15//6 16//6 
s 4
f 16//7 15//7 17//7 
f 16//7 17//7 18//7 
s 2
f 18//8 17//8 19//8 
f 18//8 19//8 20//8 
s 4
f 20//9 19//9 21//9 
f 20//9 21//9 22//9 
s 2
f 22//10 21//10 23//11 
f 22//10 23//11 24//11 
f 24//11 23//11 25//12 
f 24//11 25//12 26//12 
f 26//12 25//12 27//13 
f 26//12 27//13 28//13 
f 28//13 27//13 29//14 
f 28//13 29//14 30//14 
f 30//14 29//14 31//15 
f 30//14 31//15 32//15 
f 32//15 31//15 33//16 
f 32//15 33//16 34//16 
s 4
f 34//17 33//17 35//17 
f 34//17 35//17 36//17 
s 2
f 36//7 35//7 37//7 
f 36//7 37//7 38//7 
s 4
f 38//18 37//18 39//18 
f 38//18 39//18 40//18 
s 2
f 40//19 39//19 41//19 
f 40//19 41//19 42//19 
s 4
f 42//20 41//20 43//20 
f 42//20 43//20 44//20 
s 2
f 44//21 43//21 45//21 
f 44//21 45//21 46//21 
s 4
f 46//7 45//7 47//7 
f 46//7 47//7 48//7 
s 2
f 48//22 47//22 2//22 
f 48//22 2//22 1//22 
s 512
f 14//23 16//23 18//23 
f 14//23 18//23 20//23 
f 14//23 20//23 22//23 
f 12//23 14//23 22//23 
f 10//23 12//23 22//23 
f 10//23 22//23 24//23 
f 10//23 24//23 26//23 
f 10//23 26//23 28//23 
f 10//23 28//23 30//23 
f 10//23 30//23 32//23 
f 10//23 32//23 34//23 
f 10//23 34//23 36//23 
f 8//23 10//23 36//23 
f 8//23 36//23 38//23 
f 8//23 38//23 40//23 
f 6//23 8//23 40//23 
f 4//23 6//23 40//23 
f 4//23 40//23 42//23 
f 1//23 4//23 42//23 
f 48//23 1//23 42//23 
f 48//23 42//23 44//23 
f 48//23 44//23 46//23 
f 13//24 17//24 15//24 
f 13//24 19//24 17//24 
f 13//24 21//24 19//24 
f 11//24 21//24 13//24 
f 9//24 21//24 11//24 
f 9//24 23//24 21//24 
f 9//24 25//24 23//24 
f 9//24 27//24 25//24 
f 9//24 29//24 27//24 
f 9//24 31//24 29//24 
f 9//24 33//24 31//24 
f 9//24 35//24 33//24 
f 7//24 35//24 9//24 
f 7//24 37//24 35//24 
f 7//24 39//24 37//24 
f 5//24 39//24 7//24 
f 3//24 39//24 5//24 
f 3//24 41//24 39//24 
f 2//24 41//24 3//24 
f 47//24 41//24 2//24 
f 47//24 43//24 41//24 
f 47//24 45//24 43//24 
s 1
f 49//1 50//1 51//1 
f 49//1 51//1 52//1 
s 4
f 52//25 51//25 53//25 
f 52//25 53//25 54//25 
s 2
f 54//7 53//7 55//7 
f 54//7 55//7 56//7 
s 4
f 56//26 55//26 50//26 
f 56//26 50//26 49//26 
s 1
f 57//1 58//1 59//1 
f 57//1 59//1 60//1 
s 4
f 60//25 59//25 61//25 
f 60//25 61//25 62//25 
s 2
f 62//7 61//7 63//7 
f 62//7 63//7 64//7 
s 4
f 64//26 63//26 58//26 
f 64//26 58//26 57//26 
s 512
f 54//23 56//23 49//23 
f 52//23 54//23 49//23 
f 62//23 64//23 57//23 
f 60//23 62//23 57//23 
f 53//24 50//24 55//24 
f 51//24 50//24 53//24 
f 61//24 58//24 63//24 
f 59//24 58//24 61//24 
s 1
f 65//1 66//1 67//1 
f 65//1 67//1 68//1 
s 4
f 68//25 67//25 69//25 
f 68//25 69//25 70//25 
s 2
f 70//27 69//27 71//28 
f 70//27 71//28 72//28 
f 72//28 71//28 73//29 
f 72//28 73//29 74//29 
f 74//29 73//29 75//30 
f 74//29 75//30 76//30 
f 76//30 75//30 77//31 
f 76//30 77//31 78//31 
f 78//31 77//31 79//32 
f 78//31 79//32 80//32 
f 80//32 79//32 81//33 
f 80//32 81//33 82//33 
f 82//33 81//33 83//34 
f 82//33 83//34 84//34 
f 84//34 83//34 85//35 
f 84//34 85//35 86//35 
f 86//35 85//35 87//36 
f 86//35 87//36 88//36 
f 88//36 87//36 89//37 
f 88//36 89//37 90//37 
f 90//37 89//37 91//38 
f 90//37 91//38 92//38 
f 92//38 91//38 93//39 
f 92//38 93//39 94//39 
f 94//39 93//39 95//40 
f 94//39 95//40 96//40 
f 96//40 95//40 97//41 
f 96//40 97//41 98//41 
f 98//41 97//41 99//42 
f 98//41 99//42 100//42 
f 100//42 99//42 101//43 
f 100//42 101//43 102//43 
f 102//43 101//43 103//44 
f 102//43 103//44 104//44 
f 104//44 103//44 105//45 
f 104//44 105//45 106//45 
f 106//45 105//45 107//46 
f 106//45 107//46 108//46 
f 108//46 107//46 109//47 
f 108//46 109//47 110//47 
f 110//47 109//47 111//48 
f 110//47 111//48 112//48 
f 112//48 111//48 113//49 
f 112//48 113//49 114//49 
f 114//49 113//49 115//50 
f 114//49 115//50 116//50 
f 116//50 115//50 117//51 
f 116//50 117//51 118//51 
f 118//51 117//51 119//52 
f 118//51 119//52 120//52 
f 120//52 119//52 121//53 
f 120//52 121//53 122//53 
f 122//53 121//53 123//54 
f 122//53 123//54 124//54 
f 124//54 123//54 125//55 
f 124//54 125//55 126//55 
f 126//55 125//55 127//56 
f 126//55 127//56 128//56 
f 128//56 127//56 129//57 
f 128//56 129//57 130//57 
s 4
f 130//26 129//26 131//26 
f 130//26 131//26 132//26 
s 2
f 132//1 131//1 133//1 
f 132//1 133//1 134//1 
s 4
f 134//25 133//25 135//25 
f 134//25 135//25 136//25 
s 2
f 136//58 135//58 137//59 
f 136//58 137//59 138//59 
f 138//59 137//59 139//60 
f 138//59 139//60 140//60 
f 140//60 139//60 141//61 
f 140//60 141//61 142//61 
f 142//61 141//61 143//62 
f 142//61 143//62 144//62 
f 144//62 143//62 145//63 
f 144//62 145//63 146//63 
f 146//63 145//63 147//64 
f 146//63 147//64 148//64 
s 4
f 148//65 147//65 149//66 
f 148//65 149//66 150//66 
f 150//66 149//66 151//67 
f 150//66 151//67 152//67 
f 152//67 151//67 153//68 
f 152//67 153//68 154//68 
f 154//68 153//68 155//69 
f 154//68 155//69 156//69 
f 156//69 155//69 157//70 
f 156//69 157//70 158//70 
f 158//70 157//70 159//71 
f 158//70 159//71 160//71 
f 160//71 159//71 161//72 
f 160//71 161//72 162//72 
f 162//72 161//72 163//73 
f 162//72 163//73 164//73 
f 164//73 163//73 165//74 
f 164//73 165//74 166//74 
f 166//74 165//74 167//75 
f 166//74 167//75 168//75 
f 168//75 167//75 169//76 
f 168//75 169//76 170//76 
f 170//76 169//76 171//77 
f 170//76 171//77 172//77 
f 172//77 171//77 173//78 
f 172//77 173//78 174//78 
f 174//78 173//78 175//79 
f 174//78 175//79 176//79 
f 176//79 175//79 177//80 
f 176//79 177//80 178//80 
f 178//80 177//80 179//81 
f 178//80 179//81 180//81 
f 180//81 179//81 181//82 
f 180//81 181//82 182//82 
f 182//82 181//82 183//83 
f 182//82 183//83 184//83 
f 184//83 183//83 185//84 
f 184//83 185//84 186//84 
f 186//84 185//84 187//85 
f 186//84 187//85 188//85 
f 188//85 187//85 189//86 
f 188//85 189//86 190//86 
f 190//86 189//86 191//87 
f 190//86 191//87 192//87 
f 192//87 191//87 193//88 
f 192//87 193//88 194//88 
f 194//88 193//88 195//89 
f 194//88 195//89 196//89 
s 2
f 196//25 195//25 197//25 
f 196//25 197//25 198//25 
s 4
f 198//7 197//7 199//7 
f 198//7 199//7 200//7 
s 2
f 200//26 199//26 66//26 
f 200//26 66//26 65//26 
s 512
f 198//23 200//23 65//23 
f 196//23 198//23 65//23 
f 196//23 65//23 68//23 
f 196//23 68//23 70//23 
f 196//23 70//23 72//23 
f 196//23 72//23 74//23 
f 196//23 74//23 76//23 
f 196//23 76//23 78//23 
f 196//23 78//23 80//23 
f 196//23 80//23 82//23 
f 194//23 196//23 82//23 
f 194//23 82//23 84//23 
f 192//23 194//23 84//23 
f 192//23 84//23 86//23 
f 190//23 192//23 86//23 
f 190//23 86//23 88//23 
f 132//23 134//23 136//23 
f 130//23 132//23 136//23 
f 128//23 130//23 136//23 
f 128//23 136//23 138//23 
f 126//23 128//23 138//23 
f 126//23 138//23 140//23 
f 124//23 126//23 140//23 
f 124//23 140//23 142//23 
f 124//23 142//23 144//23 
f 122//23 124//23 144//23 
f 122//23 144//23 146//23 
f 120//23 122//23 146//23 
f 120//23 146//23 148//23 
f 120//23 148//23 150//23 
f 118//23 120//23 150//23 
f 118//23 150//23 152//23 
f 118//23 152//23 154//23 
f 116//23 118//23 154//23 
f 116//23 154//23 156//23 
f 116//23 156//23 158//23 
f 114//23 116//23 158//23 
f 114//23 158//23 160//23 
f 114//23 160//23 162//23 
f 112//23 114//23 162//23 
f 112//23 162//23 164//23 
f 112//23 164//23 166//23 
f 110//23 112//23 166//23 
f 110//23 166//23 168//23 
f 110//23 168//23 170//23 
f 108//23 110//23 170//23 
f 108//23 170//23 172//23 
f 106//23 108//23 172//23 
f 106//23 172//23 174//23 
f 104//23 106//23 174//23 
f 104//23 174//23 176//23 
f 102//23 104//23 176//23 
f 102//23 176//23 178//23 
f 102//23 178//23 180//23 
f 100//23 102//23 180//23 
f 100//23 180//23 182//23 
f 98//23 100//23 182//23 
f 98//23 182//23 184//23 
f 96//23 98//23 184//23 
f 96//23 184//23 186//23 
f 94//23 96//23 186//23 
f 92//23 94//23 186//23 
f 92//23 186//23 188//23 
f 90//23 92//23 188//23 
f 90//23 188//23 190//23 
f 90//23 190//23 88//23 
f 197//24 66//24 199//24 
f 195//24 66//24 197//24 
f 195//24 67//24 66//24 
f 195//24 69//24 67//24 
f 195//24 71//24 69//24 
f 195//24 73//24 71//24 
f 195//24 75//24 73//24 
f 195//24 77//24 75//24 
f 195//24 79//24 77//24 
f 195//24 81//24 79//24 
f 193//24 81//24 195//24 
f 193//24 83//24 81//24 
f 191//24 83//24 193//24 
f 191//24 85//24 83//24 
f 189//24 85//24 191//24 
f 189//24 87//24 85//24 
f 131//24 135//24 133//24 
f 129//24 135//24 131//24 
f 127//24 135//24 129//24 
f 127//24 137//24 135//24 
f 125//24 137//24 127//24 
f 125//24 139//24 137//24 
f 123//24 139//24 125//24 
f 123//24 141//24 139//24 
f 123//24 143//24 141//24 
f 121//24 143//24 123//24 
f 121//24 145//24 143//24 
f 119//24 145//24 121//24 
f 119//24 147//24 145//24 
f 119//24 149//24 147//24 
f 117//24 149//24 119//24 
f 117//24 151//24 149//24 
f 117//24 153//24 151//24 
f 115//24 153//24 117//24 
f 115//24 155//24 153//24 
f 115//24 157//24 155//24 
f 113//24 157//24 115//24 
f 113//24 159//24 157//24 
f 113//24 161//24 159//24 
f 111//24 161//24 113//24 
f 111//24 163//24 161//24 
f 111//24 165//24 163//24 
f 109//24 165//24 111//24 
f 109//24 167//24 165//24 
f 109//24 169//24 167//24 
f 107//24 169//24 109//24 
f 107//24 171//24 169//24 
f 105//24 171//24 107//24 
f 105//24 173//24 171//24 
f 103//24 173//24 105//24 
f 103//24 175//24 173//24 
f 101//24 175//24 103//24 
f 101//24 177//24 175//24 
f 101//24 179//24 177//24 
f 99//24 179//24 101//24 
f 99//24 181//24 179//24 
f 97//24 181//24 99//24 
f 97//24 183//24 181//24 
f 95//24 183//24 97//24 
f 95//24 185//24 183//24 
f 93//24 185//24 95//24 
f 91//24 185//24 93//24 
f 91//24 187//24 185//24 
f 89//24 187//24 91//24 
f 89//24 189//24 187//24 
f 89//24 87//24 189//24 
s 1
f 201//1 202//1 203//1 
f 201//1 203//1 204//1 
s 4
f 204//25 203//25 205//25 
f 204//25 205//25 206//25 
s 2
f 206//27 205//27 207//28 
f 206//27 207//28 208//28 
f 208//28 207//28 209//29 
f 208//28 209//29 210//29 
f 210//29 209//29 211//30 
f 210//29 211//30 212//30 
f 212//30 211//30 213//31 
f 212//30 213//31 214//31 
f 214//31 213//31 215//32 
f 214//31 215//32 216//32 
f 216//32 215//32 217//33 
f 216//32 217//33 218//33 
f 218//33 217//33 219//34 
f 218//33 219//34 220//34 
f 220//34 219//34 221//90 
f 220//34 221//90 222//90 
f 222//90 221//90 223//36 
f 222//90 223//36 224//36 
f 224//36 223//36 225//37 
f 224//36 225//37 226//37 
f 226//37 225//37 227//38 
f 226//37 227//38 228//38 
f 228//38 227//38 229//39 
f 228//38 229//39 230//39 
f 230//39 229//39 231//40 
f 230//39 231//40 232//40 
f 232//40 231//40 233//41 
f 232//40 233//41 234//41 
f 234//41 233//41 235//42 
f 234//41 235//42 236//42 
f 236//42 235//42 237//43 
f 236//42 237//43 238//43 
f 238//43 237//43 239//44 
f 238//43 239//44 240//44 
f 240//44 239//44 241//45 
f 240//44 241//45 242//45 
f 242//45 241//45 243//46 
f 242//45 243//46 244//46 
f 244//46 243//46 245//91 
f 244//46 245//91 246//91 
f 246//91 245//91 247//48 
f 246//91 247//48 248//48 
f 248//48 247//48 249//49 
f 248//48 249//49 250//49 
f 250//49 249//49 251//50 
f 250//49 251//50 252//50 
f 252//50 251//50 253//92 
f 252//50 253//92 254//92 
f 254//92 253//92 255//52 
f 254//92 255//52 256//52 
f 256//52 255//52 257//53 
f 256//52 257//53 258//53 
f 258//53 257//53 259//54 
f 258//53 259//54 260//54 
f 260//54 259//54 261//55 
f 260//54 261//55 262//55 
f 262//55 261//55 263//56 
f 262//55 263//56 264//56 
f 264//56 263//56 265//57 
f 264//56 265//57 266//57 
s 4
f 266//26 265//26 267//26 
f 266//26 267//26 268//26 
s 2
f 268//1 267//1 269//1 
f 268//1 269//1 270//1 
s 4
f 270//25 269//25 271//25 
f 270//25 271//25 272//25 
s 2
f 272//58 271//58 273//59 
f 272//58 273//59 274//59 
f 274//59 273//59 275//93 
f 274//59 275//93 276//93 
f 276//93 275//93 277//61 
f 276//93 277//61 278//61 
f 278//61 277//61 279//62 
f 278//61 279//62 280//62 
f 280//62 279//62 281//94 
f 280//62 281//94 282//94 
f 282//94 281//94 283//64 
f 282//94 283//64 284//64 
s 4
f 284//65 283//65 285//66 
f 284//65 285//66 286//66 
f 286//66 285//66 287//67 
f 286//66 287//67 288//67 
f 288//67 287//67 289//68 
f 288//67 289//68 290//68 
f 290//68 289//68 291//69 
f 290//68 291//69 292//69 
f 292//69 291//69 293//70 
f 292//69 293//70 294//70 
f 294//70 293//70 295//71 
f 294//70 295//71 296//71 
f 296//71 295//71 297//72 
f 296//71 297//72 298//72 
f 298//72 297//72 299//73 
f 298//72 299//73 300//73 
f 300//73 299//73 301//74 
f 300//73 301//74 302//74 
f 302//74 301//74 303//75 
f 302//74 303//75 304//75 
f 304//75 303//75 305//76 
f 304//75 305//76 306//76 
f 306//76 305//76 307//77 
f 306//76 307//77 308//77 
f 308//77 307//77 309//78 
f 308//77 309//78 310//78 
f 310//78 309//78 311//79 
f 310//78 311//79 312//79 
f 312//79 311//79 313//80 
f 312//79 313//80 314//80 
f 314//80 313//80 315//81 
f 314//80 315//81 316//81 
f 316//81 315//81 317//82 
f 316//81 317//82 318//82 
f 318//82 317//82 319//83 
f 318//82 319//83 320//83 
f 320//83 319//83 321//84 
f 320//83 321//84 322//84 
f 322//84 321//84 323//85 
f 322//84 323//85 324//85 
f 324//85 323//85 325//86 
f 324//85 325//86 326//86 
f 326//86 325//86 327//87 
f 326//86 327//87 328//87 
f 328//87 327//87 329//88 
f 328//87 329//88 330//88 
f 330//88 329//88 331//89 
f 330//88 331//89 332//89 
s 2
f 332//25 331//25 333//25 
f 332//25 333//25 334//25 
s 4
f 334//7 333//7 335//7 
f 334//7 335//7 336//7 
s 2
f 336//26 335//26 202//26 
f 336//26 202//26 201//26 
s 512
f 334//23 336//23 201//23 
f 332//23 334//23 201//23 
f 332//23 201//23 204//23 
f 332//23 204//23 206//23 
f 332//23 206//23 208//23 
f 332//23 208//23 210//23 
f 332//23 210//23 212//23 
f 332//23 212//23 214//23 
f 332//23 214//23 216//23 
f 332//23 216//23 218//23 
f 330//23 332//23 218//23 
f 330//23 218//23 220//23 
f 328//23 330//23 220//23 
f 328//23 220//23 222//23 
f 326//23 328//23 222//23 
f 326//23 222//23 224//23 
f 268//23 270//23 272//23 
f 266//23 268//23 272//23 
f 264//23 266//23 272//23 
f 264//23 272//23 274//23 
f 262//23 264//23 274//23 
f 262//23 274//23 276//23 
f 260//23 262//23 276//23 
f 260//23 276//23 278//23 
f 260//23 278//23 280//23 
f 258//23 260//23 280//23 
f 258//23 280//23 282//23 
f 256//23 258//23 282//23 
f 256//23 282//23 284//23 
f 256//23 284//23 286//23 
f 254//23 256//23 286//23 
f 254//23 286//23 288//23 
f 254//23 288//23 290//23 
f 252//23 254//23 290//23 
f 252//23 290//23 292//23 
f 252//23 292//23 294//23 
f 250//23 252//23 294//23 
f 250//23 294//23 296//23 
f 250//23 296//23 298//23 
f 248//23 250//23 298//23 
f 248//23 298//23 300//23 
f 248//23 300//23 302//23 
f 246//23 248//23 302//23 
f 246//23 302//23 304//23 
f 246//23 304//23 306//23 
f 244//23 246//23 306//23 
f 244//23 306//23 308//23 
f 242//23 244//23 308//23 
f 242//23 308//23 310//23 
f 240//23 242//23 310//23 
f 240//23 310//23 312//23 
f 238//23 240//23 312//23 
f 238//23 312//23 314//23 
f 238//23 314//23 316//23 
f 236//23 238//23 316//23 
f 236//23 316//23 318//23 
f 234//23 236//23 318//23 
f 234//23 318//23 320//23 
f 232//23 234//23 320//23 
f 232//23 320//23 322//23 
f 230//23 232//23 322//23 
f 228//23 230//23 322//23 
f 228//23 322//23 324//23 
f 226//23 228//23 324//23 
f 226//23 324//23 326//23 
f 226//23 326//23 224//23 
f 333//24 202//24 335//24 
f 331//24 202//24 333//24 
f 331//24 203//24 202//24 
f 331//24 205//24 203//24 
f 331//24 207//24 205//24 
f 331//24 209//24 207//24 
f 331//24 211//24 209//24 
f 331//24 213//24 211//24 
f 331//24 215//24 213//24 
f 331//24 217//24 215//24 
f 329//24 217//24 331//24 
f 329//24 219//24 217//24 
f 327//24 219//24 329//24 
f 327//24 221//24 219//24 
f 325//24 221//24 327//24 
f 325//24 223//24 221//24 
f 267//24 271//24 269//24 
f 265//24 271//24 267//24 
f 263//24 271//24 265//24 
f 263//24 273//24 271//24 
f 261//24 273//24 263//24 
f 261//24 275//24 273//24 
f 259//24 275//24 261//24 
f 259//24 277//24 275//24 
f 259//24 279//24 277//24 
f 257//24 279//24 259//24 
f 257//24 281//24 279//24 
f 255//24 281//24 257//24 
f 255//24 283//24 281//24 
f 255//24 285//24 283//24 
f 253//24 285//24 255//24 
f 253//24 287//24 285//24 
f 253//24 289//24 287//24 
f 251//24 289//24 253//24 
f 251//24 291//24 289//24 
f 251//24 293//24 291//24 
f 249//24 293//24 251//24 
f 249//24 295//24 293//24 
f 249//24 297//24 295//24 
f 247//24 297//24 249//24 
f 247//24 299//24 297//24 
f 247//24 301//24 299//24 
f 245//24 301//24 247//24 
f 245//24 303//24 301//24 
f 245//24 305//24 303//24 
f 243//24 305//24 245//24 
f 243//24 307//24 305//24 
f 241//24 307//24 243//24 
f 241//24 309//24 307//24 
f 239//24 309//24 241//24 
f 239//24 311//24 309//24 
f 237//24 311//24 239//24 
f 237//24 313//24 311//24 
f 237//24 315//24 313//24 
f 235//24 315//24 237//24 
f 235//24 317//24 315//24 
f 233//24 317//24 235//24 
f 233//24 319//24 317//24 
f 231//24 319//24 233//24 
f 231//24 321//24 319//24 
f 229//24 321//24 231//24 
f 227//24 321//24 229//24 
f 227//24 323//24 321//24 
f 225//24 323//24 227//24 
f 225//24 325//24 323//24 
f 225//24 223//24 325//24 
s 1
f 337//95 338//95 339//96 
f 337//95 339//96 340//96 
s 3
f 340//96 339//96 341//97 
f 340//96 341//97 342//97 
s 2
f 342//97 341//97 343//98 
f 342//97 343//98 344//98 
f 344//98 343//98 345//99 
f 344//98 345//99 346//99 
f 346//99 345//99 347//100 
f 346//99 347//100 348//100 
f 348//100 347//100 349//101 
f 348//100 349//101 350//101 
f 350//101 349//101 351//102 
f 350//101 351//102 352//102 
f 352//102 351//102 353//103 
f 352//102 353//103 354//103 
f 354//103 353//103 355//104 
f 354//103 355//104 356//104 
f 356//104 355//104 357//105 
f 356//104 357//105 358//105 
f 358//105 357//105 359//106 
f 358//105 359//106 360//106 
f 360//106 359//106 361//107 
f 360//106 361//107 362//107 
f 362//107 361//107 363//108 
f 362//107 363//108 364//108 
f 364//108 363//108 365//109 
f 364//108 365//109 366//109 
f 366//109 365//109 367//110 
f 366//109 367//110 368//110 
f 368//110 367//110 369//111 
f 368//110 369//111 370//111 
f 370//111 369//111 371//112 
f 370//111 371//112 372//112 
f 372//112 371//112 373//113 
f 372//112 373//113 374//113 
f 374//113 373//113 375//114 
f 374//113 375//114 376//114 
f 376//114 375//114 377//115 
f 376//114 377//115 378//115 
f 378//115 377//115 379//116 
f 378//115 379//116 380//116 
f 380//116 379//116 381//117 
f 380//116 381//117 382//117 
f 382//117 381//117 383//118 
f 382//117 383//118 384//118 
f 384//118 383//118 385//119 
f 384//118 385//119 386//119 
s 4
f 386//1 385//1 387//1 
f 386//1 387//1 388//1 
s 2
f 388//120 387//120 389//121 
f 388//120 389//121 390//121 
f 390//121 389//121 391//122 
f 390//121 391//122 392//122 
f 392//122 391//122 393//123 
f 392//122 393//123 394//123 
f 394//123 393//123 395//124 
f 394//123 395//124 396//124 
f 396//124 395//124 397//125 
f 396//124 397//125 398//125 
f 398//125 397//125 399//126 
f 398//125 399//126 400//126 
f 400//126 399//126 401//127 
f 400//126 401//127 402//127 
f 402//127 401//127 403//128 
f 402//127 403//128 404//128 
f 404//128 403//128 405//129 
f 404//128 405//129 406//129 
f 406//129 405//129 407//130 
f 406//129 407//130 408//130 
f 408//130 407//130 409//131 
f 408//130 409//131 410//131 
f 410//131 409//131 411//132 
f 410//131 411//132 412//132 
f 412//132 411//132 413//133 
f 412//132 413//133 414//133 
f 414//133 413//133 415//134 
f 414//133 415//134 416//134 
f 416//134 415//134 417//135 
f 416//134 417//135 418//135 
f 418//135 417//135 419//136 
f 418//135 419//136 420//136 
f 420//136 419//136 421//137 
f 420//136 421//137 422//137 
f 422//137 421//137 423//138 
f 422//137 423//138 424//138 
f 424//138 423//138 425//139 
f 424//138 425//139 426//139 
f 426//139 425//139 427//140 
f 426//139 427//140 428//140 
f 428//140 427//140 429//141 
f 428//140 429//141 430//141 
f 430//141 429//141 431//142 
f 430//141 431//142 432//142 
f 432//142 431//142 433//143 
f 432//142 433//143 434//143 
f 434//143 433//143 435//144 
f 434//143 435//144 436//144 
f 436//144 435//144 437//145 
f 436//144 437//145 438//145 
f 438//145 437//145 439//146 
f 438//145 439//146 440//146 
f 440//146 439//146 441//147 
f 440//146 441//147 442//147 
f 442//147 441//147 443//148 
f 442//147 443//148 444//148 
f 444//148 443//148 445//149 
f 444//148 445//149 446//149 
f 446//149 445//149 447//150 
f 446//149 447//150 448//150 
f 448//150 447//150 449//151 
f 448//150 449//151 450//151 
f 450//151 449//151 451//152 
f 450//151 451//152 452//152 
f 452//152 451//152 453//153 
f 452//152 453//153 454//153 
f 454//153 453//153 455//154 
f 454//153 455//154 456//154 
f 456//154 455//154 457//155 
f 456//154 457//155 458//155 
f 458//155 457//155 459//156 
f 458//155 459//156 460//156 
f 460//156 459//156 461//157 
f 460//156 461//157 462//157 
f 462//157 461//157 463//158 
f 462//157 463//158 464//158 
f 464//158 463//158 465//159 
f 464//158 465//159 466//159 
f 466//159 465//159 467//160 
f 466//159 467//160 468//160 
f 468//160 467//160 469//161 
f 468//160 469//161 470//161 
f 470//161 469//161 471//162 
f 470//161 471//162 472//162 
f 472//162 471//162 473//163 
f 472//162 473//163 474//163 
f 474//163 473//163 475//164 
f 474//163 475//164 476//164 
f 476//164 475//164 477//165 
f 476//164 477//165 478//165 
f 478//165 477//165 479//166 
f 478//165 479//166 480//166 
f 480//166 479//166 481//167 
f 480//166 481//167 482//167 
f 482//167 481//167 483//168 
f 482//167 483//168 484//168 
f 484//168 483//168 485//169 
f 484//168 485//169 486//169 
s 4
f 486//170 485//170 338//170 
f 486//170 338//170 337//170 
s 1
f 487//171 488//171 489//172 
f 487//171 489//172 490//172 
s 3
f 490//172 489//172 491//173 
f 490//172 491//173 492//173 
s 2
f 492//173 491//173 493//174 
f 492//173 493//174 494//174 
f 494//174 493//174 495//175 
f 494//174 495//175 496//175 
f 496//175 495//175 497//176 
f 496//175 497//176 498//176 
f 498//176 497//176 499//177 
f 498//176 499//177 500//177 
f 500//177 499//177 501//178 
f 500//177 501//178 502//178 
f 502//178 501//178 503//179 
f 502//178 503//179 504//179 
f 504//179 503//179 505//180 
f 504//179 505//180 506//180 
f 506//180 505//180 507//181 
f 506//180 507//181 508//181 
f 508//181 507//181 509//182 
f 508//181 509//182 510//182 
f 510//182 509//182 511//183 
f 510//182 511//183 512//183 
f 512//183 511//183 513//184 
f 512//183 513//184 514//184 
f 514//184 513//184 515//185 
f 514//184 515//185 516//185 
f 516//185 515//185 517//186 
f 516//185 517//186 518//186 
f 518//186 517//186 519//187 
f 518//186 519//187 520//187 
f 520//187 519//187 521//188 
f 520//187 521//188 522//188 
f 522//188 521//188 523//189 
f 522//188 523//189 524//189 
f 524//189 523//189 525//190 
f 524//189 525//190 526//190 
f 526//190 525//190 527//191 
f 526//190 527//191 528//191 
f 528//191 527//191 529//192 
f 528//191 529//192 530//192 
f 530//192 529//192 531//193 
f 530//192 531//193 532//193 
f 532//193 531//193 533//194 
f 532//193 533//194 534//194 
f 534//194 533//194 535//195 
f 534//194 535//195 536//195 
s 4
f 536//7 535//7 488//7 
f 536//7 488//7 487//7 
s 512
f 484//23 486//23 337//23 
f 487//23 386//23 388//23 
f 536//23 487//23 388//23 
f 536//23 388//23 390//23 
f 536//23 390//23 392//23 
f 536//23 392//23 394//23 
f 534//23 536//23 394//23 
f 534//23 394//23 396//23 
f 532//23 534//23 396//23 
f 532//23 396//23 398//23 
f 530//23 532//23 398//23 
f 528//23 530//23 398//23 
f 528//23 398//23 400//23 
f 526//23 528//23 400//23 
f 526//23 400//23 402//23 
f 524//23 526//23 402//23 
f 524//23 402//23 404//23 
f 522//23 524//23 404//23 
f 522//23 404//23 406//23 
f 520//23 522//23 406//23 
f 520//23 406//23 408//23 
f 518//23 520//23 408//23 
f 518//23 408//23 410//23 
f 516//23 518//23 410//23 
f 516//23 410//23 412//23 
f 514//23 516//23 412//23 
f 514//23 412//23 414//23 
f 512//23 514//23 414//23 
f 512//23 414//23 416//23 
f 510//23 512//23 416//23 
f 484//23 337//23 340//23 
f 482//23 484//23 340//23 
f 508//23 510//23 416//23 
f 508//23 416//23 418//23 
f 506//23 508//23 418//23 
f 506//23 418//23 420//23 
f 504//23 506//23 420//23 
f 504//23 420//23 422//23 
f 502//23 504//23 422//23 
f 502//23 422//23 424//23 
f 500//23 502//23 424//23 
f 500//23 424//23 426//23 
f 498//23 500//23 426//23 
f 498//23 426//23 428//23 
f 496//23 498//23 428//23 
f 496//23 428//23 430//23 
f 494//23 496//23 430//23 
f 482//23 340//23 342//23 
f 480//23 482//23 342//23 
f 478//23 480//23 342//23 
f 478//23 342//23 344//23 
f 476//23 478//23 344//23 
f 476//23 344//23 346//23 
f 474//23 476//23 346//23 
f 474//23 346//23 348//23 
f 472//23 474//23 348//23 
f 472//23 348//23 350//23 
f 470//23 472//23 350//23 
f 470//23 350//23 352//23 
f 468//23 470//23 352//23 
f 468//23 352//23 354//23 
f 466//23 468//23 354//23 
f 466//23 354//23 356//23 
f 466//23 356//23 358//23 
f 464//23 466//23 358//23 
f 464//23 358//23 360//23 
f 462//23 464//23 360//23 
f 462//23 360//23 362//23 
f 460//23 462//23 362//23 
f 460//23 362//23 364//23 
f 460//23 364//23 366//23 
f 458//23 460//23 366//23 
f 458//23 366//23 368//23 
f 456//23 458//23 368//23 
f 456//23 368//23 370//23 
f 454//23 456//23 370//23 
f 454//23 370//23 372//23 
f 452//23 454//23 372//23 
f 452//23 372//23 374//23 
f 450//23 452//23 374//23 
f 450//23 374//23 376//23 
f 448//23 450//23 376//23 
f 448//23 376//23 378//23 
f 446//23 448//23 378//23 
f 446//23 378//23 380//23 
f 444//23 446//23 380//23 
f 444//23 380//23 382//23 
f 442//23 444//23 382//23 
f 442//23 382//23 384//23 
f 440//23 442//23 384//23 
f 440//23 384//23 386//23 
f 438//23 440//23 386//23 
f 438//23 386//23 487//23 
f 436//23 438//23 487//23 
f 434//23 436//23 487//23 
f 434//23 487//23 490//23 
f 432//23 434//23 490//23 
f 432//23 490//23 492//23 
f 430//23 432//23 492//23 
f 494//23 430//23 492//23 
f 483//24 338//24 485//24 
f 488//24 387//24 385//24 
f 535//24 387//24 488//24 
f 535//24 389//24 387//24 
f 535//24 391//24 389//24 
f 535//24 393//24 391//24 
f 533//24 393//24 535//24 
f 533//24 395//24 393//24 
f 531//24 395//24 533//24 
f 531//24 397//24 395//24 
f 529//24 397//24 531//24 
f 527//24 397//24 529//24 
f 527//24 399//24 397//24 
f 525//24 399//24 527//24 
f 525//24 401//24 399//24 
f 523//24 401//24 525//24 
f 523//24 403//24 401//24 
f 521//24 403//24 523//24 
f 521//24 405//24 403//24 
f 519//24 405//24 521//24 
f 519//24 407//24 405//24 
f 517//24 407//24 519//24 
f 517//24 409//24 407//24 
f 515//24 409//24 517//24 
f 515//24 411//24 409//24 
f 513//24 411//24 515//24 
f 513//24 413//24 411//24 
f 511//24 413//24 513//24 
f 511//24 415//24 413//24 
f 509//24 415//24 511//24 
f 483//24 339//24 338//24 
f 481//24 339//24 483//24 
f 507//24 415//24 509//24 
f 507//24 417//24 415//24 
f 505//24 417//24 507//24 
f 505//24 419//24 417//24 
f 503//24 419//24 505//24 
f 503//24 421//24 419//24 
f 501//24 421//24 503//24 
f 501//24 423//24 421//24 
f 499//24 423//24 501//24 
f 499//24 425//24 423//24 
f 497//24 425//24 499//24 
f 497//24 427//24 425//24 
f 495//24 427//24 497//24 
f 495//24 429//24 427//24 
f 493//24 429//24 495//24 
f 481//24 341//24 339//24 
f 479//24 341//24 481//24 
f 477//24 341//24 479//24 
f 477//24 343//24 341//24 
f 475//24 343//24 477//24 
f 475//24 345//24 343//24 
f 473//24 345//24 475//24 
f 473//24 347//24 345//24 
f 471//24 347//24 473//24 
f 471//24 349//24 347//24 
f 469//24 349//24 471//24 
f 469//24 351//24 349//24 
f 467//24 351//24 469//24 
f 467//24 353//24 351//24 
f 465//24 353//24 467//24 
f 465//24 355//24 353//24 
f 465//24 357//24 355//24 
f 463//24 357//24 465//24 
f 463//24 359//24 357//24 
f 461//24 359//24 463//24 
f 461//24 361//24 359//24 
f 459//24 361//24 461//24 
f 459//24 363//24 361//24 
f 459//24 365//24 363//24 
f 457//24 365//24 459//24 
f 457//24 367//24 365//24 
f 455//24 367//24 457//24 
f 455//24 369//24 367//24 
f 453//24 369//24 455//24 
f 453//24 371//24 369//24 
f 451//24 371//24 453//24 
f 451//24 373//24 371//24 
f 449//24 373//24 451//24 
f 449//24 375//24 373//24 
f 447//24 375//24 449//24 
f 447//24 377//24 375//24 
f 445//24 377//24 447//24 
f 445//24 379//24 377//24 
f 443//24 379//24 445//24 
f 443//24 381//24 379//24 
f 441//24 381//24 443//24 
f 441//24 383//24 381//24 
f 439//24 383//24 441//24 
f 439//24 385//24 383//24 
f 437//24 385//24 439//24 
f 437//24 488//24 385//24 
f 435//24 488//24 437//24 
f 433//24 488//24 435//24 
f 433//24 489//24 488//24 
f 431//24 489//24 433//24 
f 431//24 491//24 489//24 
f 429//24 491//24 431//24 
f 493//24 491//24 429//24 
s 1
f 537//1 538//1 539//1 
f 537//1 539//1 540//1 
s 4
f 540//25 539//25 541//25 
f 540//25 541//25 542//25 
s 2
f 542//196 541//196 543//197 
f 542//196 543//197 544//197 
f 544//197 543//197 545//198 
f 544//197 545//198 546//198 
f 546//198 545//198 547//199 
f 546//198 547//199 548//199 
f 548//199 547//199 549//200 
f 548//199 549//200 550//200 
f 550//200 549//200 551//201 
f 550//200 551//201 552//201 
f 552//201 551//201 553//202 
f 552//201 553//202 554//202 
f 554//202 553//202 555//203 
f 554//202 555//203 556//203 
f 556//203 555//203 557//204 
f 556//203 557//204 558//204 
f 558//204 557//204 559//205 
f 558//204 559//205 560//205 
f 560//205 559//205 561//206 
f 560//205 561//206 562//206 
f 562//206 561//206 563//207 
f 562//206 563//207 564//207 
f 564//207 563//207 565//208 
f 564//207 565//208 566//208 
f 566//208 565//208 567//209 
f 566//208 567//209 568//209 
f 568//209 567//209 569//210 
f 568//209 569//210 570//210 
f 570//210 569//210 571//211 
f 570//210 571//211 572//211 
f 572//211 571//211 573//212 
f 572//211 573//212 574//212 
f 574//212 573//212 575//213 
f 574//212 575//213 576//213 
f 576//213 575//213 577//214 
f 576//213 577//214 578//214 
f 578//214 577//214 579//215 
f 578//214 579//215 580//215 
f 580//215 579//215 581//216 
f 580//215 581//216 582//216 
f 582//216 581//216 583//217 
f 582//216 583//217 584//217 
f 584//217 583//217 585//218 
f 584//217 585//218 586//218 
f 586//218 585//218 587//219 
f 586//218 587//219 588//219 
f 588//219 587//219 589//220 
f 588//219 589//220 590//220 
s 4
f 590//221 589//221 591//221 
f 590//221 591//221 592//221 
s 2
f 592//222 591//222 593//223 
f 592//222 593//223 594//223 
f 594//223 593//223 595//224 
f 594//223 595//224 596//224 
f 596//224 595//224 597//225 
f 596//224 597//225 598//225 
f 598//225 597//225 599//226 
f 598//225 599//226 600//226 
f 600//226 599//226 601//227 
f 600//226 601//227 602//227 
f 602//227 601//227 603//228 
f 602//227 603//228 604//228 
f 604//228 603//228 605//229 
f 604//228 605//229 606//229 
f 606//229 605//229 607//230 
f 606//229 607//230 608//230 
f 608//230 607//230 609//231 
f 608//230 609//231 610//231 
f 610//231 609//231 611//232 
f 610//231 611//232 612//232 
f 612//232 611//232 613//233 
f 612//232 613//233 614//233 
f 614//233 613//233 615//234 
f 614//233 615//234 616//234 
f 616//234 615//234 617//235 
f 616//234 617//235 618//235 
f 618//235 617//235 619//236 
f 618//235 619//236 620//236 
f 620//236 619//236 621//237 
f 620//236 621//237 622//237 
f 622//237 621//237 623//238 
f 622//237 623//238 624//238 
f 624//238 623//238 625//239 
f 624//238 625//239 626//239 
f 626//239 625//239 627//240 
f 626//239 627//240 628//240 
s 4
f 628//25 627//25 629//25 
f 628//25 629//25 630//25 
s 2
f 630//7 629//7 631//7 
f 630//7 631//7 632//7 
s 4
f 632//26 631//26 538//26 
f 632//26 538//26 537//26 
s 512
f 588//23 590//23 592//23 
f 630//23 632//23 537//23 
f 628//23 630//23 537//23 
f 628//23 537//23 540//23 
f 628//23 540//23 542//23 
f 628//23 542//23 544//23 
f 628//23 544//23 546//23 
f 628//23 546//23 548//23 
f 628//23 548//23 550//23 
f 628//23 550//23 552//23 
f 628//23 552//23 554//23 
f 628//23 554//23 556//23 
f 628//23 556//23 558//23 
f 628//23 558//23 560//23 
f 628//23 560//23 562//23 
f 588//23 592//23 594//23 
f 586//23 588//23 594//23 
f 586//23 594//23 596//23 
f 584//23 586//23 596//23 
f 584//23 596//23 598//23 
f 582//23 584//23 598//23 
f 582//23 598//23 600//23 
f 580//23 582//23 600//23 
f 580//23 600//23 602//23 
f 580//23 602//23 604//23 
f 578//23 580//23 604//23 
f 578//23 604//23 606//23 
f 578//23 606//23 608//23 
f 576//23 578//23 608//23 
f 576//23 608//23 610//23 
f 576//23 610//23 612//23 
f 576//23 612//23 614//23 
f 574//23 576//23 614//23 
f 574//23 614//23 616//23 
f 574//23 616//23 618//23 
f 572//23 574//23 618//23 
f 572//23 618//23 620//23 
f 572//23 620//23 622//23 
f 570//23 572//23 622//23 
f 570//23 622//23 624//23 
f 568//23 570//23 624//23 
f 568//23 624//23 626//23 
f 566//23 568//23 626//23 
f 564//23 566//23 626//23 
f 564//23 626//23 628//23 
f 564//23 628//23 562//23 
f 587//24 591//24 589//24 
f 629//24 538//24 631//24 
f 627//24 538//24 629//24 
f 627//24 539//24 538//24 
f 627//24 541//24 539//24 
f 627//24 543//24 541//24 
f 627//24 545//24 543//24 
f 627//24 547//24 545//24 
f 627//24 549//24 547//24 
f 627//24 551//24 549//24 
f 627//24 553//24 551//24 
f 627//24 555//24 553//24 
f 627//24 557//24 555//24 
f 627//24 559//24 557//24 
f 627//24 561//24 559//24 
f 587//24 593//24 591//24 
f 585//24 593//24 587//24 
f 585//24 595//24 593//24 
f 583//24 595//24 585//24 
f 583//24 597//24 595//24 
f 581//24 597//24 583//24 
f 581//24 599//24 597//24 
f 579//24 599//24 581//24 
f 579//24 601//24 599//24 
f 579//24 603//24 601//24 
f 577//24 603//24 579//24 
f 577//24 605//24 603//24 
f 577//24 607//24 605//24 
f 575//24 607//24 577//24 
f 575//24 609//24 607//24 
f 575//24 611//24 609//24 
f 575//24 613//24 611//24 
f 573//24 613//24 575//24 
f 573//24 615//24 613//24 
f 573//24 617//24 615//24 
f 571//24 617//24 573//24 
f 571//24 619//24 617//24 
f 571//24 621//24 619//24 
f 569//24 621//24 571//24 
f 569//24 623//24 621//24 
f 567//24 623//24 569//24 
f 567//24 625//24 623//24 
f 565//24 625//24 567//24 
f 563//24 625//24 565//24 
f 563//24 627//24 625//24 
f 563//24 561//24 627//24 
s 1
f 633//1 634//1 635//1 
f 633//1 635//1 636//1 
s 4
f 636//25 635//25 637//25 
f 636//25 637//25 638//25 
s 2
f 638//7 637//7 639//7 
f 638//7 639//7 640//7 
s 4
f 640//26 639//26 634//26 
f 640//26 634//26 633//26 
s 512
f 638//23 640//23 633//23 
f 638//23 633//23 636//23 
f 637//24 634//24 639//24 
f 637//24 635//24 634//24 
s 1
f 641//1 642//1 643//1 
f 641//1 643//1 644//1 
s 4
f 644//25 643//25 645//25 
f 644//25 645//25 646//25 
s 2
f 646//1 645//1 647//1 
f 646//1 647//1 648//1 
s 4
f 648//241 647//241 649//242 
f 648//241 649//242 650//242 
f 650//242 649//242 651//243 
f 650//242 651//243 652//243 
f 652//243 651//243 653//244 
f 652//243 653//244 654//244 
f 654//244 653//244 655//245 
f 654//244 655//245 656//245 
f 656//245 655//245 657//246 
f 656//245 657//246 658//246 
f 658//246 657//246 659//247 
f 658//246 659//247 660//247 
f 660//247 659//247 661//248 
f 660//247 661//248 662//248 
f 662//248 661//248 663//249 
f 662//248 663//249 664//249 
f 664//249 663//249 665//250 
f 664//249 665//250 666//250 
f 666//250 665//250 667//251 
f 666//250 667//251 668//251 
f 668//251 667//251 669//252 
f 668//251 669//252 670//252 
f 670//252 669//252 671//253 
f 670//252 671//253 672//253 
f 672//253 671//253 673//254 
f 672//253 673//254 674//254 
f 674//254 673//254 675//255 
f 674//254 675//255 676//255 
f 676//255 675//255 677//256 
f 676//255 677//256 678//256 
f 678//256 677//256 679//257 
f 678//256 679//257 680//257 
f 680//257 679//257 681//258 
f 680//257 681//258 682//258 
f 682//258 681//258 683//259 
f 682//258 683//259 684//259 
f 684//259 683//259 685//260 
f 684//259 685//260 686//260 
f 686//260 685//260 687//261 
f 686//260 687//261 688//261 
f 688//261 687//261 689//262 
f 688//261 689//262 690//262 
f 690//262 689//262 691//263 
f 690//262 691//263 692//263 
f 692//263 691//263 693//264 
f 692//263 693//264 694//264 
f 694//264 693//264 695//265 
f 694//264 695//265 696//265 
f 696//265 695//265 697//266 
f 696//265 697//266 698//266 
f 698//266 697//266 699//267 
f 698//266 699//267 700//267 
f 700//267 699//267 701//268 
f 700//267 701//268 702//268 
f 702//268 701//268 703//269 
f 702//268 703//269 704//269 
f 704//269 703//269 705//270 
f 704//269 705//270 706//270 
f 706//270 705//270 707//271 
f 706//270 707//271 708//271 
s 2
f 708//272 707//272 709//273 
f 708//272 709//273 710//273 
f 710//273 709//273 711//274 
f 710//273 711//274 712//274 
f 712//274 711//274 713//275 
f 712//274 713//275 714//275 
f 714//275 713//275 715//276 
f 714//275 715//276 716//276 
f 716//276 715//276 717//277 
f 716//276 717//277 718//277 
f 718//277 717//277 719//278 
f 718//277 719//278 720//278 
s 4
f 720//7 719//7 721//7 
f 720//7 721//7 722//7 
s 2
f 722//26 721//26 642//26 
f 722//26 642//26 641//26 
s 1
f 723//25 724//25 725//25 
f 723//25 725//25 726//25 
s 4
f 726//1 725//1 727//1 
f 726//1 727//1 728//1 
s 2
f 728//279 727//279 729//280 
f 728//279 729//280 730//280 
f 730//280 729//280 731//281 
f 730//280 731//281 732//281 
f 732//281 731//281 733//282 
f 732//281 733//282 734//282 
f 734//282 733//282 735//283 
f 734//282 735//283 736//283 
f 736//283 735//283 737//284 
f 736//283 737//284 738//284 
f 738//284 737//284 739//285 
f 738//284 739//285 740//285 
s 4
f 740//286 739//286 741//287 
f 740//286 741//287 742//287 
f 742//287 741//287 743//288 
f 742//287 743//288 744//288 
f 744//288 743//288 745//289 
f 744//288 745//289 746//289 
f 746//289 745//289 747//290 
f 746//289 747//290 748//290 
f 748//290 747//290 749//291 
f 748//290 749//291 750//291 
f 750//291 749//291 751//292 
f 750//291 751//292 752//292 
f 752//292 751//292 753//293 
f 752//292 753//293 754//293 
f 754//293 753//293 755//294 
f 754//293 755//294 756//294 
f 756//294 755//294 757//295 
f 756//294 757//295 758//295 
f 758//295 757//295 759//296 
f 758//295 759//296 760//296 
f 760//296 759//296 761//297 
f 760//296 761//297 762//297 
f 762//297 761//297 763//298 
f 762//297 763//298 764//298 
f 764//298 763//298 765//299 
f 764//298 765//299 766//299 
f 766//299 765//299 767//300 
f 766//299 767//300 768//300 
f 768//300 767//300 769//301 
f 768//300 769//301 770//301 
f 770//301 769//301 771//302 
f 770//301 771//302 772//302 
f 772//302 771//302 773//303 
f 772//302 773//303 774//303 
f 774//303 773//303 775//304 
f 774//303 775//304 776//304 
f 776//304 775//304 777//305 
f 776//304 777//305 778//305 
f 778//305 777//305 779//306 
f 778//305 779//306 780//306 
f 780//306 779//306 781//307 
f 780//306 781//307 782//307 
f 782//307 781//307 783//308 
f 782//307 783//308 784//308 
f 784//308 783//308 785//309 
f 784//308 785//309 786//309 
f 786//309 785//309 787//310 
f 786//309 787//310 788//310 
s 2
f 788//7 787//7 724//7 
f 788//7 724//7 723//7 
s 512
f 722//23 641//23 723//23 
f 722//23 723//23 726//23 
f 720//23 722//23 726//23 
f 720//23 726//23 728//23 
f 718//23 720//23 728//23 
f 718//23 728//23 730//23 
f 716//23 718//23 730//23 
f 716//23 730//23 732//23 
f 714//23 716//23 732//23 
f 714//23 732//23 734//23 
f 712//23 714//23 734//23 
f 712//23 734//23 736//23 
f 710//23 712//23 736//23 
f 710//23 736//23 738//23 
f 708//23 710//23 738//23 
f 708//23 738//23 740//23 
f 706//23 708//23 740//23 
f 706//23 740//23 742//23 
f 704//23 706//23 742//23 
f 641//23 644//23 646//23 
f 723//23 641//23 646//23 
f 788//23 723//23 646//23 
f 788//23 646//23 648//23 
f 788//23 648//23 650//23 
f 786//23 788//23 650//23 
f 784//23 786//23 650//23 
f 784//23 650//23 652//23 
f 782//23 784//23 652//23 
f 782//23 652//23 654//23 
f 780//23 782//23 654//23 
f 780//23 654//23 656//23 
f 778//23 780//23 656//23 
f 778//23 656//23 658//23 
f 776//23 778//23 658//23 
f 776//23 658//23 660//23 
f 774//23 776//23 660//23 
f 774//23 660//23 662//23 
f 772//23 774//23 662//23 
f 772//23 662//23 664//23 
f 770//23 772//23 664//23 
f 770//23 664//23 666//23 
f 768//23 770//23 666//23 
f 768//23 666//23 668//23 
f 768//23 668//23 670//23 
f 766//23 768//23 670//23 
f 766//23 670//23 672//23 
f 764//23 766//23 672//23 
f 764//23 672//23 674//23 
f 762//23 764//23 674//23 
f 762//23 674//23 676//23 
f 760//23 762//23 676//23 
f 760//23 676//23 678//23 
f 758//23 760//23 678//23 
f 758//23 678//23 680//23 
f 758//23 680//23 682//23 
f 756//23 758//23 682//23 
f 756//23 682//23 684//23 
f 754//23 756//23 684//23 
f 754//23 684//23 686//23 
f 754//23 686//23 688//23 
f 752//23 754//23 688//23 
f 752//23 688//23 690//23 
f 750//23 752//23 690//23 
f 750//23 690//23 692//23 
f 750//23 692//23 694//23 
f 748//23 750//23 694//23 
f 748//23 694//23 696//23 
f 748//23 696//23 698//23 
f 746//23 748//23 698//23 
f 746//23 698//23 700//23 
f 744//23 746//23 700//23 
f 744//23 700//23 702//23 
f 744//23 702//23 704//23 
f 744//23 704//23 742//23 
f 721//24 724//24 642//24 
f 721//24 725//24 724//24 
f 719//24 725//24 721//24 
f 719//24 727//24 725//24 
f 717//24 727//24 719//24 
f 717//24 729//24 727//24 
f 715//24 729//24 717//24 
f 715//24 731//24 729//24 
f 713//24 731//24 715//24 
f 713//24 733//24 731//24 
f 711//24 733//24 713//24 
f 711//24 735//24 733//24 
f 709//24 735//24 711//24 
f 709//24 737//24 735//24 
f 707//24 737//24 709//24 
f 707//24 739//24 737//24 
f 705//24 739//24 707//24 
f 705//24 741//24 739//24 
f 703//24 741//24 705//24 
f 642//24 645//24 643//24 
f 724//24 645//24 642//24 
f 787//24 645//24 724//24 
f 787//24 647//24 645//24 
f 787//24 649//24 647//24 
f 785//24 649//24 787//24 
f 783//24 649//24 785//24 
f 783//24 651//24 649//24 
f 781//24 651//24 783//24 
f 781//24 653//24 651//24 
f 779//24 653//24 781//24 
f 779//24 655//24 653//24 
f 777//24 655//24 779//24 
f 777//24 657//24 655//24 
f 775//24 657//24 777//24 
f 775//24 659//24 657//24 
f 773//24 659//24 775//24 
f 773//24 661//24 659//24 
f 771//24 661//24 773//24 
f 771//24 663//24 661//24 
f 769//24 663//24 771//24 
f 769//24 665//24 663//24 
f 767//24 665//24 769//24 
f 767//24 667//24 665//24 
f 767//24 669//24 667//24 
f 765//24 669//24 767//24 
f 765//24 671//24 669//24 
f 763//24 671//24 765//24 
f 763//24 673//24 671//24 
f 761//24 673//24 763//24 
f 761//24 675//24 673//24 
f 759//24 675//24 761//24 
f 759//24 677//24 675//24 
f 757//24 677//24 759//24 
f 757//24 679//24 677//24 
f 757//24 681//24 679//24 
f 755//24 681//24 757//24 
f 755//24 683//24 681//24 
f 753//24 683//24 755//24 
f 753//24 685//24 683//24 
f 753//24 687//24 685//24 
f 751//24 687//24 753//24 
f 751//24 689//24 687//24 
f 749//24 689//24 751//24 
f 749//24 691//24 689//24 
f 749//24 693//24 691//24 
f 747//24 693//24 749//24 
f 747//24 695//24 693//24 
f 747//24 697//24 695//24 
f 745//24 697//24 747//24 
f 745//24 699//24 697//24 
f 743//24 699//24 745//24 
f 743//24 701//24 699//24 
f 743//24 703//24 701//24 
f 743//24 741//24 703//24 
s 1
f 789//1 790//1 791//1 
f 789//1 791//1 792//1 
s 4
f 792//25 791//25 793//25 
f 792//25 793//25 794//25 
s 2
f 794//7 793//7 795//7 
f 794//7 795//7 796//7 
s 4
f 796//26 795//26 790//26 
f 796//26 790//26 789//26 
s 512
f 794//23 796//23 789//23 
f 792//23 794//23 789//23 
f 793//24 790//24 795//24 
f 791//24 790//24 793//24 
s 1
f 797//311 798//311 799//312 
f 797//311 799//312 800//312 
s 3
f 800//312 799//312 801//313 
f 800//312 801//313 802//313 
s 2
f 802//313 801//313 803//314 
f 802//313 803//314 804//314 
f 804//314 803//314 805//315 
f 804//314 805//315 806//315 
f 806//315 805//315 807//316 
f 806//315 807//316 808//316 
f 808//316 807//316 809//317 
f 808//316 809//317 810//317 
s 4
f 810//1 809//1 811//1 
f 810//1 811//1 812//1 
s 2
f 812//318 811//318 813//319 
f 812//318 813//319 814//319 
f 814//319 813//319 815//320 
f 814//319 815//320 816//320 
f 816//320 815//320 817//321 
f 816//320 817//321 818//321 
f 818//321 817//321 819//322 
f 818//321 819//322 820//322 
f 820//322 819//322 821//323 
f 820//322 821//323 822//323 
f 822//323 821//323 823//324 
f 822//323 823//324 824//324 
f 824//324 823//324 825//325 
f 824//324 825//325 826//325 
f 826//325 825//325 827//326 
f 826//325 827//326 828//326 
f 828//326 827//326 829//327 
f 828//326 829//327 830//327 
f 830//327 829//327 831//328 
f 830//327 831//328 832//328 
f 832//328 831//328 833//329 
f 832//328 833//329 834//329 
f 834//329 833//329 835//330 
f 834//329 835//330 836//330 
s 4
f 836//25 835//25 837//25 
f 836//25 837//25 838//25 
s 2
f 838//331 837//331 839//332 
f 838//331 839//332 840//332 
f 840//332 839//332 841//333 
f 840//332 841//333 842//333 
f 842//333 841//333 843//334 
f 842//333 843//334 844//334 
f 844//334 843//334 845//335 
f 844//334 845//335 846//335 
f 846//335 845//335 847//336 
f 846//335 847//336 848//336 
f 848//336 847//336 849//337 
f 848//336 849//337 850//337 
s 4
f 850//338 849//338 851//339 
f 850//338 851//339 852//339 
f 852//339 851//339 853//340 
f 852//339 853//340 854//340 
f 854//340 853//340 855//341 
f 854//340 855//341 856//341 
f 856//341 855//341 857//342 
f 856//341 857//342 858//342 
f 858//342 857//342 859//343 
f 858//342 859//343 860//343 
f 860//343 859//343 861//344 
f 860//343 861//344 862//344 
f 862//344 861//344 863//345 
f 862//344 863//345 864//345 
f 864//345 863//345 865//346 
f 864//345 865//346 866//346 
f 866//346 865//346 867//347 
f 866//346 867//347 868//347 
f 868//347 867//347 869//348 
f 868//347 869//348 870//348 
f 870//348 869//348 871//349 
f 870//348 871//349 872//349 
f 872//349 871//349 873//350 
f 872//349 873//350 874//350 
f 874//350 873//350 875//351 
f 874//350 875//351 876//351 
f 876//351 875//351 877//352 
f 876//351 877//352 878//352 
f 878//352 877//352 879//353 
f 878//352 879//353 880//353 
f 880//353 879//353 881//354 
f 880//353 881//354 882//354 
f 882//354 881//354 883//355 
f 882//354 883//355 884//355 
f 884//355 883//355 885//356 
f 884//355 885//356 886//356 
f 886//356 885//356 887//357 
f 886//356 887//357 888//357 
f 888//357 887//357 889//358 
f 888//357 889//358 890//358 
f 890//358 889//358 891//359 
f 890//358 891//359 892//359 
f 892//359 891//359 893//360 
f 892//359 893//360 894//360 
f 894//360 893//360 895//361 
f 894//360 895//361 896//361 
f 896//361 895//361 897//362 
f 896//361 897//362 898//362 
f 898//362 897//362 899//363 
f 898//362 899//363 900//363 
f 900//363 899//363 901//364 
f 900//363 901//364 902//364 
f 902//364 901//364 903//365 
f 902//364 903//365 904//365 
f 904//365 903//365 905//366 
f 904//365 905//366 906//366 
f 906//366 905//366 907//367 
f 906//366 907//367 908//367 
f 908//367 907//367 909//368 
f 908//367 909//368 910//368 
f 910//368 909//368 911//369 
f 910//368 911//369 912//369 
f 912//369 911//369 913//370 
f 912//369 913//370 914//370 
f 914//370 913//370 915//371 
f 914//370 915//371 916//371 
f 916//371 915//371 917//372 
f 916//371 917//372 918//372 
f 918//372 917//372 919//373 
f 918//372 919//373 920//373 
f 920//373 919//373 921//374 
f 920//373 921//374 922//374 
s 2
f 922//375 921//375 923//375 
f 922//375 923//375 924//375 
s 4
f 924//376 923//376 925//377 
f 924//376 925//377 926//377 
f 926//377 925//377 927//378 
f 926//377 927//378 928//378 
f 928//378 927//378 929//379 
f 928//378 929//379 930//379 
f 930//379 929//379 931//380 
f 930//379 931//380 932//380 
f 932//380 931//380 933//381 
f 932//380 933//381 934//381 
f 934//381 933//381 935//382 
f 934//381 935//382 936//382 
f 936//382 935//382 937//383 
f 936//382 937//383 938//383 
f 938//383 937//383 939//384 
f 938//383 939//384 940//384 
f 940//384 939//384 941//385 
f 940//384 941//385 942//385 
f 942//385 941//385 943//386 
f 942//385 943//386 944//386 
f 944//386 943//386 945//387 
f 944//386 945//387 946//387 
f 946//387 945//387 947//388 
f 946//387 947//388 948//388 
f 948//388 947//388 949//389 
f 948//388 949//389 950//389 
f 950//389 949//389 951//390 
f 950//389 951//390 952//390 
f 952//390 951//390 953//391 
f 952//390 953//391 954//391 
f 954//391 953//391 955//392 
f 954//391 955//392 956//392 
f 956//392 955//392 957//393 
f 956//392 957//393 958//393 
f 958//393 957//393 959//394 
f 958//393 959//394 960//394 
f 960//394 959//394 961//395 
f 960//394 961//395 962//395 
f 962//395 961//395 963//396 
f 962//395 963//396 964//396 
f 964//396 963//396 965//397 
f 964//396 965//397 966//397 
f 966//397 965//397 967//398 
f 966//397 967//398 968//398 
f 968//398 967//398 969//399 
f 968//398 969//399 970//399 
f 970//399 969//399 971//400 
f 970//399 971//400 972//400 
f 972//400 971//400 973//401 
f 972//400 973//401 974//401 
s 2
f 974//402 973//402 975//403 
f 974//402 975//403 976//403 
f 976//403 975//403 977//404 
f 976//403 977//404 978//404 
f 978//404 977//404 979//405 
f 978//404 979//405 980//405 
f 980//405 979//405 981//406 
f 980//405 981//406 982//406 
f 982//406 981//406 983//407 
f 982//406 983//407 984//407 
f 984//407 983//407 985//408 
f 984//407 985//408 986//408 
f 986//408 985//408 987//409 
f 986//408 987//409 988//409 
f 988//409 987//409 989//410 
f 988//409 989//410 990//410 
f 990//410 989//410 991//411 
f 990//410 991//411 992//411 
f 992//411 991//411 993//412 
f 992//411 993//412 994//412 
f 994//412 993//412 995//413 
f 994//412 995//413 996//413 
f 996//413 995//413 997//414 
f 996//413 997//414 998//414 
s 4
f 998//415 997//415 999//416 
f 998//415 999//416 1000//416 
f 1000//416 999//416 1001//417 
f 1000//416 1001//417 1002//417 
f 1002//417 1001//417 1003//418 
f 1002//417 1003//418 1004//418 
f 1004//418 1003//418 1005//419 
f 1004//418 1005//419 1006//419 
f 1006//419 1005//419 1007//420 
f 1006//419 1007//420 1008//420 
f 1008//420 1007//420 1009//421 
f 1008//420 1009//421 1010//421 
f 1010//421 1009//421 1011//422 
f 1010//421 1011//422 1012//422 
f 1012//422 1011//422 1013//423 
f 1012//422 1013//423 1014//423 
f 1014//423 1013//423 1015//424 
f 1014//423 1015//424 1016//424 
f 1016//424 1015//424 1017//425 
f 1016//424 1017//425 1018//425 
f 1018//425 1017//425 1019//426 
f 1018//425 1019//426 1020//426 
f 1020//426 1019//426 1021//427 
f 1020//426 1021//427 1022//427 
f 1022//427 1021//427 1023//428 
f 1022//427 1023//428 1024//428 
f 1024//428 1023//428 1025//429 
f 1024//428 1025//429 1026//429 
f 1026//429 1025//429 1027//430 
f 1026//429 1027//430 1028//430 
f 1028//430 1027//430 1029//431 
f 1028//430 1029//431 1030//431 
f 1030//431 1029//431 1031//432 
f 1030//431 1031//432 1032//432 
f 1032//432 1031//432 1033//433 
f 1032//432 1033//433 1034//433 
f 1034//433 1033//433 1035//434 
f 1034//433 1035//434 1036//434 
f 1036//434 1035//434 1037//435 
f 1036//434 1037//435 1038//435 
f 1038//435 1037//435 1039//436 
f 1038//435 1039//436 1040//436 
f 1040//436 1039//436 1041//437 
f 1040//436 1041//437 1042//437 
f 1042//437 1041//437 1043//438 
f 1042//437 1043//438 1044//438 
f 1044//438 1043//438 1045//439 
f 1044//438 1045//439 1046//439 
f 1046//439 1045//439 1047//440 
f 1046//439 1047//440 1048//440 
f 1048//440 1047//440 1049//441 
f 1048//440 1049//441 1050//441 
f 1050//441 1049//441 1051//442 
f 1050//441 1051//442 1052//442 
f 1052//442 1051//442 1053//443 
f 1052//442 1053//443 1054//443 
f 1054//443 1053//443 1055//444 
f 1054//443 1055//444 1056//444 
f 1056//444 1055//444 1057//445 
f 1056//444 1057//445 1058//445 
f 1058//445 1057//445 1059//446 
f 1058//445 1059//446 1060//446 
f 1060//446 1059//446 1061//447 
f 1060//446 1061//447 1062//447 
f 1062//447 1061//447 1063//448 
f 1062//447 1063//448 1064//448 
f 1064//448 1063//448 1065//449 
f 1064//448 1065//449 1066//449 
f 1066//449 1065//449 1067//450 
f 1066//449 1067//450 1068//450 
f 1068//450 1067//450 1069//451 
f 1068//450 1069//451 1070//451 
f 1070//451 1069//451 1071//452 
f 1070//451 1071//452 1072//452 
f 1072//452 1071//452 1073//453 
f 1072//452 1073//453 1074//453 
f 1074//453 1073//453 1075//454 
f 1074//453 1075//454 1076//454 
f 1076//454 1075//454 1077//455 
f 1076//454 1077//455 1078//455 
f 1078//455 1077//455 1079//456 
f 1078//455 1079//456 1080//456 
f 1080//456 1079//456 798//457 
f 1080//456 798//457 797//457 
s 1
f 1081//458 1082//458 1083//458 
f 1081//458 1083//458 1084//458 
s 4
f 1084//459 1083//459 1085//460 
f 1084//459 1085//460 1086//460 
f 1086//460 1085//460 1087//461 
f 1086//460 1087//461 1088//461 
f 1088//461 1087//461 1089//462 
f 1088//461 1089//462 1090//462 
f 1090//462 1089//462 1091//463 
f 1090//462 1091//463 1092//463 
f 1092//463 1091//463 1093//464 
f 1092//463 1093//464 1094//464 
f 1094//464 1093//464 1095//465 
f 1094//464 1095//465 1096//465 
f 1096//465 1095//465 1097//466 
f 1096//465 1097//466 1098//466 
f 1098//466 1097//466 1099//467 
f 1098//466 1099//467 1100//467 
f 1100//467 1099//467 1101//468 
f 1100//467 1101//468 1102//468 
f 1102//468 1101//468 1103//469 
f 1102//468 1103//469 1104//469 
f 1104//469 1103//469 1105//470 
f 1104//469 1105//470 1106//470 
f 1106//470 1105//470 1107//471 
f 1106//470 1107//471 1108//471 
f 1108//471 1107//471 1109//472 
f 1108//471 1109//472 1110//472 
f 1110//472 1109//472 1111//473 
f 1110//472 1111//473 1112//473 
f 1112//473 1111//473 1113//474 
f 1112//473 1113//474 1114//474 
f 1114//474 1113//474 1115//308 
f 1114//474 1115//308 1116//308 
f 1116//308 1115//308 1117//475 
f 1116//308 1117//475 1118//475 
f 1118//475 1117//475 1119//476 
f 1118//475 1119//476 1120//476 
f 1120//476 1119//476 1121//477 
f 1120//476 1121//477 1122//477 
f 1122//477 1121//477 1123//478 
f 1122//477 1123//478 1124//478 
f 1124//478 1123//478 1125//479 
f 1124//478 1125//479 1126//479 
f 1126//479 1125//479 1127//480 
f 1126//479 1127//480 1128//480 
f 1128//480 1127//480 1129//481 
f 1128//480 1129//481 1130//481 
f 1130//481 1129//481 1131//482 
f 1130//481 1131//482 1132//482 
f 1132//482 1131//482 1133//483 
f 1132//482 1133//483 1134//483 
f 1134//483 1133//483 1135//484 
f 1134//483 1135//484 1136//484 
f 1136//484 1135//484 1137//485 
f 1136//484 1137//485 1138//485 
f 1138//485 1137//485 1139//486 
f 1138//485 1139//486 1140//486 
f 1140//486 1139//486 1141//487 
f 1140//486 1141//487 1142//487 
f 1142//487 1141//487 1143//488 
f 1142//487 1143//488 1144//488 
f 1144//488 1143//488 1145//489 
f 1144//488 1145//489 1146//489 
f 1146//489 1145//489 1147//490 
f 1146//489 1147//490 1148//490 
f 1148//490 1147//490 1149//491 
f 1148//490 1149//491 1150//491 
f 1150//491 1149//491 1151//492 
f 1150//491 1151//492 1152//492 
f 1152//492 1151//492 1153//493 
f 1152//492 1153//493 1154//493 
f 1154//493 1153//493 1155//494 
f 1154//493 1155//494 1156//494 
f 1156//494 1155//494 1157//495 
f 1156//494 1157//495 1158//495 
f 1158//495 1157//495 1159//496 
f 1158//495 1159//496 1160//496 
f 1160//496 1159//496 1161//497 
f 1160//496 1161//497 1162//497 
f 1162//497 1161//497 1163//498 
f 1162//497 1163//498 1164//498 
f 1164//498 1163//498 1165//499 
f 1164//498 1165//499 1166//499 
f 1166//499 1165//499 1167//500 
f 1166//499 1167//500 1168//500 
f 1168//500 1167//500 1169//501 
f 1168//500 1169//501 1170//501 
f 1170//501 1169//501 1171//502 
f 1170//501 1171//502 1172//502 
f 1172//502 1171//502 1173//503 
f 1172//502 1173//503 1174//503 
f 1174//503 1173//503 1175//504 
f 1174//503 1175//504 1176//504 
f 1176//504 1175//504 1177//505 
f 1176//504 1177//505 1178//505 
f 1178//505 1177//505 1179//506 
f 1178//505 1179//506 1180//506 
f 1180//506 1179//506 1181//507 
f 1180//506 1181//507 1182//507 
f 1182//507 1181//507 1183//508 
f 1182//507 1183//508 1184//508 
f 1184//508 1183//508 1185//509 
f 1184//508 1185//509 1186//509 
f 1186//509 1185//509 1187//510 
f 1186//509 1187//510 1188//510 
f 1188//510 1187//510 1189//511 
f 1188//510 1189//511 1190//511 
f 1190//511 1189//511 1082//512 
f 1190//511 1082//512 1081//512 
s 512
f 797//23 1084//23 1086//23 
f 797//23 1086//23 1088//23 
f 797//23 1088//23 1090//23 
f 797//23 1090//23 1092//23 
f 797//23 1092//23 1094//23 
f 797//23 1094//23 1096//23 
f 797//23 1096//23 1098//23 
f 797//23 1098//23 1100//23 
f 810//23 812//23 814//23 
f 810//23 814//23 816//23 
f 797//23 1100//23 1102//23 
f 1080//23 797//23 1102//23 
f 1080//23 1102//23 1104//23 
f 920//23 922//23 924//23 
f 810//23 816//23 818//23 
f 1078//23 1080//23 1104//23 
f 1078//23 1104//23 1106//23 
f 920//23 924//23 926//23 
f 918//23 920//23 926//23 
f 916//23 918//23 926//23 
f 916//23 926//23 928//23 
f 914//23 916//23 928//23 
f 914//23 928//23 930//23 
f 912//23 914//23 930//23 
f 910//23 912//23 930//23 
f 910//23 930//23 932//23 
f 908//23 910//23 932//23 
f 906//23 908//23 932//23 
f 906//23 932//23 934//23 
f 904//23 906//23 934//23 
f 902//23 904//23 934//23 
f 902//23 934//23 936//23 
f 900//23 902//23 936//23 
f 900//23 936//23 938//23 
f 898//23 900//23 938//23 
f 898//23 938//23 940//23 
f 896//23 898//23 940//23 
f 1076//23 1078//23 1106//23 
f 1076//23 1106//23 1108//23 
f 894//23 896//23 940//23 
f 894//23 940//23 942//23 
f 892//23 894//23 942//23 
f 892//23 942//23 944//23 
f 890//23 892//23 944//23 
f 890//23 944//23 946//23 
f 888//23 890//23 946//23 
f 888//23 946//23 948//23 
f 886//23 888//23 948//23 
f 886//23 948//23 950//23 
f 884//23 886//23 950//23 
f 884//23 950//23 952//23 
f 882//23 884//23 952//23 
f 1074//23 1076//23 1108//23 
f 1074//23 1108//23 1110//23 
f 1072//23 1074//23 1110//23 
f 1072//23 1110//23 1112//23 
f 1070//23 1072//23 1112//23 
f 1070//23 1112//23 1114//23 
f 1068//23 1070//23 1114//23 
f 1068//23 1114//23 1116//23 
f 1066//23 1068//23 1116//23 
f 1064//23 1066//23 1116//23 
f 1064//23 1116//23 1118//23 
f 1062//23 1064//23 1118//23 
f 1062//23 1118//23 1120//23 
f 1060//23 1062//23 1120//23 
f 1060//23 1120//23 1122//23 
f 1058//23 1060//23 1122//23 
f 1056//23 1058//23 1122//23 
f 1056//23 1122//23 1124//23 
f 1056//23 1124//23 1126//23 
f 1054//23 1056//23 1126//23 
f 1054//23 1126//23 1128//23 
f 1052//23 1054//23 1128//23 
f 1052//23 1128//23 1130//23 
f 1050//23 1052//23 1130//23 
f 1050//23 1130//23 1132//23 
f 1048//23 1050//23 1132//23 
f 1048//23 1132//23 1134//23 
f 1046//23 1048//23 1134//23 
f 1044//23 1046//23 1134//23 
f 1044//23 1134//23 1136//23 
f 1042//23 1044//23 1136//23 
f 1042//23 1136//23 1138//23 
f 1040//23 1042//23 1138//23 
f 1040//23 1138//23 1140//23 
f 1038//23 1040//23 1140//23 
f 1036//23 1038//23 1140//23 
f 1036//23 1140//23 1142//23 
f 1034//23 1036//23 1142//23 
f 1034//23 1142//23 1144//23 
f 1032//23 1034//23 1144//23 
f 1032//23 1144//23 1146//23 
f 1030//23 1032//23 1146//23 
f 1028//23 1030//23 1146//23 
f 1028//23 1146//23 1148//23 
f 1026//23 1028//23 1148//23 
f 1026//23 1148//23 1150//23 
f 1024//23 1026//23 1150//23 
f 1022//23 1024//23 1150//23 
f 1022//23 1150//23 1152//23 
f 1020//23 1022//23 1152//23 
f 1020//23 1152//23 1154//23 
f 1018//23 1020//23 1154//23 
f 1018//23 1154//23 1156//23 
f 1016//23 1018//23 1156//23 
f 1014//23 1016//23 1156//23 
f 1014//23 1156//23 1158//23 
f 1012//23 1014//23 1158//23 
f 1012//23 1158//23 1160//23 
f 1010//23 1012//23 1160//23 
f 1008//23 1010//23 1160//23 
f 1008//23 1160//23 1162//23 
f 1006//23 1008//23 1162//23 
f 1006//23 1162//23 1164//23 
f 1004//23 1006//23 1164//23 
f 1004//23 1164//23 1166//23 
f 1002//23 1004//23 1166//23 
f 1002//23 1166//23 1168//23 
f 1000//23 1002//23 1168//23 
f 998//23 1000//23 1168//23 
f 998//23 1168//23 1170//23 
f 996//23 998//23 1170//23 
f 996//23 1170//23 1172//23 
f 994//23 996//23 1172//23 
f 994//23 1172//23 1174//23 
f 992//23 994//23 1174//23 
f 992//23 1174//23 1176//23 
f 990//23 992//23 1176//23 
f 990//23 1176//23 1178//23 
f 988//23 990//23 1178//23 
f 986//23 988//23 1178//23 
f 986//23 1178//23 1180//23 
f 984//23 986//23 1180//23 
f 984//23 1180//23 1182//23 
f 984//23 1182//23 1184//23 
f 982//23 984//23 1184//23 
f 982//23 1184//23 1186//23 
f 980//23 982//23 1186//23 
f 980//23 1186//23 1188//23 
f 978//23 980//23 1188//23 
f 978//23 1188//23 1190//23 
f 976//23 978//23 1190//23 
f 976//23 1190//23 1081//23 
f 974//23 976//23 1081//23 
f 808//23 810//23 818//23 
f 808//23 818//23 820//23 
f 806//23 808//23 820//23 
f 806//23 820//23 822//23 
f 804//23 806//23 822//23 
f 802//23 804//23 822//23 
f 802//23 822//23 824//23 
f 800//23 802//23 824//23 
f 800//23 824//23 826//23 
f 797//23 800//23 826//23 
f 1084//23 797//23 826//23 
f 1084//23 826//23 828//23 
f 1084//23 828//23 830//23 
f 1084//23 830//23 832//23 
f 1084//23 832//23 834//23 
f 1084//23 834//23 836//23 
f 1084//23 836//23 838//23 
f 1081//23 1084//23 838//23 
f 974//23 1081//23 838//23 
f 972//23 974//23 838//23 
f 972//23 838//23 840//23 
f 972//23 840//23 842//23 
f 970//23 972//23 842//23 
f 970//23 842//23 844//23 
f 968//23 970//23 844//23 
f 968//23 844//23 846//23 
f 968//23 846//23 848//23 
f 966//23 968//23 848//23 
f 966//23 848//23 850//23 
f 966//23 850//23 852//23 
f 966//23 852//23 854//23 
f 964//23 966//23 854//23 
f 964//23 854//23 856//23 
f 964//23 856//23 858//23 
f 964//23 858//23 860//23 
f 962//23 964//23 860//23 
f 962//23 860//23 862//23 
f 962//23 862//23 864//23 
f 962//23 864//23 866//23 
f 960//23 962//23 866//23 
f 960//23 866//23 868//23 
f 960//23 868//23 870//23 
f 958//23 960//23 870//23 
f 958//23 870//23 872//23 
f 958//23 872//23 874//23 
f 956//23 958//23 874//23 
f 956//23 874//23 876//23 
f 956//23 876//23 878//23 
f 954//23 956//23 878//23 
f 954//23 878//23 880//23 
f 954//23 880//23 882//23 
f 954//23 882//23 952//23 
f 798//24 1085//24 1083//24 
f 798//24 1087//24 1085//24 
f 798//24 1089//24 1087//24 
f 798//24 1091//24 1089//24 
f 798//24 1093//24 1091//24 
f 798//24 1095//24 1093//24 
f 798//24 1097//24 1095//24 
f 798//24 1099//24 1097//24 
f 809//24 813//24 811//24 
f 809//24 815//24 813//24 
f 798//24 1101//24 1099//24 
f 1079//24 1101//24 798//24 
f 1079//24 1103//24 1101//24 
f 919//24 923//24 921//24 
f 809//24 817//24 815//24 
f 1077//24 1103//24 1079//24 
f 1077//24 1105//24 1103//24 
f 919//24 925//24 923//24 
f 917//24 925//24 919//24 
f 915//24 925//24 917//24 
f 915//24 927//24 925//24 
f 913//24 927//24 915//24 
f 913//24 929//24 927//24 
f 911//24 929//24 913//24 
f 909//24 929//24 911//24 
f 909//24 931//24 929//24 
f 907//24 931//24 909//24 
f 905//24 931//24 907//24 
f 905//24 933//24 931//24 
f 903//24 933//24 905//24 
f 901//24 933//24 903//24 
f 901//24 935//24 933//24 
f 899//24 935//24 901//24 
f 899//24 937//24 935//24 
f 897//24 937//24 899//24 
f 897//24 939//24 937//24 
f 895//24 939//24 897//24 
f 1075//24 1105//24 1077//24 
f 1075//24 1107//24 1105//24 
f 893//24 939//24 895//24 
f 893//24 941//24 939//24 
f 891//24 941//24 893//24 
f 891//24 943//24 941//24 
f 889//24 943//24 891//24 
f 889//24 945//24 943//24 
f 887//24 945//24 889//24 
f 887//24 947//24 945//24 
f 885//24 947//24 887//24 
f 885//24 949//24 947//24 
f 883//24 949//24 885//24 
f 883//24 951//24 949//24 
f 881//24 951//24 883//24 
f 1073//24 1107//24 1075//24 
f 1073//24 1109//24 1107//24 
f 1071//24 1109//24 1073//24 
f 1071//24 1111//24 1109//24 
f 1069//24 1111//24 1071//24 
f 1069//24 1113//24 1111//24 
f 1067//24 1113//24 1069//24 
f 1067//24 1115//24 1113//24 
f 1065//24 1115//24 1067//24 
f 1063//24 1115//24 1065//24 
f 1063//24 1117//24 1115//24 
f 1061//24 1117//24 1063//24 
f 1061//24 1119//24 1117//24 
f 1059//24 1119//24 1061//24 
f 1059//24 1121//24 1119//24 
f 1057//24 1121//24 1059//24 
f 1055//24 1121//24 1057//24 
f 1055//24 1123//24 1121//24 
f 1055//24 1125//24 1123//24 
f 1053//24 1125//24 1055//24 
f 1053//24 1127//24 1125//24 
f 1051//24 1127//24 1053//24 
f 1051//24 1129//24 1127//24 
f 1049//24 1129//24 1051//24 
f 1049//24 1131//24 1129//24 
f 1047//24 1131//24 1049//24 
f 1047//24 1133//24 1131//24 
f 1045//24 1133//24 1047//24 
f 1043//24 1133//24 1045//24 
f 1043//24 1135//24 1133//24 
f 1041//24 1135//24 1043//24 
f 1041//24 1137//24 1135//24 
f 1039//24 1137//24 1041//24 
f 1039//24 1139//24 1137//24 
f 1037//24 1139//24 1039//24 
f 1035//24 1139//24 1037//24 
f 1035//24 1141//24 1139//24 
f 1033//24 1141//24 1035//24 
f 1033//24 1143//24 1141//24 
f 1031//24 1143//24 1033//24 
f 1031//24 1145//24 1143//24 
f 1029//24 1145//24 1031//24 
f 1027//24 1145//24 1029//24 
f 1027//24 1147//24 1145//24 
f 1025//24 1147//24 1027//24 
f 1025//24 1149//24 1147//24 
f 1023//24 1149//24 1025//24 
f 1021//24 1149//24 1023//24 
f 1021//24 1151//24 1149//24 
f 1019//24 1151//24 1021//24 
f 1019//24 1153//24 1151//24 
f 1017//24 1153//24 1019//24 
f 1017//24 1155//24 1153//24 
f 1015//24 1155//24 1017//24 
f 1013//24 1155//24 1015//24 
f 1013//24 1157//24 1155//24 
f 1011//24 1157//24 1013//24 
f 1011//24 1159//24 1157//24 
f 1009//24 1159//24 1011//24 
f 1007//24 1159//24 1009//24 
f 1007//24 1161//24 1159//24 
f 1005//24 1161//24 1007//24 
f 1005//24 1163//24 1161//24 
f 1003//24 1163//24 1005//24 
f 1003//24 1165//24 1163//24 
f 1001//24 1165//24 1003//24 
f 1001//24 1167//24 1165//24 
f 999//24 1167//24 1001//24 
f 997//24 1167//24 999//24 
f 997//24 1169//24 1167//24 
f 995//24 1169//24 997//24 
f 995//24 1171//24 1169//24 
f 993//24 1171//24 995//24 
f 993//24 1173//24 1171//24 
f 991//24 1173//24 993//24 
f 991//24 1175//24 1173//24 
f 989//24 1175//24 991//24 
f 989//24 1177//24 1175//24 
f 987//24 1177//24 989//24 
f 985//24 1177//24 987//24 
f 985//24 1179//24 1177//24 
f 983//24 1179//24 985//24 
f 983//24 1181//24 1179//24 
f 983//24 1183//24 1181//24 
f 981//24 1183//24 983//24 
f 981//24 1185//24 1183//24 
f 979//24 1185//24 981//24 
f 979//24 1187//24 1185//24 
f 977//24 1187//24 979//24 
f 977//24 1189//24 1187//24 
f 975//24 1189//24 977//24 
f 975//24 1082//24 1189//24 
f 973//24 1082//24 975//24 
f 807//24 817//24 809//24 
f 807//24 819//24 817//24 
f 805//24 819//24 807//24 
f 805//24 821//24 819//24 
f 803//24 821//24 805//24 
f 801//24 821//24 803//24 
f 801//24 823//24 821//24 
f 799//24 823//24 801//24 
f 799//24 825//24 823//24 
f 798//24 825//24 799//24 
f 1083//24 825//24 798//24 
f 1083//24 827//24 825//24 
f 1083//24 829//24 827//24 
f 1083//24 831//24 829//24 
f 1083//24 833//24 831//24 
f 1083//24 835//24 833//24 
f 1083//24 837//24 835//24 
f 1082//24 837//24 1083//24 
f 973//24 837//24 1082//24 
f 971//24 837//24 973//24 
f 971//24 839//24 837//24 
f 971//24 841//24 839//24 
f 969//24 841//24 971//24 
f 969//24 843//24 841//24 
f 967//24 843//24 969//24 
f 967//24 845//24 843//24 
f 967//24 847//24 845//24 
f 965//24 847//24 967//24 
f 965//24 849//24 847//24 
f 965//24 851//24 849//24 
f 965//24 853//24 851//24 
f 963//24 853//24 965//24 
f 963//24 855//24 853//24 
f 963//24 857//24 855//24 
f 963//24 859//24 857//24 
f 961//24 859//24 963//24 
f 961//24 861//24 859//24 
f 961//24 863//24 861//24 
f 961//24 865//24 863//24 
f 959//24 865//24 961//24 
f 959//24 867//24 865//24 
f 959//24 869//24 867//24 
f 957//24 869//24 959//24 
f 957//24 871//24 869//24 
f 957//24 873//24 871//24 
f 955//24 873//24 957//24 
f 955//24 875//24 873//24 
f 955//24 877//24 875//24 
f 953//24 877//24 955//24 
f 953//24 879//24 877//24 
f 953//24 881//24 879//24 
f 953//24 951//24 881//24 
s 1
f 1191//442 1192//442 1193//513 
f 1191//442 1193//513 1194//513 
s 3
f 1194//513 1193//513 1195//514 
f 1194//513 1195//514 1196//514 
s 2
f 1196//514 1195//514 1197//515 
f 1196//514 1197//515 1198//515 
f 1198//515 1197//515 1199//516 
f 1198//515 1199//516 1200//516 
f 1200//516 1199//516 1201//517 
f 1200//516 1201//517 1202//517 
f 1202//517 1201//517 1203//518 
f 1202//517 1203//518 1204//518 
f 1204//518 1203//518 1205//519 
f 1204//518 1205//519 1206//519 
f 1206//519 1205//519 1207//520 
f 1206//519 1207//520 1208//520 
f 1208//520 1207//520 1209//521 
f 1208//520 1209//521 1210//521 
f 1210//521 1209//521 1211//522 
f 1210//521 1211//522 1212//522 
f 1212//522 1211//522 1213//523 
f 1212//522 1213//523 1214//523 
f 1214//523 1213//523 1215//524 
f 1214//523 1215//524 1216//524 
f 1216//524 1215//524 1217//525 
f 1216//524 1217//525 1218//525 
f 1218//525 1217//525 1219//526 
f 1218//525 1219//526 1220//526 
f 1220//526 1219//526 1221//527 
f 1220//526 1221//527 1222//527 
f 1222//527 1221//527 1223//528 
f 1222//527 1223//528 1224//528 
f 1224//528 1223//528 1225//529 
f 1224//528 1225//529 1226//529 
f 1226//529 1225//529 1227//530 
f 1226//529 1227//530 1228//530 
f 1228//530 1227//530 1229//531 
f 1228//530 1229//531 1230//531 
f 1230//531 1229//531 1231//532 
f 1230//531 1231//532 1232//532 
f 1232//532 1231//532 1233//533 
f 1232//532 1233//533 1234//533 
f 1234//533 1233//533 1235//534 
f 1234//533 1235//534 1236//534 
f 1236//534 1235//534 1237//535 
f 1236//534 1237//535 1238//535 
f 1238//535 1237//535 1239//536 
f 1238//535 1239//536 1240//536 
s 4
f 1240//537 1239//537 1241//537 
f 1240//537 1241//537 1242//537 
s 2
f 1242//7 1241//7 1243//7 
f 1242//7 1243//7 1244//7 
s 4
f 1244//538 1243//538 1245//538 
f 1244//538 1245//538 1246//538 
s 2
f 1246//539 1245//539 1247//540 
f 1246//539 1247//540 1248//540 
f 1248//540 1247//540 1249//541 
f 1248//540 1249//541 1250//541 
f 1250//541 1249//541 1251//542 
f 1250//541 1251//542 1252//542 
f 1252//542 1251//542 1253//543 
f 1252//542 1253//543 1254//543 
f 1254//543 1253//543 1255//544 
f 1254//543 1255//544 1256//544 
f 1256//544 1255//544 1257//545 
f 1256//544 1257//545 1258//545 
s 4
f 1258//546 1257//546 1259//547 
f 1258//546 1259//547 1260//547 
f 1260//547 1259//547 1261//548 
f 1260//547 1261//548 1262//548 
f 1262//548 1261//548 1263//549 
f 1262//548 1263//549 1264//549 
f 1264//549 1263//549 1265//550 
f 1264//549 1265//550 1266//550 
f 1266//550 1265//550 1267//551 
f 1266//550 1267//551 1268//551 
f 1268//551 1267//551 1269//552 
f 1268//551 1269//552 1270//552 
s 2
f 1270//553 1269//553 1271//553 
f 1270//553 1271//553 1272//553 
s 4
f 1272//7 1271//7 1273//7 
f 1272//7 1273//7 1274//7 
s 2
f 1274//554 1273//554 1275//554 
f 1274//554 1275//554 1276//554 
s 4
f 1276//555 1275//555 1277//555 
f 1276//555 1277//555 1278//555 
s 2
f 1278//556 1277//556 1279//557 
f 1278//556 1279//557 1280//557 
f 1280//557 1279//557 1281//558 
f 1280//557 1281//558 1282//558 
f 1282//558 1281//558 1283//559 
f 1282//558 1283//559 1284//559 
f 1284//559 1283//559 1285//560 
f 1284//559 1285//560 1286//560 
f 1286//560 1285//560 1287//561 
f 1286//560 1287//561 1288//561 
f 1288//561 1287//561 1289//562 
f 1288//561 1289//562 1290//562 
f 1290//562 1289//562 1291//563 
f 1290//562 1291//563 1292//563 
f 1292//563 1291//563 1293//564 
f 1292//563 1293//564 1294//564 
f 1294//564 1293//564 1295//565 
f 1294//564 1295//565 1296//565 
f 1296//565 1295//565 1297//566 
f 1296//565 1297//566 1298//566 
f 1298//566 1297//566 1299//567 
f 1298//566 1299//567 1300//567 
f 1300//567 1299//567 1301//568 
f 1300//567 1301//568 1302//568 
f 1302//568 1301//568 1303//569 
f 1302//568 1303//569 1304//569 
f 1304//569 1303//569 1305//570 
f 1304//569 1305//570 1306//570 
f 1306//570 1305//570 1307//571 
f 1306//570 1307//571 1308//571 
f 1308//571 1307//571 1309//572 
f 1308//571 1309//572 1310//572 
f 1310//572 1309//572 1311//573 
f 1310//572 1311//573 1312//573 
f 1312//573 1311//573 1313//574 
f 1312//573 1313//574 1314//574 
f 1314//574 1313//574 1315//575 
f 1314//574 1315//575 1316//575 
f 1316//575 1315//575 1317//576 
f 1316//575 1317//576 1318//576 
f 1318//576 1317//576 1319//577 
f 1318//576 1319//577 1320//577 
f 1320//577 1319//577 1321//578 
f 1320//577 1321//578 1322//578 
f 1322//578 1321//578 1323//579 
f 1322//578 1323//579 1324//579 
f 1324//579 1323//579 1325//580 
f 1324//579 1325//580 1326//580 
s 4
f 1326//581 1325//581 1192//581 
f 1326//581 1192//581 1191//581 
s 512
f 1324//23 1326//23 1191//23 
f 1272//23 1274//23 1276//23 
f 1270//23 1272//23 1276//23 
f 1268//23 1270//23 1276//23 
f 1266//23 1268//23 1276//23 
f 1264//23 1266//23 1276//23 
f 1262//23 1264//23 1276//23 
f 1260//23 1262//23 1276//23 
f 1258//23 1260//23 1276//23 
f 1240//23 1242//23 1244//23 
f 1240//23 1244//23 1246//23 
f 1240//23 1246//23 1248//23 
f 1240//23 1248//23 1250//23 
f 1240//23 1250//23 1252//23 
f 1240//23 1252//23 1254//23 
f 1240//23 1254//23 1256//23 
f 1240//23 1256//23 1258//23 
f 1240//23 1258//23 1276//23 
f 1238//23 1240//23 1276//23 
f 1322//23 1324//23 1191//23 
f 1238//23 1276//23 1278//23 
f 1236//23 1238//23 1278//23 
f 1236//23 1278//23 1280//23 
f 1234//23 1236//23 1280//23 
f 1234//23 1280//23 1282//23 
f 1320//23 1322//23 1191//23 
f 1232//23 1234//23 1282//23 
f 1232//23 1282//23 1284//23 
f 1232//23 1284//23 1286//23 
f 1230//23 1232//23 1286//23 
f 1230//23 1286//23 1288//23 
f 1228//23 1230//23 1288//23 
f 1228//23 1288//23 1290//23 
f 1226//23 1228//23 1290//23 
f 1226//23 1290//23 1292//23 
f 1226//23 1292//23 1294//23 
f 1224//23 1226//23 1294//23 
f 1224//23 1294//23 1296//23 
f 1222//23 1224//23 1296//23 
f 1222//23 1296//23 1298//23 
f 1220//23 1222//23 1298//23 
f 1220//23 1298//23 1300//23 
f 1218//23 1220//23 1300//23 
f 1218//23 1300//23 1302//23 
f 1216//23 1218//23 1302//23 
f 1214//23 1216//23 1302//23 
f 1214//23 1302//23 1304//23 
f 1212//23 1214//23 1304//23 
f 1212//23 1304//23 1306//23 
f 1210//23 1212//23 1306//23 
f 1208//23 1210//23 1306//23 
f 1208//23 1306//23 1308//23 
f 1206//23 1208//23 1308//23 
f 1206//23 1308//23 1310//23 
f 1204//23 1206//23 1310//23 
f 1204//23 1310//23 1312//23 
f 1202//23 1204//23 1312//23 
f 1200//23 1202//23 1312//23 
f 1200//23 1312//23 1314//23 
f 1198//23 1200//23 1314//23 
f 1198//23 1314//23 1316//23 
f 1196//23 1198//23 1316//23 
f 1194//23 1196//23 1316//23 
f 1194//23 1316//23 1318//23 
f 1191//23 1194//23 1318//23 
f 1320//23 1191//23 1318//23 
f 1323//24 1192//24 1325//24 
f 1271//24 1275//24 1273//24 
f 1269//24 1275//24 1271//24 
f 1267//24 1275//24 1269//24 
f 1265//24 1275//24 1267//24 
f 1263//24 1275//24 1265//24 
f 1261//24 1275//24 1263//24 
f 1259//24 1275//24 1261//24 
f 1257//24 1275//24 1259//24 
f 1239//24 1243//24 1241//24 
f 1239//24 1245//24 1243//24 
f 1239//24 1247//24 1245//24 
f 1239//24 1249//24 1247//24 
f 1239//24 1251//24 1249//24 
f 1239//24 1253//24 1251//24 
f 1239//24 1255//24 1253//24 
f 1239//24 1257//24 1255//24 
f 1239//24 1275//24 1257//24 
f 1237//24 1275//24 1239//24 
f 1321//24 1192//24 1323//24 
f 1237//24 1277//24 1275//24 
f 1235//24 1277//24 1237//24 
f 1235//24 1279//24 1277//24 
f 1233//24 1279//24 1235//24 
f 1233//24 1281//24 1279//24 
f 1319//24 1192//24 1321//24 
f 1231//24 1281//24 1233//24 
f 1231//24 1283//24 1281//24 
f 1231//24 1285//24 1283//24 
f 1229//24 1285//24 1231//24 
f 1229//24 1287//24 1285//24 
f 1227//24 1287//24 1229//24 
f 1227//24 1289//24 1287//24 
f 1225//24 1289//24 1227//24 
f 1225//24 1291//24 1289//24 
f 1225//24 1293//24 1291//24 
f 1223//24 1293//24 1225//24 
f 1223//24 1295//24 1293//24 
f 1221//24 1295//24 1223//24 
f 1221//24 1297//24 1295//24 
f 1219//24 1297//24 1221//24 
f 1219//24 1299//24 1297//24 
f 1217//24 1299//24 1219//24 
f 1217//24 1301//24 1299//24 
f 1215//24 1301//24 1217//24 
f 1213//24 1301//24 1215//24 
f 1213//24 1303//24 1301//24 
f 1211//24 1303//24 1213//24 
f 1211//24 1305//24 1303//24 
f 1209//24 1305//24 1211//24 
f 1207//24 1305//24 1209//24 
f 1207//24 1307//24 1305//24 
f 1205//24 1307//24 1207//24 
f 1205//24 1309//24 1307//24 
f 1203//24 1309//24 1205//24 
f 1203//24 1311//24 1309//24 
f 1201//24 1311//24 1203//24 
f 1199//24 1311//24 1201//24 
f 1199//24 1313//24 1311//24 
f 1197//24 1313//24 1199//24 
f 1197//24 1315//24 1313//24 
f 1195//24 1315//24 1197//24 
f 1193//24 1315//24 1195//24 
f 1193//24 1317//24 1315//24 
f 1192//24 1317//24 1193//24 
f 1319//24 1317//24 1192//24 
s 1
f 1327//95 1328//95 1329//96 
f 1327//95 1329//96 1330//96 
s 3
f 1330//96 1329//96 1331//97 
f 1330//96 1331//97 1332//97 
s 2
f 1332//97 1331//97 1333//98 
f 1332//97 1333//98 1334//98 
f 1334//98 1333//98 1335//99 
f 1334//98 1335//99 1336//99 
f 1336//99 1335//99 1337//100 
f 1336//99 1337//100 1338//100 
f 1338//100 1337//100 1339//101 
f 1338//100 1339//101 1340//101 
f 1340//101 1339//101 1341//102 
f 1340//101 1341//102 1342//102 
f 1342//102 1341//102 1343//103 
f 1342//102 1343//103 1344//103 
f 1344//103 1343//103 1345//104 
f 1344//103 1345//104 1346//104 
f 1346//104 1345//104 1347//105 
f 1346//104 1347//105 1348//105 
f 1348//105 1347//105 1349//582 
f 1348//105 1349//582 1350//582 
f 1350//582 1349//582 1351//107 
f 1350//582 1351//107 1352//107 
f 1352//107 1351//107 1353//108 
f 1352//107 1353//108 1354//108 
f 1354//108 1353//108 1355//109 
f 1354//108 1355//109 1356//109 
f 1356//109 1355//109 1357//110 
f 1356//109 1357//110 1358//110 
f 1358//110 1357//110 1359//111 
f 1358//110 1359//111 1360//111 
f 1360//111 1359//111 1361//583 
f 1360//111 1361//583 1362//583 
f 1362//583 1361//583 1363//113 
f 1362//583 1363//113 1364//113 
f 1364//113 1363//113 1365//114 
f 1364//113 1365//114 1366//114 
f 1366//114 1365//114 1367//115 
f 1366//114 1367//115 1368//115 
f 1368//115 1367//115 1369//116 
f 1368//115 1369//116 1370//116 
f 1370//116 1369//116 1371//117 
f 1370//116 1371//117 1372//117 
f 1372//117 1371//117 1373//118 
f 1372//117 1373//118 1374//118 
f 1374//118 1373//118 1375//584 
f 1374//118 1375//584 1376//584 
s 4
f 1376//1 1375//1 1377//1 
f 1376//1 1377//1 1378//1 
s 2
f 1378//120 1377//120 1379//121 
f 1378//120 1379//121 1380//121 
f 1380//121 1379//121 1381//122 
f 1380//121 1381//122 1382//122 
f 1382//122 1381//122 1383//123 
f 1382//122 1383//123 1384//123 
f 1384//123 1383//123 1385//124 
f 1384//123 1385//124 1386//124 
f 1386//124 1385//124 1387//125 
f 1386//124 1387//125 1388//125 
f 1388//125 1387//125 1389//126 
f 1388//125 1389//126 1390//126 
f 1390//126 1389//126 1391//127 
f 1390//126 1391//127 1392//127 
f 1392//127 1391//127 1393//128 
f 1392//127 1393//128 1394//128 
f 1394//128 1393//128 1395//129 
f 1394//128 1395//129 1396//129 
f 1396//129 1395//129 1397//130 
f 1396//129 1397//130 1398//130 
f 1398//130 1397//130 1399//131 
f 1398//130 1399//131 1400//131 
f 1400//131 1399//131 1401//132 
f 1400//131 1401//132 1402//132 
f 1402//132 1401//132 1403//133 
f 1402//132 1403//133 1404//133 
f 1404//133 1403//133 1405//134 
f 1404//133 1405//134 1406//134 
f 1406//134 1405//134 1407//135 
f 1406//134 1407//135 1408//135 
f 1408//135 1407//135 1409//136 
f 1408//135 1409//136 1410//136 
f 1410//136 1409//136 1411//137 
f 1410//136 1411//137 1412//137 
f 1412//137 1411//137 1413//138 
f 1412//137 1413//138 1414//138 
f 1414//138 1413//138 1415//139 
f 1414//138 1415//139 1416//139 
f 1416//139 1415//139 1417//140 
f 1416//139 1417//140 1418//140 
f 1418//140 1417//140 1419//141 
f 1418//140 1419//141 1420//141 
f 1420//141 1419//141 1421//142 
f 1420//141 1421//142 1422//142 
f 1422//142 1421//142 1423//143 
f 1422//142 1423//143 1424//143 
f 1424//143 1423//143 1425//585 
f 1424//143 1425//585 1426//585 
f 1426//585 1425//585 1427//145 
f 1426//585 1427//145 1428//145 
f 1428//145 1427//145 1429//146 
f 1428//145 1429//146 1430//146 
f 1430//146 1429//146 1431//147 
f 1430//146 1431//147 1432//147 
f 1432//147 1431//147 1433//148 
f 1432//147 1433//148 1434//148 
f 1434//148 1433//148 1435//149 
f 1434//148 1435//149 1436//149 
f 1436//149 1435//149 1437//150 
f 1436//149 1437//150 1438//150 
f 1438//150 1437//150 1439//151 
f 1438//150 1439//151 1440//151 
f 1440//151 1439//151 1441//586 
f 1440//151 1441//586 1442//586 
f 1442//586 1441//586 1443//153 
f 1442//586 1443//153 1444//153 
f 1444//153 1443//153 1445//154 
f 1444//153 1445//154 1446//154 
f 1446//154 1445//154 1447//155 
f 1446//154 1447//155 1448//155 
f 1448//155 1447//155 1449//156 
f 1448//155 1449//156 1450//156 
f 1450//156 1449//156 1451//157 
f 1450//156 1451//157 1452//157 
f 1452//157 1451//157 1453//158 
f 1452//157 1453//158 1454//158 
f 1454//158 1453//158 1455//159 
f 1454//158 1455//159 1456//159 
f 1456//159 1455//159 1457//160 
f 1456//159 1457//160 1458//160 
f 1458//160 1457//160 1459//161 
f 1458//160 1459//161 1460//161 
f 1460//161 1459//161 1461//162 
f 1460//161 1461//162 1462//162 
f 1462//162 1461//162 1463//163 
f 1462//162 1463//163 1464//163 
f 1464//163 1463//163 1465//164 
f 1464//163 1465//164 1466//164 
f 1466//164 1465//164 1467//165 
f 1466//164 1467//165 1468//165 
f 1468//165 1467//165 1469//166 
f 1468//165 1469//166 1470//166 
f 1470//166 1469//166 1471//167 
f 1470//166 1471//167 1472//167 
f 1472//167 1471//167 1473//168 
f 1472//167 1473//168 1474//168 
f 1474//168 1473//168 1475//169 
f 1474//168 1475//169 1476//169 
s 4
f 1476//170 1475//170 1328//170 
f 1476//170 1328//170 1327//170 
s 1
f 1477//171 1478//171 1479//172 
f 1477//171 1479//172 1480//172 
s 3
f 1480//172 1479//172 1481//173 
f 1480//172 1481//173 1482//173 
s 2
f 1482//173 1481//173 1483//174 
f 1482//173 1483//174 1484//174 
f 1484//174 1483//174 1485//175 
f 1484//174 1485//175 1486//175 
f 1486//175 1485//175 1487//587 
f 1486//175 1487//587 1488//587 
f 1488//587 1487//587 1489//177 
f 1488//587 1489//177 1490//177 
f 1490//177 1489//177 1491//178 
f 1490//177 1491//178 1492//178 
f 1492//178 1491//178 1493//179 
f 1492//178 1493//179 1494//179 
f 1494//179 1493//179 1495//180 
f 1494//179 1495//180 1496//180 
f 1496//180 1495//180 1497//181 
f 1496//180 1497//181 1498//181 
f 1498//181 1497//181 1499//182 
f 1498//181 1499//182 1500//182 
f 1500//182 1499//182 1501//183 
f 1500//182 1501//183 1502//183 
f 1502//183 1501//183 1503//184 
f 1502//183 1503//184 1504//184 
f 1504//184 1503//184 1505//185 
f 1504//184 1505//185 1506//185 
f 1506//185 1505//185 1507//186 
f 1506//185 1507//186 1508//186 
f 1508//186 1507//186 1509//187 
f 1508//186 1509//187 1510//187 
f 1510//187 1509//187 1511//188 
f 1510//187 1511//188 1512//188 
f 1512//188 1511//188 1513//189 
f 1512//188 1513//189 1514//189 
f 1514//189 1513//189 1515//190 
f 1514//189 1515//190 1516//190 
f 1516//190 1515//190 1517//191 
f 1516//190 1517//191 1518//191 
f 1518//191 1517//191 1519//192 
f 1518//191 1519//192 1520//192 
f 1520//192 1519//192 1521//193 
f 1520//192 1521//193 1522//193 
f 1522//193 1521//193 1523//194 
f 1522//193 1523//194 1524//194 
f 1524//194 1523//194 1525//195 
f 1524//194 1525//195 1526//195 
s 4
f 1526//7 1525//7 1478//7 
f 1526//7 1478//7 1477//7 
s 512
f 1474//23 1476//23 1327//23 
f 1477//23 1376//23 1378//23 
f 1526//23 1477//23 1378//23 
f 1526//23 1378//23 1380//23 
f 1526//23 1380//23 1382//23 
f 1526//23 1382//23 1384//23 
f 1524//23 1526//23 1384//23 
f 1524//23 1384//23 1386//23 
f 1522//23 1524//23 1386//23 
f 1522//23 1386//23 1388//23 
f 1520//23 1522//23 1388//23 
f 1518//23 1520//23 1388//23 
f 1518//23 1388//23 1390//23 
f 1516//23 1518//23 1390//23 
f 1516//23 1390//23 1392//23 
f 1514//23 1516//23 1392//23 
f 1514//23 1392//23 1394//23 
f 1512//23 1514//23 1394//23 
f 1512//23 1394//23 1396//23 
f 1510//23 1512//23 1396//23 
f 1510//23 1396//23 1398//23 
f 1508//23 1510//23 1398//23 
f 1508//23 1398//23 1400//23 
f 1506//23 1508//23 1400//23 
f 1506//23 1400//23 1402//23 
f 1504//23 1506//23 1402//23 
f 1504//23 1402//23 1404//23 
f 1502//23 1504//23 1404//23 
f 1502//23 1404//23 1406//23 
f 1500//23 1502//23 1406//23 
f 1474//23 1327//23 1330//23 
f 1472//23 1474//23 1330//23 
f 1498//23 1500//23 1406//23 
f 1498//23 1406//23 1408//23 
f 1496//23 1498//23 1408//23 
f 1496//23 1408//23 1410//23 
f 1494//23 1496//23 1410//23 
f 1494//23 1410//23 1412//23 
f 1492//23 1494//23 1412//23 
f 1492//23 1412//23 1414//23 
f 1490//23 1492//23 1414//23 
f 1490//23 1414//23 1416//23 
f 1488//23 1490//23 1416//23 
f 1488//23 1416//23 1418//23 
f 1486//23 1488//23 1418//23 
f 1486//23 1418//23 1420//23 
f 1484//23 1486//23 1420//23 
f 1472//23 1330//23 1332//23 
f 1470//23 1472//23 1332//23 
f 1468//23 1470//23 1332//23 
f 1468//23 1332//23 1334//23 
f 1466//23 1468//23 1334//23 
f 1466//23 1334//23 1336//23 
f 1464//23 1466//23 1336//23 
f 1464//23 1336//23 1338//23 
f 1462//23 1464//23 1338//23 
f 1462//23 1338//23 1340//23 
f 1460//23 1462//23 1340//23 
f 1460//23 1340//23 1342//23 
f 1458//23 1460//23 1342//23 
f 1458//23 1342//23 1344//23 
f 1456//23 1458//23 1344//23 
f 1456//23 1344//23 1346//23 
f 1456//23 1346//23 1348//23 
f 1454//23 1456//23 1348//23 
f 1454//23 1348//23 1350//23 
f 1452//23 1454//23 1350//23 
f 1452//23 1350//23 1352//23 
f 1450//23 1452//23 1352//23 
f 1450//23 1352//23 1354//23 
f 1450//23 1354//23 1356//23 
f 1448//23 1450//23 1356//23 
f 1448//23 1356//23 1358//23 
f 1446//23 1448//23 1358//23 
f 1446//23 1358//23 1360//23 
f 1444//23 1446//23 1360//23 
f 1444//23 1360//23 1362//23 
f 1442//23 1444//23 1362//23 
f 1442//23 1362//23 1364//23 
f 1440//23 1442//23 1364//23 
f 1440//23 1364//23 1366//23 
f 1438//23 1440//23 1366//23 
f 1438//23 1366//23 1368//23 
f 1436//23 1438//23 1368//23 
f 1436//23 1368//23 1370//23 
f 1434//23 1436//23 1370//23 
f 1434//23 1370//23 1372//23 
f 1432//23 1434//23 1372//23 
f 1432//23 1372//23 1374//23 
f 1430//23 1432//23 1374//23 
f 1430//23 1374//23 1376//23 
f 1428//23 1430//23 1376//23 
f 1428//23 1376//23 1477//23 
f 1426//23 1428//23 1477//23 
f 1424//23 1426//23 1477//23 
f 1424//23 1477//23 1480//23 
f 1422//23 1424//23 1480//23 
f 1422//23 1480//23 1482//23 
f 1420//23 1422//23 1482//23 
f 1484//23 1420//23 1482//23 
f 1473//24 1328//24 1475//24 
f 1478//24 1377//24 1375//24 
f 1525//24 1377//24 1478//24 
f 1525//24 1379//24 1377//24 
f 1525//24 1381//24 1379//24 
f 1525//24 1383//24 1381//24 
f 1523//24 1383//24 1525//24 
f 1523//24 1385//24 1383//24 
f 1521//24 1385//24 1523//24 
f 1521//24 1387//24 1385//24 
f 1519//24 1387//24 1521//24 
f 1517//24 1387//24 1519//24 
f 1517//24 1389//24 1387//24 
f 1515//24 1389//24 1517//24 
f 1515//24 1391//24 1389//24 
f 1513//24 1391//24 1515//24 
f 1513//24 1393//24 1391//24 
f 1511//24 1393//24 1513//24 
f 1511//24 1395//24 1393//24 
f 1509//24 1395//24 1511//24 
f 1509//24 1397//24 1395//24 
f 1507//24 1397//24 1509//24 
f 1507//24 1399//24 1397//24 
f 1505//24 1399//24 1507//24 
f 1505//24 1401//24 1399//24 
f 1503//24 1401//24 1505//24 
f 1503//24 1403//24 1401//24 
f 1501//24 1403//24 1503//24 
f 1501//24 1405//24 1403//24 
f 1499//24 1405//24 1501//24 
f 1473//24 1329//24 1328//24 
f 1471//24 1329//24 1473//24 
f 1497//24 1405//24 1499//24 
f 1497//24 1407//24 1405//24 
f 1495//24 1407//24 1497//24 
f 1495//24 1409//24 1407//24 
f 1493//24 1409//24 1495//24 
f 1493//24 1411//24 1409//24 
f 1491//24 1411//24 1493//24 
f 1491//24 1413//24 1411//24 
f 1489//24 1413//24 1491//24 
f 1489//24 1415//24 1413//24 
f 1487//24 1415//24 1489//24 
f 1487//24 1417//24 1415//24 
f 1485//24 1417//24 1487//24 
f 1485//24 1419//24 1417//24 
f 1483//24 1419//24 1485//24 
f 1471//24 1331//24 1329//24 
f 1469//24 1331//24 1471//24 
f 1467//24 1331//24 1469//24 
f 1467//24 1333//24 1331//24 
f 1465//24 1333//24 1467//24 
f 1465//24 1335//24 1333//24 
f 1463//24 1335//24 1465//24 
f 1463//24 1337//24 1335//24 
f 1461//24 1337//24 1463//24 
f 1461//24 1339//24 1337//24 
f 1459//24 1339//24 1461//24 
f 1459//24 1341//24 1339//24 
f 1457//24 1341//24 1459//24 
f 1457//24 1343//24 1341//24 
f 1455//24 1343//24 1457//24 
f 1455//24 1345//24 1343//24 
f 1455//24 1347//24 1345//24 
f 1453//24 1347//24 1455//24 
f 1453//24 1349//24 1347//24 
f 1451//24 1349//24 1453//24 
f 1451//24 1351//24 1349//24 
f 1449//24 1351//24 1451//24 
f 1449//24 1353//24 1351//24 
f 1449//24 1355//24 1353//24 
f 1447//24 1355//24 1449//24 
f 1447//24 1357//24 1355//24 
f 1445//24 1357//24 1447//24 
f 1445//24 1359//24 1357//24 
f 1443//24 1359//24 1445//24 
f 1443//24 1361//24 1359//24 
f 1441//24 1361//24 1443//24 
f 1441//24 1363//24 1361//24 
f 1439//24 1363//24 1441//24 
f 1439//24 1365//24 1363//24 
f 1437//24 1365//24 1439//24 
f 1437//24 1367//24 1365//24 
f 1435//24 1367//24 1437//24 
f 1435//24 1369//24 1367//24 
f 1433//24 1369//24 1435//24 
f 1433//24 1371//24 1369//24 
f 1431//24 1371//24 1433//24 
f 1431//24 1373//24 1371//24 
f 1429//24 1373//24 1431//24 
f 1429//24 1375//24 1373//24 
f 1427//24 1375//24 1429//24 
f 1427//24 1478//24 1375//24 
f 1425//24 1478//24 1427//24 
f 1423//24 1478//24 1425//24 
f 1423//24 1479//24 1478//24 
f 1421//24 1479//24 1423//24 
f 1421//24 1481//24 1479//24 
f 1419//24 1481//24 1421//24 
f 1483//24 1481//24 1419//24 
s 1
f 1527//1 1528//1 1529//1 
f 1527//1 1529//1 1530//1 
s 4
f 1530//25 1529//25 1531//25 
f 1530//25 1531//25 1532//25 
s 2
f 1532//588 1531//588 1533//589 
f 1532//588 1533//589 1534//589 
f 1534//589 1533//589 1535//198 
f 1534//589 1535//198 1536//198 
f 1536//198 1535//198 1537//199 
f 1536//198 1537//199 1538//199 
f 1538//199 1537//199 1539//200 
f 1538//199 1539//200 1540//200 
f 1540//200 1539//200 1541//590 
f 1540//200 1541//590 1542//590 
f 1542//590 1541//590 1543//202 
f 1542//590 1543//202 1544//202 
f 1544//202 1543//202 1545//203 
f 1544//202 1545//203 1546//203 
f 1546//203 1545//203 1547//204 
f 1546//203 1547//204 1548//204 
f 1548//204 1547//204 1549//205 
f 1548//204 1549//205 1550//205 
f 1550//205 1549//205 1551//206 
f 1550//205 1551//206 1552//206 
f 1552//206 1551//206 1553//207 
f 1552//206 1553//207 1554//207 
f 1554//207 1553//207 1555//208 
f 1554//207 1555//208 1556//208 
f 1556//208 1555//208 1557//209 
f 1556//208 1557//209 1558//209 
f 1558//209 1557//209 1559//210 
f 1558//209 1559//210 1560//210 
f 1560//210 1559//210 1561//591 
f 1560//210 1561//591 1562//591 
f 1562//591 1561//591 1563//212 
f 1562//591 1563//212 1564//212 
f 1564//212 1563//212 1565//213 
f 1564//212 1565//213 1566//213 
f 1566//213 1565//213 1567//214 
f 1566//213 1567//214 1568//214 
f 1568//214 1567//214 1569//215 
f 1568//214 1569//215 1570//215 
f 1570//215 1569//215 1571//216 
f 1570//215 1571//216 1572//216 
f 1572//216 1571//216 1573//217 
f 1572//216 1573//217 1574//217 
f 1574//217 1573//217 1575//218 
f 1574//217 1575//218 1576//218 
f 1576//218 1575//218 1577//219 
f 1576//218 1577//219 1578//219 
f 1578//219 1577//219 1579//220 
f 1578//219 1579//220 1580//220 
s 4
f 1580//221 1579//221 1581//221 
f 1580//221 1581//221 1582//221 
s 2
f 1582//222 1581//222 1583//223 
f 1582//222 1583//223 1584//223 
f 1584//223 1583//223 1585//224 
f 1584//223 1585//224 1586//224 
f 1586//224 1585//224 1587//225 
f 1586//224 1587//225 1588//225 
f 1588//225 1587//225 1589//226 
f 1588//225 1589//226 1590//226 
f 1590//226 1589//226 1591//227 
f 1590//226 1591//227 1592//227 
f 1592//227 1591//227 1593//228 
f 1592//227 1593//228 1594//228 
f 1594//228 1593//228 1595//229 
f 1594//228 1595//229 1596//229 
f 1596//229 1595//229 1597//230 
f 1596//229 1597//230 1598//230 
f 1598//230 1597//230 1599//231 
f 1598//230 1599//231 1600//231 
f 1600//231 1599//231 1601//592 
f 1600//231 1601//592 1602//592 
f 1602//592 1601//592 1603//593 
f 1602//592 1603//593 1604//593 
f 1604//593 1603//593 1605//234 
f 1604//593 1605//234 1606//234 
f 1606//234 1605//234 1607//235 
f 1606//234 1607//235 1608//235 
f 1608//235 1607//235 1609//236 
f 1608//235 1609//236 1610//236 
f 1610//236 1609//236 1611//594 
f 1610//236 1611//594 1612//594 
f 1612//594 1611//594 1613//238 
f 1612//594 1613//238 1614//238 
f 1614//238 1613//238 1615//595 
f 1614//238 1615//595 1616//595 
f 1616//595 1615//595 1617//240 
f 1616//595 1617//240 1618//240 
s 4
f 1618//25 1617//25 1619//25 
f 1618//25 1619//25 1620//25 
s 2
f 1620//7 1619//7 1621//7 
f 1620//7 1621//7 1622//7 
s 4
f 1622//26 1621//26 1528//26 
f 1622//26 1528//26 1527//26 
s 512
f 1578//23 1580//23 1582//23 
f 1620//23 1622//23 1527//23 
f 1618//23 1620//23 1527//23 
f 1618//23 1527//23 1530//23 
f 1618//23 1530//23 1532//23 
f 1618//23 1532//23 1534//23 
f 1618//23 1534//23 1536//23 
f 1618//23 1536//23 1538//23 
f 1618//23 1538//23 1540//23 
f 1618//23 1540//23 1542//23 
f 1618//23 1542//23 1544//23 
f 1618//23 1544//23 1546//23 
f 1618//23 1546//23 1548//23 
f 1618//23 1548//23 1550//23 
f 1618//23 1550//23 1552//23 
f 1578//23 1582//23 1584//23 
f 1576//23 1578//23 1584//23 
f 1576//23 1584//23 1586//23 
f 1574//23 1576//23 1586//23 
f 1574//23 1586//23 1588//23 
f 1572//23 1574//23 1588//23 
f 1572//23 1588//23 1590//23 
f 1570//23 1572//23 1590//23 
f 1570//23 1590//23 1592//23 
f 1570//23 1592//23 1594//23 
f 1568//23 1570//23 1594//23 
f 1568//23 1594//23 1596//23 
f 1568//23 1596//23 1598//23 
f 1566//23 1568//23 1598//23 
f 1566//23 1598//23 1600//23 
f 1566//23 1600//23 1602//23 
f 1566//23 1602//23 1604//23 
f 1564//23 1566//23 1604//23 
f 1564//23 1604//23 1606//23 
f 1564//23 1606//23 1608//23 
f 1562//23 1564//23 1608//23 
f 1562//23 1608//23 1610//23 
f 1562//23 1610//23 1612//23 
f 1560//23 1562//23 1612//23 
f 1560//23 1612//23 1614//23 
f 1558//23 1560//23 1614//23 
f 1558//23 1614//23 1616//23 
f 1556//23 1558//23 1616//23 
f 1554//23 1556//23 1616//23 
f 1554//23 1616//23 1618//23 
f 1554//23 1618//23 1552//23 
f 1577//24 1581//24 1579//24 
f 1619//24 1528//24 1621//24 
f 1617//24 1528//24 1619//24 
f 1617//24 1529//24 1528//24 
f 1617//24 1531//24 1529//24 
f 1617//24 1533//24 1531//24 
f 1617//24 1535//24 1533//24 
f 1617//24 1537//24 1535//24 
f 1617//24 1539//24 1537//24 
f 1617//24 1541//24 1539//24 
f 1617//24 1543//24 1541//24 
f 1617//24 1545//24 1543//24 
f 1617//24 1547//24 1545//24 
f 1617//24 1549//24 1547//24 
f 1617//24 1551//24 1549//24 
f 1577//24 1583//24 1581//24 
f 1575//24 1583//24 1577//24 
f 1575//24 1585//24 1583//24 
f 1573//24 1585//24 1575//24 
f 1573//24 1587//24 1585//24 
f 1571//24 1587//24 1573//24 
f 1571//24 1589//24 1587//24 
f 1569//24 1589//24 1571//24 
f 1569//24 1591//24 1589//24 
f 1569//24 1593//24 1591//24 
f 1567//24 1593//24 1569//24 
f 1567//24 1595//24 1593//24 
f 1567//24 1597//24 1595//24 
f 1565//24 1597//24 1567//24 
f 1565//24 1599//24 1597//24 
f 1565//24 1601//24 1599//24 
f 1565//24 1603//24 1601//24 
f 1563//24 1603//24 1565//24 
f 1563//24 1605//24 1603//24 
f 1563//24 1607//24 1605//24 
f 1561//24 1607//24 1563//24 
f 1561//24 1609//24 1607//24 
f 1561//24 1611//24 1609//24 
f 1559//24 1611//24 1561//24 
f 1559//24 1613//24 1611//24 
f 1557//24 1613//24 1559//24 
f 1557//24 1615//24 1613//24 
f 1555//24 1615//24 1557//24 
f 1553//24 1615//24 1555//24 
f 1553//24 1617//24 1615//24 
f 1553//24 1551//24 1617//24 
s 1
f 1623//596 1624//596 1625//597 
f 1623//596 1625//597 1626//597 
s 3
f 1626//597 1625//597 1627//598 
f 1626//597 1627//598 1628//598 
s 2
f 1628//598 1627//598 1629//599 
f 1628//598 1629//599 1630//599 
f 1630//599 1629//599 1631//600 
f 1630//599 1631//600 1632//600 
f 1632//600 1631//600 1633//601 
f 1632//600 1633//601 1634//601 
f 1634//601 1633//601 1635//602 
f 1634//601 1635//602 1636//602 
f 1636//602 1635//602 1637//603 
f 1636//602 1637//603 1638//603 
f 1638//603 1637//603 1639//604 
f 1638//603 1639//604 1640//604 
f 1640//604 1639//604 1641//605 
f 1640//604 1641//605 1642//605 
f 1642//605 1641//605 1643//606 
f 1642//605 1643//606 1644//606 
f 1644//606 1643//606 1645//607 
f 1644//606 1645//607 1646//607 
f 1646//607 1645//607 1647//608 
f 1646//607 1647//608 1648//608 
f 1648//608 1647//608 1649//609 
f 1648//608 1649//609 1650//609 
f 1650//609 1649//609 1651//610 
f 1650//609 1651//610 1652//610 
f 1652//610 1651//610 1653//611 
f 1652//610 1653//611 1654//611 
f 1654//611 1653//611 1655//612 
f 1654//611 1655//612 1656//612 
f 1656//612 1655//612 1657//613 
f 1656//612 1657//613 1658//613 
f 1658//613 1657//613 1659//614 
f 1658//613 1659//614 1660//614 
f 1660//614 1659//614 1661//615 
f 1660//614 1661//615 1662//615 
f 1662//615 1661//615 1663//616 
f 1662//615 1663//616 1664//616 
f 1664//616 1663//616 1665//617 
f 1664//616 1665//617 1666//617 
f 1666//617 1665//617 1667//618 
f 1666//617 1667//618 1668//618 
f 1668//618 1667//618 1669//619 
f 1668//618 1669//619 1670//619 
f 1670//619 1669//619 1671//620 
f 1670//619 1671//620 1672//620 
f 1672//620 1671//620 1673//621 
f 1672//620 1673//621 1674//621 
f 1674//621 1673//621 1675//622 
f 1674//621 1675//622 1676//622 
f 1676//622 1675//622 1677//623 
f 1676//622 1677//623 1678//623 
f 1678//623 1677//623 1679//624 
f 1678//623 1679//624 1680//624 
f 1680//624 1679//624 1681//625 
f 1680//624 1681//625 1682//625 
f 1682//625 1681//625 1683//626 
f 1682//625 1683//626 1684//626 
f 1684//626 1683//626 1685//627 
f 1684//626 1685//627 1686//627 
f 1686//627 1685//627 1687//628 
f 1686//627 1687//628 1688//628 
f 1688//628 1687//628 1689//629 
f 1688//628 1689//629 1690//629 
f 1690//629 1689//629 1691//630 
f 1690//629 1691//630 1692//630 
f 1692//630 1691//630 1693//631 
f 1692//630 1693//631 1694//631 
f 1694//631 1693//631 1695//632 
f 1694//631 1695//632 1696//632 
s 4
f 1696//633 1695//633 1697//634 
f 1696//633 1697//634 1698//634 
f 1698//634 1697//634 1699//635 
f 1698//634 1699//635 1700//635 
f 1700//635 1699//635 1701//636 
f 1700//635 1701//636 1702//636 
f 1702//636 1701//636 1703//637 
f 1702//636 1703//637 1704//637 
f 1704//637 1703//637 1705//638 
f 1704//637 1705//638 1706//638 
f 1706//638 1705//638 1707//639 
f 1706//638 1707//639 1708//639 
f 1708//639 1707//639 1709//640 
f 1708//639 1709//640 1710//640 
f 1710//640 1709//640 1711//641 
f 1710//640 1711//641 1712//641 
f 1712//641 1711//641 1713//642 
f 1712//641 1713//642 1714//642 
f 1714//642 1713//642 1715//490 
f 1714//642 1715//490 1716//490 
f 1716//490 1715//490 1717//489 
f 1716//490 1717//489 1718//489 
f 1718//489 1717//489 1719//643 
f 1718//489 1719//643 1720//643 
f 1720//643 1719//643 1721//644 
f 1720//643 1721//644 1722//644 
f 1722//644 1721//644 1723//645 
f 1722//644 1723//645 1724//645 
f 1724//645 1723//645 1725//646 
f 1724//645 1725//646 1726//646 
f 1726//646 1725//646 1727//647 
f 1726//646 1727//647 1728//647 
f 1728//647 1727//647 1729//648 
f 1728//647 1729//648 1730//648 
f 1730//648 1729//648 1731//649 
f 1730//648 1731//649 1732//649 
f 1732//649 1731//649 1733//650 
f 1732//649 1733//650 1734//650 
f 1734//650 1733//650 1735//651 
f 1734//650 1735//651 1736//651 
f 1736//651 1735//651 1737//652 
f 1736//651 1737//652 1738//652 
f 1738//652 1737//652 1739//653 
f 1738//652 1739//653 1740//653 
f 1740//653 1739//653 1741//654 
f 1740//653 1741//654 1742//654 
f 1742//654 1741//654 1743//655 
f 1742//654 1743//655 1744//655 
f 1744//655 1743//655 1745//656 
f 1744//655 1745//656 1746//656 
f 1746//656 1745//656 1747//657 
f 1746//656 1747//657 1748//657 
f 1748//657 1747//657 1749//658 
f 1748//657 1749//658 1750//658 
f 1750//658 1749//658 1751//659 
f 1750//658 1751//659 1752//659 
f 1752//659 1751//659 1753//660 
f 1752//659 1753//660 1754//660 
f 1754//660 1753//660 1755//661 
f 1754//660 1755//661 1756//661 
f 1756//661 1755//661 1757//662 
f 1756//661 1757//662 1758//662 
f 1758//662 1757//662 1759//663 
f 1758//662 1759//663 1760//663 
f 1760//663 1759//663 1761//664 
f 1760//663 1761//664 1762//664 
f 1762//664 1761//664 1763//665 
f 1762//664 1763//665 1764//665 
f 1764//665 1763//665 1765//666 
f 1764//665 1765//666 1766//666 
f 1766//666 1765//666 1767//667 
f 1766//666 1767//667 1768//667 
f 1768//667 1767//667 1769//668 
f 1768//667 1769//668 1770//668 
f 1770//668 1769//668 1771//669 
f 1770//668 1771//669 1772//669 
f 1772//669 1771//669 1773//670 
f 1772//669 1773//670 1774//670 
f 1774//670 1773//670 1775//671 
f 1774//670 1775//671 1776//671 
f 1776//671 1775//671 1777//672 
f 1776//671 1777//672 1778//672 
f 1778//672 1777//672 1779//673 
f 1778//672 1779//673 1780//673 
s 2
f 1780//674 1779//674 1781//674 
f 1780//674 1781//674 1782//674 
s 4
f 1782//675 1781//675 1783//676 
f 1782//675 1783//676 1784//676 
f 1784//676 1783//676 1785//677 
f 1784//676 1785//677 1786//677 
f 1786//677 1785//677 1787//678 
f 1786//677 1787//678 1788//678 
f 1788//678 1787//678 1789//679 
f 1788//678 1789//679 1790//679 
f 1790//679 1789//679 1791//680 
f 1790//679 1791//680 1792//680 
f 1792//680 1791//680 1793//681 
f 1792//680 1793//681 1794//681 
f 1794//681 1793//681 1795//682 
f 1794//681 1795//682 1796//682 
f 1796//682 1795//682 1797//683 
f 1796//682 1797//683 1798//683 
f 1798//683 1797//683 1799//684 
f 1798//683 1799//684 1800//684 
f 1800//684 1799//684 1801//685 
f 1800//684 1801//685 1802//685 
f 1802//685 1801//685 1803//686 
f 1802//685 1803//686 1804//686 
f 1804//686 1803//686 1805//687 
f 1804//686 1805//687 1806//687 
f 1806//687 1805//687 1807//688 
f 1806//687 1807//688 1808//688 
f 1808//688 1807//688 1809//689 
f 1808//688 1809//689 1810//689 
f 1810//689 1809//689 1811//690 
f 1810//689 1811//690 1812//690 
f 1812//690 1811//690 1813//691 
f 1812//690 1813//691 1814//691 
f 1814//691 1813//691 1815//692 
f 1814//691 1815//692 1816//692 
f 1816//692 1815//692 1817//693 
f 1816//692 1817//693 1818//693 
f 1818//693 1817//693 1819//694 
f 1818//693 1819//694 1820//694 
f 1820//694 1819//694 1821//695 
f 1820//694 1821//695 1822//695 
f 1822//695 1821//695 1823//696 
f 1822//695 1823//696 1824//696 
f 1824//696 1823//696 1825//697 
f 1824//696 1825//697 1826//697 
f 1826//697 1825//697 1827//698 
f 1826//697 1827//698 1828//698 
f 1828//698 1827//698 1829//699 
f 1828//698 1829//699 1830//699 
f 1830//699 1829//699 1831//700 
f 1830//699 1831//700 1832//700 
f 1832//700 1831//700 1833//701 
f 1832//700 1833//701 1834//701 
f 1834//701 1833//701 1835//702 
f 1834//701 1835//702 1836//702 
f 1836//702 1835//702 1837//703 
f 1836//702 1837//703 1838//703 
f 1838//703 1837//703 1839//704 
f 1838//703 1839//704 1840//704 
f 1840//704 1839//704 1841//705 
f 1840//704 1841//705 1842//705 
f 1842//705 1841//705 1843//706 
f 1842//705 1843//706 1844//706 
f 1844//706 1843//706 1845//707 
f 1844//706 1845//707 1846//707 
f 1846//707 1845//707 1847//708 
f 1846//707 1847//708 1848//708 
f 1848//708 1847//708 1849//709 
f 1848//708 1849//709 1850//709 
f 1850//709 1849//709 1851//710 
f 1850//709 1851//710 1852//710 
f 1852//710 1851//710 1853//711 
f 1852//710 1853//711 1854//711 
f 1854//711 1853//711 1855//712 
f 1854//711 1855//712 1856//712 
f 1856//712 1855//712 1857//713 
f 1856//712 1857//713 1858//713 
f 1858//713 1857//713 1859//714 
f 1858//713 1859//714 1860//714 
f 1860//714 1859//714 1861//715 
f 1860//714 1861//715 1862//715 
f 1862//715 1861//715 1863//716 
f 1862//715 1863//716 1864//716 
f 1864//716 1863//716 1865//717 
f 1864//716 1865//717 1866//717 
s 2
f 1866//718 1865//718 1867//718 
f 1866//718 1867//718 1868//718 
s 4
f 1868//719 1867//719 1869//720 
f 1868//719 1869//720 1870//720 
f 1870//720 1869//720 1871//721 
f 1870//720 1871//721 1872//721 
f 1872//721 1871//721 1873//722 
f 1872//721 1873//722 1874//722 
f 1874//722 1873//722 1875//723 
f 1874//722 1875//723 1876//723 
f 1876//723 1875//723 1877//724 
f 1876//723 1877//724 1878//724 
f 1878//724 1877//724 1879//725 
f 1878//724 1879//725 1880//725 
f 1880//725 1879//725 1881//726 
f 1880//725 1881//726 1882//726 
f 1882//726 1881//726 1883//727 
f 1882//726 1883//727 1884//727 
f 1884//727 1883//727 1885//728 
f 1884//727 1885//728 1886//728 
f 1886//728 1885//728 1887//729 
f 1886//728 1887//729 1888//729 
f 1888//729 1887//729 1889//730 
f 1888//729 1889//730 1890//730 
f 1890//730 1889//730 1891//731 
f 1890//730 1891//731 1892//731 
f 1892//731 1891//731 1893//732 
f 1892//731 1893//732 1894//732 
f 1894//732 1893//732 1895//733 
f 1894//732 1895//733 1896//733 
f 1896//733 1895//733 1897//734 
f 1896//733 1897//734 1898//734 
f 1898//734 1897//734 1899//735 
f 1898//734 1899//735 1900//735 
f 1900//735 1899//735 1901//736 
f 1900//735 1901//736 1902//736 
f 1902//736 1901//736 1903//737 
f 1902//736 1903//737 1904//737 
f 1904//737 1903//737 1905//738 
f 1904//737 1905//738 1906//738 
f 1906//738 1905//738 1907//739 
f 1906//738 1907//739 1908//739 
f 1908//739 1907//739 1909//740 
f 1908//739 1909//740 1910//740 
f 1910//740 1909//740 1911//741 
f 1910//740 1911//741 1912//741 
f 1912//741 1911//741 1913//742 
f 1912//741 1913//742 1914//742 
f 1914//742 1913//742 1915//743 
f 1914//742 1915//743 1916//743 
f 1916//743 1915//743 1917//744 
f 1916//743 1917//744 1918//744 
f 1918//744 1917//744 1919//745 
f 1918//744 1919//745 1920//745 
f 1920//745 1919//745 1921//746 
f 1920//745 1921//746 1922//746 
f 1922//746 1921//746 1923//747 
f 1922//746 1923//747 1924//747 
f 1924//747 1923//747 1925//748 
f 1924//747 1925//748 1926//748 
f 1926//748 1925//748 1927//749 
f 1926//748 1927//749 1928//749 
f 1928//749 1927//749 1929//750 
f 1928//749 1929//750 1930//750 
f 1930//750 1929//750 1931//751 
f 1930//750 1931//751 1932//751 
f 1932//751 1931//751 1933//752 
f 1932//751 1933//752 1934//752 
f 1934//752 1933//752 1935//753 
f 1934//752 1935//753 1936//753 
f 1936//753 1935//753 1937//754 
f 1936//753 1937//754 1938//754 
f 1938//754 1937//754 1939//755 
f 1938//754 1939//755 1940//755 
f 1940//755 1939//755 1941//756 
f 1940//755 1941//756 1942//756 
f 1942//756 1941//756 1943//757 
f 1942//756 1943//757 1944//757 
f 1944//757 1943//757 1945//758 
f 1944//757 1945//758 1946//758 
f 1946//758 1945//758 1947//759 
f 1946//758 1947//759 1948//759 
f 1948//759 1947//759 1949//760 
f 1948//759 1949//760 1950//760 
f 1950//760 1949//760 1951//761 
f 1950//760 1951//761 1952//761 
s 2
f 1952//762 1951//762 1624//762 
f 1952//762 1624//762 1623//762 
s 512
f 1866//23 1868//23 1870//23 
f 1866//23 1870//23 1872//23 
f 1864//23 1866//23 1872//23 
f 1862//23 1864//23 1872//23 
f 1860//23 1862//23 1872//23 
f 1858//23 1860//23 1872//23 
f 1858//23 1872//23 1874//23 
f 1856//23 1858//23 1874//23 
f 1854//23 1856//23 1874//23 
f 1852//23 1854//23 1874//23 
f 1852//23 1874//23 1876//23 
f 1852//23 1876//23 1878//23 
f 1778//23 1780//23 1782//23 
f 1778//23 1782//23 1784//23 
f 1776//23 1778//23 1784//23 
f 1776//23 1784//23 1786//23 
f 1774//23 1776//23 1786//23 
f 1774//23 1786//23 1788//23 
f 1772//23 1774//23 1788//23 
f 1772//23 1788//23 1790//23 
f 1770//23 1772//23 1790//23 
f 1770//23 1790//23 1792//23 
f 1768//23 1770//23 1792//23 
f 1768//23 1792//23 1794//23 
f 1766//23 1768//23 1794//23 
f 1766//23 1794//23 1796//23 
f 1764//23 1766//23 1796//23 
f 1764//23 1796//23 1798//23 
f 1762//23 1764//23 1798//23 
f 1762//23 1798//23 1800//23 
f 1760//23 1762//23 1800//23 
f 1760//23 1800//23 1802//23 
f 1758//23 1760//23 1802//23 
f 1758//23 1802//23 1804//23 
f 1756//23 1758//23 1804//23 
f 1756//23 1804//23 1806//23 
f 1754//23 1756//23 1806//23 
f 1754//23 1806//23 1808//23 
f 1752//23 1754//23 1808//23 
f 1752//23 1808//23 1810//23 
f 1750//23 1752//23 1810//23 
f 1952//23 1623//23 1626//23 
f 1950//23 1952//23 1626//23 
f 1950//23 1626//23 1628//23 
f 1948//23 1950//23 1628//23 
f 1948//23 1628//23 1630//23 
f 1946//23 1948//23 1630//23 
f 1946//23 1630//23 1632//23 
f 1944//23 1946//23 1632//23 
f 1944//23 1632//23 1634//23 
f 1942//23 1944//23 1634//23 
f 1942//23 1634//23 1636//23 
f 1942//23 1636//23 1638//23 
f 1940//23 1942//23 1638//23 
f 1940//23 1638//23 1640//23 
f 1938//23 1940//23 1640//23 
f 1936//23 1938//23 1640//23 
f 1936//23 1640//23 1642//23 
f 1934//23 1936//23 1642//23 
f 1934//23 1642//23 1644//23 
f 1932//23 1934//23 1644//23 
f 1932//23 1644//23 1646//23 
f 1930//23 1932//23 1646//23 
f 1930//23 1646//23 1648//23 
f 1928//23 1930//23 1648//23 
f 1928//23 1648//23 1650//23 
f 1926//23 1928//23 1650//23 
f 1850//23 1852//23 1878//23 
f 1850//23 1878//23 1880//23 
f 1750//23 1810//23 1812//23 
f 1748//23 1750//23 1812//23 
f 1746//23 1748//23 1812//23 
f 1746//23 1812//23 1814//23 
f 1744//23 1746//23 1814//23 
f 1744//23 1814//23 1816//23 
f 1742//23 1744//23 1816//23 
f 1926//23 1650//23 1652//23 
f 1924//23 1926//23 1652//23 
f 1922//23 1924//23 1652//23 
f 1922//23 1652//23 1654//23 
f 1920//23 1922//23 1654//23 
f 1920//23 1654//23 1656//23 
f 1918//23 1920//23 1656//23 
f 1918//23 1656//23 1658//23 
f 1916//23 1918//23 1658//23 
f 1916//23 1658//23 1660//23 
f 1914//23 1916//23 1660//23 
f 1914//23 1660//23 1662//23 
f 1912//23 1914//23 1662//23 
f 1912//23 1662//23 1664//23 
f 1910//23 1912//23 1664//23 
f 1910//23 1664//23 1666//23 
f 1908//23 1910//23 1666//23 
f 1908//23 1666//23 1668//23 
f 1908//23 1668//23 1670//23 
f 1906//23 1908//23 1670//23 
f 1906//23 1670//23 1672//23 
f 1904//23 1906//23 1672//23 
f 1904//23 1672//23 1674//23 
f 1902//23 1904//23 1674//23 
f 1902//23 1674//23 1676//23 
f 1900//23 1902//23 1676//23 
f 1900//23 1676//23 1678//23 
f 1900//23 1678//23 1680//23 
f 1898//23 1900//23 1680//23 
f 1898//23 1680//23 1682//23 
f 1896//23 1898//23 1682//23 
f 1896//23 1682//23 1684//23 
f 1896//23 1684//23 1686//23 
f 1894//23 1896//23 1686//23 
f 1894//23 1686//23 1688//23 
f 1894//23 1688//23 1690//23 
f 1892//23 1894//23 1690//23 
f 1892//23 1690//23 1692//23 
f 1890//23 1892//23 1692//23 
f 1890//23 1692//23 1694//23 
f 1890//23 1694//23 1696//23 
f 1888//23 1890//23 1696//23 
f 1886//23 1888//23 1696//23 
f 1742//23 1816//23 1818//23 
f 1740//23 1742//23 1818//23 
f 1738//23 1740//23 1818//23 
f 1738//23 1818//23 1820//23 
f 1736//23 1738//23 1820//23 
f 1736//23 1820//23 1822//23 
f 1734//23 1736//23 1822//23 
f 1732//23 1734//23 1822//23 
f 1732//23 1822//23 1824//23 
f 1730//23 1732//23 1824//23 
f 1728//23 1730//23 1824//23 
f 1728//23 1824//23 1826//23 
f 1726//23 1728//23 1826//23 
f 1726//23 1826//23 1828//23 
f 1724//23 1726//23 1828//23 
f 1722//23 1724//23 1828//23 
f 1722//23 1828//23 1830//23 
f 1720//23 1722//23 1830//23 
f 1718//23 1720//23 1830//23 
f 1718//23 1830//23 1832//23 
f 1716//23 1718//23 1832//23 
f 1714//23 1716//23 1832//23 
f 1714//23 1832//23 1834//23 
f 1712//23 1714//23 1834//23 
f 1710//23 1712//23 1834//23 
f 1708//23 1710//23 1834//23 
f 1708//23 1834//23 1836//23 
f 1706//23 1708//23 1836//23 
f 1704//23 1706//23 1836//23 
f 1704//23 1836//23 1838//23 
f 1702//23 1704//23 1838//23 
f 1700//23 1702//23 1838//23 
f 1700//23 1838//23 1840//23 
f 1698//23 1700//23 1840//23 
f 1696//23 1698//23 1840//23 
f 1696//23 1840//23 1842//23 
f 1696//23 1842//23 1844//23 
f 1886//23 1696//23 1844//23 
f 1884//23 1886//23 1844//23 
f 1884//23 1844//23 1846//23 
f 1882//23 1884//23 1846//23 
f 1882//23 1846//23 1848//23 
f 1882//23 1848//23 1850//23 
f 1882//23 1850//23 1880//23 
f 1865//24 1869//24 1867//24 
f 1865//24 1871//24 1869//24 
f 1863//24 1871//24 1865//24 
f 1861//24 1871//24 1863//24 
f 1859//24 1871//24 1861//24 
f 1857//24 1871//24 1859//24 
f 1857//24 1873//24 1871//24 
f 1855//24 1873//24 1857//24 
f 1853//24 1873//24 1855//24 
f 1851//24 1873//24 1853//24 
f 1851//24 1875//24 1873//24 
f 1851//24 1877//24 1875//24 
f 1777//24 1781//24 1779//24 
f 1777//24 1783//24 1781//24 
f 1775//24 1783//24 1777//24 
f 1775//24 1785//24 1783//24 
f 1773//24 1785//24 1775//24 
f 1773//24 1787//24 1785//24 
f 1771//24 1787//24 1773//24 
f 1771//24 1789//24 1787//24 
f 1769//24 1789//24 1771//24 
f 1769//24 1791//24 1789//24 
f 1767//24 1791//24 1769//24 
f 1767//24 1793//24 1791//24 
f 1765//24 1793//24 1767//24 
f 1765//24 1795//24 1793//24 
f 1763//24 1795//24 1765//24 
f 1763//24 1797//24 1795//24 
f 1761//24 1797//24 1763//24 
f 1761//24 1799//24 1797//24 
f 1759//24 1799//24 1761//24 
f 1759//24 1801//24 1799//24 
f 1757//24 1801//24 1759//24 
f 1757//24 1803//24 1801//24 
f 1755//24 1803//24 1757//24 
f 1755//24 1805//24 1803//24 
f 1753//24 1805//24 1755//24 
f 1753//24 1807//24 1805//24 
f 1751//24 1807//24 1753//24 
f 1751//24 1809//24 1807//24 
f 1749//24 1809//24 1751//24 
f 1951//24 1625//24 1624//24 
f 1949//24 1625//24 1951//24 
f 1949//24 1627//24 1625//24 
f 1947//24 1627//24 1949//24 
f 1947//24 1629//24 1627//24 
f 1945//24 1629//24 1947//24 
f 1945//24 1631//24 1629//24 
f 1943//24 1631//24 1945//24 
f 1943//24 1633//24 1631//24 
f 1941//24 1633//24 1943//24 
f 1941//24 1635//24 1633//24 
f 1941//24 1637//24 1635//24 
f 1939//24 1637//24 1941//24 
f 1939//24 1639//24 1637//24 
f 1937//24 1639//24 1939//24 
f 1935//24 1639//24 1937//24 
f 1935//24 1641//24 1639//24 
f 1933//24 1641//24 1935//24 
f 1933//24 1643//24 1641//24 
f 1931//24 1643//24 1933//24 
f 1931//24 1645//24 1643//24 
f 1929//24 1645//24 1931//24 
f 1929//24 1647//24 1645//24 
f 1927//24 1647//24 1929//24 
f 1927//24 1649//24 1647//24 
f 1925//24 1649//24 1927//24 
f 1849//24 1877//24 1851//24 
f 1849//24 1879//24 1877//24 
f 1749//24 1811//24 1809//24 
f 1747//24 1811//24 1749//24 
f 1745//24 1811//24 1747//24 
f 1745//24 1813//24 1811//24 
f 1743//24 1813//24 1745//24 
f 1743//24 1815//24 1813//24 
f 1741//24 1815//24 1743//24 
f 1925//24 1651//24 1649//24 
f 1923//24 1651//24 1925//24 
f 1921//24 1651//24 1923//24 
f 1921//24 1653//24 1651//24 
f 1919//24 1653//24 1921//24 
f 1919//24 1655//24 1653//24 
f 1917//24 1655//24 1919//24 
f 1917//24 1657//24 1655//24 
f 1915//24 1657//24 1917//24 
f 1915//24 1659//24 1657//24 
f 1913//24 1659//24 1915//24 
f 1913//24 1661//24 1659//24 
f 1911//24 1661//24 1913//24 
f 1911//24 1663//24 1661//24 
f 1909//24 1663//24 1911//24 
f 1909//24 1665//24 1663//24 
f 1907//24 1665//24 1909//24 
f 1907//24 1667//24 1665//24 
f 1907//24 1669//24 1667//24 
f 1905//24 1669//24 1907//24 
f 1905//24 1671//24 1669//24 
f 1903//24 1671//24 1905//24 
f 1903//24 1673//24 1671//24 
f 1901//24 1673//24 1903//24 
f 1901//24 1675//24 1673//24 
f 1899//24 1675//24 1901//24 
f 1899//24 1677//24 1675//24 
f 1899//24 1679//24 1677//24 
f 1897//24 1679//24 1899//24 
f 1897//24 1681//24 1679//24 
f 1895//24 1681//24 1897//24 
f 1895//24 1683//24 1681//24 
f 1895//24 1685//24 1683//24 
f 1893//24 1685//24 1895//24 
f 1893//24 1687//24 1685//24 
f 1893//24 1689//24 1687//24 
f 1891//24 1689//24 1893//24 
f 1891//24 1691//24 1689//24 
f 1889//24 1691//24 1891//24 
f 1889//24 1693//24 1691//24 
f 1889//24 1695//24 1693//24 
f 1887//24 1695//24 1889//24 
f 1885//24 1695//24 1887//24 
f 1741//24 1817//24 1815//24 
f 1739//24 1817//24 1741//24 
f 1737//24 1817//24 1739//24 
f 1737//24 1819//24 1817//24 
f 1735//24 1819//24 1737//24 
f 1735//24 1821//24 1819//24 
f 1733//24 1821//24 1735//24 
f 1731//24 1821//24 1733//24 
f 1731//24 1823//24 1821//24 
f 1729//24 1823//24 1731//24 
f 1727//24 1823//24 1729//24 
f 1727//24 1825//24 1823//24 
f 1725//24 1825//24 1727//24 
f 1725//24 1827//24 1825//24 
f 1723//24 1827//24 1725//24 
f 1721//24 1827//24 1723//24 
f 1721//24 1829//24 1827//24 
f 1719//24 1829//24 1721//24 
f 1717//24 1829//24 1719//24 
f 1717//24 1831//24 1829//24 
f 1715//24 1831//24 1717//24 
f 1713//24 1831//24 1715//24 
f 1713//24 1833//24 1831//24 
f 1711//24 1833//24 1713//24 
f 1709//24 1833//24 1711//24 
f 1707//24 1833//24 1709//24 
f 1707//24 1835//24 1833//24 
f 1705//24 1835//24 1707//24 
f 1703//24 1835//24 1705//24 
f 1703//24 1837//24 1835//24 
f 1701//24 1837//24 1703//24 
f 1699//24 1837//24 1701//24 
f 1699//24 1839//24 1837//24 
f 1697//24 1839//24 1699//24 
f 1695//24 1839//24 1697//24 
f 1695//24 1841//24 1839//24 
f 1695//24 1843//24 1841//24 
f 1885//24 1843//24 1695//24 
f 1883//24 1843//24 1885//24 
f 1883//24 1845//24 1843//24 
f 1881//24 1845//24 1883//24 
f 1881//24 1847//24 1845//24 
f 1881//24 1849//24 1847//24 
f 1881//24 1879//24 1849//24 
s 1
f 1953//1 1954//1 1955//1 
f 1953//1 1955//1 1956//1 
s 4
f 1956//763 1955//763 1957//763 
f 1956//763 1957//763 1958//763 
s 2
f 1958//25 1957//25 1959//25 
f 1958//25 1959//25 1960//25 
s 4
f 1960//7 1959//7 1961//7 
f 1960//7 1961//7 1962//7 
s 2
f 1962//26 1961//26 1963//26 
f 1962//26 1963//26 1964//26 
s 4
f 1964//764 1963//764 1954//764 
f 1964//764 1954//764 1953//764 
s 1
f 1965//1 1966//1 1967//1 
f 1965//1 1967//1 1968//1 
s 4
f 1968//25 1967//25 1969//25 
f 1968//25 1969//25 1970//25 
s 2
f 1970//7 1969//7 1971//7 
f 1970//7 1971//7 1972//7 
s 4
f 1972//26 1971//26 1966//26 
f 1972//26 1966//26 1965//26 
s 512
f 1960//23 1962//23 1964//23 
f 1958//23 1960//23 1964//23 
f 1958//23 1964//23 1953//23 
f 1956//23 1958//23 1953//23 
f 1970//23 1972//23 1965//23 
f 1968//23 1970//23 1965//23 
f 1959//24 1963//24 1961//24 
f 1957//24 1963//24 1959//24 
f 1957//24 1954//24 1963//24 
f 1955//24 1954//24 1957//24 
f 1969//24 1966//24 1971//24 
f 1967//24 1966//24 1969//24 
s 1
f 1973//1 1974//1 1975//1 
f 1973//1 1975//1 1976//1 
s 4
f 1976//763 1975//763 1977//763 
f 1976//763 1977//763 1978//763 
s 2
f 1978//25 1977//25 1979//25 
f 1978//25 1979//25 1980//25 
s 4
f 1980//7 1979//7 1981//7 
f 1980//7 1981//7 1982//7 
s 2
f 1982//26 1981//26 1983//26 
f 1982//26 1983//26 1984//26 
s 4
f 1984//764 1983//764 1974//764 
f 1984//764 1974//764 1973//764 
s 1
f 1985//1 1986//1 1987//1 
f 1985//1 1987//1 1988//1 
s 4
f 1988//25 1987//25 1989//25 
f 1988//25 1989//25 1990//25 
s 2
f 1990//7 1989//7 1991//7 
f 1990//7 1991//7 1992//7 
s 4
f 1992//26 1991//26 1986//26 
f 1992//26 1986//26 1985//26 
s 512
f 1980//23 1982//23 1984//23 
f 1978//23 1980//23 1984//23 
f 1978//23 1984//23 1973//23 
f 1976//23 1978//23 1973//23 
f 1990//23 1992//23 1985//23 
f 1988//23 1990//23 1985//23 
f 1979//24 1983//24 1981//24 
f 1977//24 1983//24 1979//24 
f 1977//24 1974//24 1983//24 
f 1975//24 1974//24 1977//24 
f 1989//24 1986//24 1991//24 
f 1987//24 1986//24 1989//24 
# 3924 faces

